$MeshFormat
4.1 0 8
$EndMeshFormat
$PhysicalNames
125
1 1 "0"
1 2 "1"
1 3 "2"
1 4 "3"
1 5 "4"
1 6 "5"
1 7 "6"
1 8 "7"
1 9 "8"
1 10 "9"
1 11 "10"
1 12 "11"
1 13 "12"
1 14 "13"
1 15 "14"
1 16 "15"
1 17 "16"
1 18 "17"
1 19 "18"
1 20 "19"
1 21 "20"
1 22 "21"
1 23 "22"
1 24 "23"
1 25 "24"
1 26 "25"
1 27 "26"
1 28 "27"
1 29 "28"
1 30 "29"
1 31 "30"
1 32 "31"
1 33 "32"
1 34 "33"
1 35 "34"
1 36 "35"
1 37 "36"
1 38 "37"
1 39 "38"
1 40 "39"
1 41 "40"
1 42 "41"
1 43 "42"
1 44 "43"
1 45 "44"
1 46 "45"
1 47 "46"
1 48 "47"
1 49 "48"
1 50 "49"
1 51 "50"
1 52 "51"
1 53 "52"
1 54 "53"
1 55 "54"
1 56 "55"
1 57 "56"
1 58 "57"
1 59 "58"
1 60 "59"
1 61 "60"
1 62 "61"
1 63 "62"
1 64 "63"
1 65 "64"
1 66 "65"
1 67 "66"
1 68 "67"
1 69 "68"
1 70 "69"
1 71 "70"
1 72 "71"
1 73 "72"
1 74 "73"
1 75 "74"
1 76 "75"
1 77 "76"
1 78 "77"
1 79 "78"
1 80 "79"
1 81 "80"
1 82 "81"
1 83 "82"
1 84 "83"
1 85 "84"
1 86 "85"
1 87 "86"
1 88 "87"
1 89 "88"
1 90 "89"
1 91 "90"
1 92 "91"
1 93 "92"
1 94 "93"
1 95 "94"
1 96 "95"
1 97 "96"
1 98 "97"
1 99 "98"
1 100 "99"
1 101 "100"
1 102 "101"
1 103 "102"
1 104 "103"
1 105 "104"
1 106 "105"
1 107 "106"
1 108 "107"
1 109 "108"
1 110 "109"
1 111 "110"
1 112 "111"
1 113 "112"
1 114 "113"
1 115 "114"
1 116 "115"
1 117 "116"
1 118 "117"
1 119 "118"
1 120 "119"
1 121 "120"
1 122 "121"
1 123 "122"
1 124 "123"
2 125 "interior"
$EndPhysicalNames
$Entities
0 124 1 0
1 0.972887675772815 -0.002105995825145198 0.0 1.0 1.665334536937735e-17 0.0 1 1 0
2 0.9256864749860431 -0.005657801718937697 0.0 0.972887675772815 -0.002105995825145198 0.0 1 2 0
3 0.8678344433106719 -0.009853072781299472 0.0 0.9256864749860431 -0.005657801718937697 0.0 1 3 0
4 0.8032260179800186 -0.01438154036632723 0.0 0.8678344433106719 -0.009853072781299472 0.0 1 4 0
5 0.734375 -0.01905832555367361 0.0 0.8032260179800186 -0.01438154036632723 0.0 1 5 0
6 0.6631506271343227 -0.0237311717623248 0.0 0.734375 -0.01905832555367361 0.0 1 6 0
7 0.591050984993239 -0.02823620216398364 0.0 0.6631506271343227 -0.0237311717623248 0.0 1 7 0
8 0.5193337956544063 -0.03237945064460525 0.0 0.591050984993239 -0.02823620216398364 0.0 1 8 0
9 0.4490887520434894 -0.03593658968847685 0.0 0.5193337956544063 -0.03237945064460525 0.0 1 9 0
10 0.3812815664617709 -0.03868975014630735 0.0 0.4490887520434894 -0.03593658968847685 0.0 1 10 0
11 0.3167827143763119 -0.04080678992772714 0.0 0.3812815664617709 -0.03868975014630735 0.0 1 11 0
12 0.256387197528176 -0.04213478753865708 0.0 0.3167827143763119 -0.04080678992772714 0.0 1 12 0
13 0.2008287006999061 -0.04237959474171062 0.0 0.256387197528176 -0.04213478753865708 0.0 1 13 0
14 0.1507900730679135 -0.04237959474171062 0.0 0.2008287006999061 -0.04129423679778089 0.0 1 14 0
15 0.1069113023472976 -0.04129423679778089 0.0 0.1507900730679135 -0.03869113711278765 0.0 1 15 0
16 0.06979572136008738 -0.03869113711278765 0.0 0.1069113023472976 -0.03444423779714773 0.0 1 16 0
17 0.04001493338437823 -0.03444423779714773 0.0 0.06979572136008738 -0.02848115893117555 0.0 1 17 0
18 0.01811278651771819 -0.02848115893117555 0.0 0.04001493338437823 -0.02076695020315461 0.0 1 18 0
19 0.00460862753638458 -0.02076695020315461 0.0 0.01811278651771819 -0.01128228350102692 0.0 1 19 0
20 0.0 -0.01128228350102692 0.0 0.00460862753638458 0.0 0.0 1 20 0
21 0.0 0.0 0.0 0.00460862753638458 0.01219869914636156 0.0 1 21 0
22 0.00460862753638458 0.01219869914636156 0.0 0.01811278651771819 0.02430748924783914 0.0 1 22 0
23 0.01811278651771819 0.02430748924783914 0.0 0.04001493338437823 0.03608384688461214 0.0 1 23 0
24 0.04001493338437823 0.03608384688461214 0.0 0.06979572136008738 0.04718552138912147 0.0 1 24 0
25 0.06979572136008738 0.04718552138912147 0.0 0.1069113023472976 0.05721589093984835 0.0 1 25 0
26 0.1069113023472976 0.05721589093984835 0.0 0.1507900730679135 0.06576783987740692 0.0 1 26 0
27 0.1507900730679135 0.06576783987740692 0.0 0.2008287006999061 0.07246229312548873 0.0 1 27 0
28 0.2008287006999061 0.07246229312548873 0.0 0.256387197528176 0.0769786282802043 0.0 1 28 0
29 0.256387197528176 0.0769786282802043 0.0 0.3167827143763119 0.07907551077108352 0.0 1 29 0
30 0.3167827143763119 0.07860215520777608 0.0 0.3812815664617709 0.07907551077108352 0.0 1 30 0
31 0.3812815664617709 0.07566884462434494 0.0 0.4490887520434894 0.07860215520777608 0.0 1 31 0
32 0.4490887520434894 0.0707971667795733 0.0 0.5193337956544063 0.07566884462434494 0.0 1 32 0
33 0.5193337956544063 0.06418059340099622 0.0 0.591050984993239 0.0707971667795733 0.0 1 33 0
34 0.591050984993239 0.05603692147774843 0.0 0.6631506271343227 0.06418059340099622 0.0 1 34 0
35 0.6631506271343227 0.04663536548422917 0.0 0.734375 0.05603692147774843 0.0 1 35 0
36 0.734375 0.03631584908010253 0.0 0.8032260179800186 0.04663536548422917 0.0 1 36 0
37 0.8032260179800186 0.02553428763154321 0.0 0.8678344433106719 0.03631584908010253 0.0 1 37 0
38 0.8678344433106719 0.01495266060968752 0.0 0.9256864749860431 0.02553428763154321 0.0 1 38 0
39 0.9256864749860431 0.005639297041547644 0.0 0.972887675772815 0.01495266060968752 0.0 1 39 0
40 0.972887675772815 1.665334536937735e-17 0.0 1.0 0.005639297041547644 0.0 1 40 0
41 -0.03068164205336799 0.01170538482616516 0.0 -0.02616959114220163 0.01471528727020921 0.0 1 41 0
42 -0.03850665188881255 0.006422100573159659 0.0 -0.03068164205336799 0.01170538482616516 0.0 1 42 0
43 -0.04803718578453786 -0.0001392742893912557 0.0 -0.03850665188881255 0.006422100573159659 0.0 1 43 0
44 -0.05859308279096326 -0.007592161442860332 0.0 -0.04803718578453786 -0.0001392742893912557 0.0 1 44 0
45 -0.06973400074440127 -0.01568889900888319 0.0 -0.05859308279096326 -0.007592161442860332 0.0 1 45 0
46 -0.0811421718979206 -0.02423152304396914 0.0 -0.06973400074440127 -0.01568889900888319 0.0 1 46 0
47 -0.09257993509590919 -0.03303708234243345 0.0 -0.0811421718979206 -0.02423152304396914 0.0 1 47 0
48 -0.1038682511868235 -0.04192271700646719 0.0 -0.09257993509590919 -0.03303708234243345 0.0 1 48 0
49 -0.1148723590019061 -0.05070092160272506 0.0 -0.1038682511868235 -0.04192271700646719 0.0 1 49 0
50 -0.1254789655868657 -0.05919676163462369 0.0 -0.1148723590019061 -0.05070092160272506 0.0 1 50 0
51 -0.1354210958585991 -0.06748799150220378 0.0 -0.1254789655868657 -0.05919676163462369 0.0 1 51 0
52 -0.144603448242418 -0.07543350731180154 0.0 -0.1354210958585991 -0.06748799150220378 0.0 1 52 0
53 -0.1530216091634212 -0.08278378422499094 0.0 -0.144603448242418 -0.07543350731180154 0.0 1 53 0
54 -0.1606762794252697 -0.08929971914871875 0.0 -0.1530216091634212 -0.08278378422499094 0.0 1 54 0
55 -0.1675664873101098 -0.0947595429336758 0.0 -0.1606762794252697 -0.08929971914871875 0.0 1 55 0
56 -0.1736850940522318 -0.09896307505882876 0.0 -0.1675664873101098 -0.0947595429336758 0.0 1 56 0
57 -0.1790164651769609 -0.1017333318873088 0.0 -0.1736850940522318 -0.09896307505882876 0.0 1 57 0
58 -0.1835359432946493 -0.1029158937763976 0.0 -0.1790164651769609 -0.1017333318873088 0.0 1 58 0
59 -0.1872105307096495 -0.1029158937763976 0.0 -0.1835359432946493 -0.1023767956247783 0.0 1 59 0
60 -0.19 -0.1023767956247783 0.0 -0.1872105307096495 -0.1 0.0 1 60 0
61 -0.1916999101592861 -0.1 0.0 -0.19 -0.09596529731227077 0.0 1 61 0
62 -0.1921538220782566 -0.09596529731227077 0.0 -0.1916999101592861 -0.09060828736924367 0.0 1 62 0
63 -0.1921538220782566 -0.09060828736924367 0.0 -0.1913607871598956 -0.0841038130527977 0.0 1 63 0
64 -0.1913607871598956 -0.0841038130527977 0.0 -0.1892920628436499 -0.07667401368807858 0.0 1 64 0
65 -0.1892920628436499 -0.07667401368807858 0.0 -0.18590315776726 -0.06857206357000964 0.0 1 65 0
66 -0.18590315776726 -0.06857206357000964 0.0 -0.1811457075611687 -0.06006634615728378 0.0 1 66 0
67 -0.1811457075611687 -0.06006634615728378 0.0 -0.1749784760923194 -0.0514261284861831 0.0 1 67 0
68 -0.1749784760923194 -0.0514261284861831 0.0 -0.1673769977647456 -0.04290950795504653 0.0 1 68 0
69 -0.1673769977647456 -0.04290950795504653 0.0 -0.1583416501307285 -0.03475404760503764 0.0 1 69 0
70 -0.1583416501307285 -0.03475404760503764 0.0 -0.1479042566154722 -0.02717012695150756 0.0 1 70 0
71 -0.1479042566154722 -0.02717012695150756 0.0 -0.1362104414320925 -0.02022698171235547 0.0 1 71 0
72 -0.1362104414320925 -0.02022698171235547 0.0 -0.123594810032462 -0.01375027131118751 0.0 1 72 0
73 -0.123594810032462 -0.01375027131118751 0.0 -0.110249300515624 -0.007802613337869746 0.0 1 73 0
74 -0.110249300515624 -0.007802613337869746 0.0 -0.09639320478297364 -0.002450790828422172 0.0 1 74 0
75 -0.09639320478297364 -0.002450790828422172 0.0 -0.08229411847649025 0.002248808094645963 0.0 1 75 0
76 -0.08229411847649025 0.002248808094645963 0.0 -0.06828602544795803 0.006250795292192371 0.0 1 76 0
77 -0.06828602544795803 0.006250795292192371 0.0 -0.05480297114369401 0.009523268585332548 0.0 1 77 0
78 -0.05480297114369401 0.009523268585332548 0.0 -0.04244721040014598 0.01204980135657122 0.0 1 78 0
79 -0.04244721040014598 0.01204980135657122 0.0 -0.03216248121369228 0.01382024232128795 0.0 1 79 0
80 -0.03216248121369228 0.01382024232128795 0.0 -0.02616959114220163 0.01471528727020921 0.0 1 80 0
81 1.260295775050794 -0.1256545654351749 0.0 1.266576946759163 -0.1230862755053529 0.0 1 81 0
82 1.249360266035005 -0.1230862755053529 0.0 1.260295775050794 -0.1186156612619175 0.0 1 82 0
83 1.23595129778182 -0.1186156612619175 0.0 1.249360266035005 -0.1131488942430532 0.0 1 83 0
84 1.220962201910045 -0.1131488942430532 0.0 1.23595129778182 -0.1070739744966599 0.0 1 84 0
85 1.204968061459585 -0.1070739744966599 0.0 1.220962201910045 -0.1006446724437781 0.0 1 85 0
86 1.188400479767964 -0.1006446724437781 0.0 1.204968061459585 -0.09404116007911416 0.0 1 86 0
87 1.171613556360786 -0.09404116007911416 0.0 1.188400479767964 -0.0873902616551304 0.0 1 87 0
88 1.154914897448335 -0.0873902616551304 0.0 1.171613556360786 -0.08077631951791278 0.0 1 88 0
89 1.138581287601827 -0.08077631951791278 0.0 1.154914897448335 -0.0742503755204601 0.0 1 89 0
90 1.12286127519092 -0.0742503755204601 0.0 1.138581287601827 -0.06785068345800167 0.0 1 90 0
91 1.107902605040116 -0.06785068345800167 0.0 1.12286127519092 -0.06177533363898816 0.0 1 91 0
92 1.093907291639562 -0.06177533363898816 0.0 1.107902605040116 -0.05606138818583208 0.0 1 92 0
93 1.081098047153322 -0.05606138818583208 0.0 1.093907291639562 -0.05066525084491623 0.0 1 93 0
94 1.069681554014265 -0.05066525084491623 0.0 1.081098047153322 -0.04554762940917599 0.0 1 94 0
95 1.059847726668363 -0.04554762940917599 0.0 1.069681554014265 -0.04067983602108155 0.0 1 95 0
96 1.051769928265241 -0.04067983602108155 0.0 1.059847726668363 -0.03604699397616667 0.0 1 96 0
97 1.045606227852997 -0.03604699397616667 0.0 1.051769928265241 -0.03164825525225959 0.0 1 97 0
98 1.041501563785389 -0.03164825525225959 0.0 1.045606227852997 -0.0274945121040277 0.0 1 98 0
99 1.03959048661671 -0.0274945121040277 0.0 1.041501563785389 -0.02360443972769589 0.0 1 99 0
100 1.03959048661671 -0.02360443972769589 0.0 1.04 -0.02 0.0 1 100 0
101 1.04 -0.02 0.0 1.04269157788871 -0.0169541280337582 0.0 1 101 0
102 1.04269157788871 -0.0169541280337582 0.0 1.047454464175926 -0.01472847601941907 0.0 1 102 0
103 1.047454464175926 -0.01472847601941907 0.0 1.05413321239273 -0.01336207789572366 0.0 1 103 0
104 1.05413321239273 -0.01336207789572366 0.0 1.062550624181995 -0.01292771697477845 0.0 1 104 0
105 1.062550624181995 -0.01351693403494204 0.0 1.072513995882213 -0.01292771697477845 0.0 1 105 0
106 1.072513995882213 -0.01522538135072674 0.0 1.083821050496395 -0.01351693403494204 0.0 1 106 0
107 1.083821050496395 -0.01813959545365606 0.0 1.096265009348778 -0.01522538135072674 0.0 1 107 0
108 1.096265009348778 -0.02232594559296691 0.0 1.109638386871864 -0.01813959545365606 0.0 1 108 0
109 1.109638386871864 -0.02782212656048774 0.0 1.123735245519743 -0.02232594559296691 0.0 1 109 0
110 1.123735245519743 -0.03463113121463557 0.0 1.138351806802482 -0.02782212656048774 0.0 1 110 0
111 1.138351806802482 -0.04264135233504832 0.0 1.153320817179983 -0.03463113121463557 0.0 1 111 0
112 1.153320817179983 -0.05155451582677706 0.0 1.168541248294614 -0.04264135233504832 0.0 1 112 0
113 1.168541248294614 -0.06121586744465685 0.0 1.183818876828698 -0.05155451582677706 0.0 1 113 0
114 1.183818876828698 -0.07144914631019418 0.0 1.198935308801555 -0.06121586744465685 0.0 1 114 0
115 1.198935308801555 -0.0820388275228934 0.0 1.213644109432638 -0.07144914631019418 0.0 1 115 0
116 1.213644109432638 -0.09271539985986955 0.0 1.227657715223371 -0.0820388275228934 0.0 1 116 0
117 1.227657715223371 -0.1031264441477933 0.0 1.240624843014716 -0.09271539985986955 0.0 1 117 0
118 1.240624843014716 -0.1127783417297742 0.0 1.252082252835941 -0.1031264441477933 0.0 1 118 0
119 1.252082252835941 -0.1208926444934894 0.0 1.261318681990792 -0.1127783417297742 0.0 1 119 0
120 1.261318681990792 -0.1256545654351749 0.0 1.266576946759163 -0.1208926444934894 0.0 1 120 0
121 -100.0 -100.0 0.0 100.0 -100.0 0.0 1 121 0
122 100.0 -100.0 0.0 100.0 100.0 0.0 1 122 0
123 -100.0 100.0 0.0 100.0 100.0 0.0 1 123 0
124 -100.0 -100.0 0.0 -100.0 100.0 0.0 1 124 0
1 -100.0 -100.0 0.0 100.0 100.0 0.0 1 125 124 1 2 3 4 5 6 7 8 9 10 11 12 13 14 15 16 17 18 19 20 21 22 23 24 25 26 27 28 29 30 31 32 33 34 35 36 37 38 39 40 41 42 43 44 45 46 47 48 49 50 51 52 53 54 55 56 57 58 59 60 61 62 63 64 65 66 67 68 69 70 71 72 73 74 75 76 77 78 79 80 81 82 83 84 85 86 87 88 89 90 91 92 93 94 95 96 97 98 99 100 101 102 103 104 105 106 107 108 109 110 111 112 113 114 115 116 117 118 119 120 121 122 123 124
$EndEntities
$Nodes
1 1394 1 1394
2 1 0 1394
1
2
3
4
5
6
7
8
9
10
11
12
13
14
15
16
17
18
19
20
21
22
23
24
25
26
27
28
29
30
31
32
33
34
35
36
37
38
39
40
41
42
43
44
45
46
47
48
49
50
51
52
53
54
55
56
57
58
59
60
61
62
63
64
65
66
67
68
69
70
71
72
73
74
75
76
77
78
79
80
81
82
83
84
85
86
87
88
89
90
91
92
93
94
95
96
97
98
99
100
101
102
103
104
105
106
107
108
109
110
111
112
113
114
115
116
117
118
119
120
121
122
123
124
125
126
127
128
129
130
131
132
133
134
135
136
137
138
139
140
141
142
143
144
145
146
147
148
149
150
151
152
153
154
155
156
157
158
159
160
161
162
163
164
165
166
167
168
169
170
171
172
173
174
175
176
177
178
179
180
181
182
183
184
185
186
187
188
189
190
191
192
193
194
195
196
197
198
199
200
201
202
203
204
205
206
207
208
209
210
211
212
213
214
215
216
217
218
219
220
221
222
223
224
225
226
227
228
229
230
231
232
233
234
235
236
237
238
239
240
241
242
243
244
245
246
247
248
249
250
251
252
253
254
255
256
257
258
259
260
261
262
263
264
265
266
267
268
269
270
271
272
273
274
275
276
277
278
279
280
281
282
283
284
285
286
287
288
289
290
291
292
293
294
295
296
297
298
299
300
301
302
303
304
305
306
307
308
309
310
311
312
313
314
315
316
317
318
319
320
321
322
323
324
325
326
327
328
329
330
331
332
333
334
335
336
337
338
339
340
341
342
343
344
345
346
347
348
349
350
351
352
353
354
355
356
357
358
359
360
361
362
363
364
365
366
367
368
369
370
371
372
373
374
375
376
377
378
379
380
381
382
383
384
385
386
387
388
389
390
391
392
393
394
395
396
397
398
399
400
401
402
403
404
405
406
407
408
409
410
411
412
413
414
415
416
417
418
419
420
421
422
423
424
425
426
427
428
429
430
431
432
433
434
435
436
437
438
439
440
441
442
443
444
445
446
447
448
449
450
451
452
453
454
455
456
457
458
459
460
461
462
463
464
465
466
467
468
469
470
471
472
473
474
475
476
477
478
479
480
481
482
483
484
485
486
487
488
489
490
491
492
493
494
495
496
497
498
499
500
501
502
503
504
505
506
507
508
509
510
511
512
513
514
515
516
517
518
519
520
521
522
523
524
525
526
527
528
529
530
531
532
533
534
535
536
537
538
539
540
541
542
543
544
545
546
547
548
549
550
551
552
553
554
555
556
557
558
559
560
561
562
563
564
565
566
567
568
569
570
571
572
573
574
575
576
577
578
579
580
581
582
583
584
585
586
587
588
589
590
591
592
593
594
595
596
597
598
599
600
601
602
603
604
605
606
607
608
609
610
611
612
613
614
615
616
617
618
619
620
621
622
623
624
625
626
627
628
629
630
631
632
633
634
635
636
637
638
639
640
641
642
643
644
645
646
647
648
649
650
651
652
653
654
655
656
657
658
659
660
661
662
663
664
665
666
667
668
669
670
671
672
673
674
675
676
677
678
679
680
681
682
683
684
685
686
687
688
689
690
691
692
693
694
695
696
697
698
699
700
701
702
703
704
705
706
707
708
709
710
711
712
713
714
715
716
717
718
719
720
721
722
723
724
725
726
727
728
729
730
731
732
733
734
735
736
737
738
739
740
741
742
743
744
745
746
747
748
749
750
751
752
753
754
755
756
757
758
759
760
761
762
763
764
765
766
767
768
769
770
771
772
773
774
775
776
777
778
779
780
781
782
783
784
785
786
787
788
789
790
791
792
793
794
795
796
797
798
799
800
801
802
803
804
805
806
807
808
809
810
811
812
813
814
815
816
817
818
819
820
821
822
823
824
825
826
827
828
829
830
831
832
833
834
835
836
837
838
839
840
841
842
843
844
845
846
847
848
849
850
851
852
853
854
855
856
857
858
859
860
861
862
863
864
865
866
867
868
869
870
871
872
873
874
875
876
877
878
879
880
881
882
883
884
885
886
887
888
889
890
891
892
893
894
895
896
897
898
899
900
901
902
903
904
905
906
907
908
909
910
911
912
913
914
915
916
917
918
919
920
921
922
923
924
925
926
927
928
929
930
931
932
933
934
935
936
937
938
939
940
941
942
943
944
945
946
947
948
949
950
951
952
953
954
955
956
957
958
959
960
961
962
963
964
965
966
967
968
969
970
971
972
973
974
975
976
977
978
979
980
981
982
983
984
985
986
987
988
989
990
991
992
993
994
995
996
997
998
999
1000
1001
1002
1003
1004
1005
1006
1007
1008
1009
1010
1011
1012
1013
1014
1015
1016
1017
1018
1019
1020
1021
1022
1023
1024
1025
1026
1027
1028
1029
1030
1031
1032
1033
1034
1035
1036
1037
1038
1039
1040
1041
1042
1043
1044
1045
1046
1047
1048
1049
1050
1051
1052
1053
1054
1055
1056
1057
1058
1059
1060
1061
1062
1063
1064
1065
1066
1067
1068
1069
1070
1071
1072
1073
1074
1075
1076
1077
1078
1079
1080
1081
1082
1083
1084
1085
1086
1087
1088
1089
1090
1091
1092
1093
1094
1095
1096
1097
1098
1099
1100
1101
1102
1103
1104
1105
1106
1107
1108
1109
1110
1111
1112
1113
1114
1115
1116
1117
1118
1119
1120
1121
1122
1123
1124
1125
1126
1127
1128
1129
1130
1131
1132
1133
1134
1135
1136
1137
1138
1139
1140
1141
1142
1143
1144
1145
1146
1147
1148
1149
1150
1151
1152
1153
1154
1155
1156
1157
1158
1159
1160
1161
1162
1163
1164
1165
1166
1167
1168
1169
1170
1171
1172
1173
1174
1175
1176
1177
1178
1179
1180
1181
1182
1183
1184
1185
1186
1187
1188
1189
1190
1191
1192
1193
1194
1195
1196
1197
1198
1199
1200
1201
1202
1203
1204
1205
1206
1207
1208
1209
1210
1211
1212
1213
1214
1215
1216
1217
1218
1219
1220
1221
1222
1223
1224
1225
1226
1227
1228
1229
1230
1231
1232
1233
1234
1235
1236
1237
1238
1239
1240
1241
1242
1243
1244
1245
1246
1247
1248
1249
1250
1251
1252
1253
1254
1255
1256
1257
1258
1259
1260
1261
1262
1263
1264
1265
1266
1267
1268
1269
1270
1271
1272
1273
1274
1275
1276
1277
1278
1279
1280
1281
1282
1283
1284
1285
1286
1287
1288
1289
1290
1291
1292
1293
1294
1295
1296
1297
1298
1299
1300
1301
1302
1303
1304
1305
1306
1307
1308
1309
1310
1311
1312
1313
1314
1315
1316
1317
1318
1319
1320
1321
1322
1323
1324
1325
1326
1327
1328
1329
1330
1331
1332
1333
1334
1335
1336
1337
1338
1339
1340
1341
1342
1343
1344
1345
1346
1347
1348
1349
1350
1351
1352
1353
1354
1355
1356
1357
1358
1359
1360
1361
1362
1363
1364
1365
1366
1367
1368
1369
1370
1371
1372
1373
1374
1375
1376
1377
1378
1379
1380
1381
1382
1383
1384
1385
1386
1387
1388
1389
1390
1391
1392
1393
1394
1.0 1.665334536937735e-17 0
0.997515 -0.0001952889412018759 0
0.9930137850018769 -0.0005478231321445106 0
0.9872434458022552 -0.0009975364308482913 0
0.98048 -0.001521567382850105 0
0.972887675772815 -0.002105995825145198 0
0.9645803783193553 -0.002741006874448285 0
0.9556439792700022 -0.003419133493740432 0
0.9461467475448325 -0.004134429190407815 0
0.936145 -0.004882014624471229 0
0.9256864749860431 -0.005657801718937697 0
0.9148124922597216 -0.006458312031712103 0
0.9035594110345649 -0.007280549478108371 0
0.8919596560307215 -0.008121906471881863 0
0.8800424641800274 -0.00898009173063128 0
0.8678344433106719 -0.009853072781299472 0
0.8553599999999999 -0.01073902885729263 0
0.842641673798302 -0.01163631142536586 0
0.8297004028190319 -0.01254341051824579 0
0.8165557379610908 -0.01345892563700129 0
0.8032260179800186 -0.01438154036632723 0
0.7897285142369513 -0.01531000009609484 0
0.7760795516260295 -0.01624309241079004 0
0.762294610547005 -0.01717962982337738 0
0.7483884136213119 -0.01811843460954793 0
0.734375 -0.01905832555367361 0
0.7202677894842998 -0.01999810645658587 0
0.7060796382095994 -0.02093655628253195 0
0.6918228872871965 -0.0218724208417438 0
0.6775094055247503 -0.02280440591832891 0
0.6631506271343227 -0.0237311717623248 0
0.6487575851708679 -0.02465132887090644 0
0.6343409413128126 -0.02556343498775548 0
0.6199110124918114 -0.0264659932520988 0
0.6054777947947669 -0.02735745143035058 0
0.591050984993239 -0.02823620216398364 0
0.57664 -0.02910058416745401 0
0.5622539945070886 -0.02994888430989514 0
0.5479018770222552 -0.03077934051402555 0
0.5335923244896156 -0.0315901454053741 0
0.5193337956544063 -0.03237945064460525 0
0.5051345433100023 -0.03314537187547793 0
0.4910026255470466 -0.03388599422083929 0
0.4769459161090508 -0.03459937825907237 0
0.4629721139456537 -0.03528356641360644 0
0.4490887520434894 -0.03593658968847685 0
0.4353032056049903 -0.03655647468349761 0
0.4216226996371658 -0.03714125082339351 0
0.4080543160052605 -0.03768895773622637 0
0.394605 -0.03819967396938697 0
0.3812815664617709 -0.03868975014630735 0
0.3680907055003859 -0.03916107784521584 0
0.3550389878450015 -0.03961104240846319 0
0.3421328698551659 -0.04003703743954995 0
0.3293786982208213 -0.04043647406732107 0
0.3167827143763119 -0.04080678992772714 0
0.3043510586509887 -0.04114545781543065 0
0.2920897741768381 -0.04144999396003072 0
0.280004810571626 -0.04171796588434629 0
0.2681020274143395 -0.04194699980501844 0
0.256387197528176 -0.04213478753865708 0
0.2448660100849651 -0.04227909287985385 0
0.2335440735436903 -0.04237775742059793 0
0.222426918434672 -0.04242870578395294 0
0.21152 -0.04242995024826993 0
0.2008287006999061 -0.04237959474171062 0
0.1903583325939804 -0.04227583819042469 0
0.1801141396053961 -0.04211697720735278 0
0.1701012996756774 -0.04190140811230231 0
0.1603249268169264 -0.04162762827765308 0
0.1507900730679135 -0.04129423679778089 0
0.1415017303599269 -0.04089993448403287 0
0.1324648322978486 -0.0404435231908291 0
0.1236842558615075 -0.03992390448219704 0
0.1151648230319955 -0.03934007765174943 0
0.1069113023472976 -0.03869113711278765 0
0.09892841039127187 -0.0379762691788335 0
0.09122081321973485 -0.03719474825845488 0
0.08379312772714909 -0.03634593249174265 0
0.07664992295716999 -0.03542925885920346 0
0.06979572136008738 -0.03444423779714773 0
0.06323499999999982 -0.03339044735685907 0
0.05697219171436929 -0.03226752694792145 0
0.05101168622843422 -0.03107517070904047 0
0.04535783122679948 -0.02981312055251407 0
0.04001493338437823 -0.02848115893117555 0
0.03498725935871705 -0.02707910137913177 0
0.03027903674562138 -0.02560678887994848 0
0.02589445499987009 -0.024064080118071 0
0.021837666322711 -0.0224508436712107 0
0.01811278651771819 -0.02076695020315461 0
0.01472389581650757 -0.01901226471796503 0
0.0116750396757147 -0.01718663893780764 0
0.008970229546559128 -0.01528990386767556 0
0.006613443618246007 -0.01332186261104801 0
0.00460862753638458 -0.01128228350102692 0
0.002959695097535242 -0.009170893611715261 0
0.001670528920937886 -0.006987372714533938 0
0.0007449810984185845 -0.004731347743806624 0
0.0001868738234129808 -0.002402387835249536 0
0.0 0.0 0
0.0001868738234129808 0.002439753869475663 0
0.0007449810984185845 0.004880205214281091 0
0.001670528920937886 0.007320780832002593 0
0.002959695097535242 0.009760642682454714 0
0.00460862753638458 0.01219869914636156 0
0.006613443618246007 0.01463361692557428 0
0.008970229546559128 0.01706383352245789 0
0.0116750396757147 0.01948757023509321 0
0.01472389581650757 0.0219028456042627 0
0.01811278651771819 0.02430748924783914 0
0.021837666322711 0.02669915601814738 0
0.02589445499987009 0.02907534041810994 0
0.03027903674562138 0.03143339121251208 0
0.03498725935871705 0.03377052617151664 0
0.04001493338437823 0.03608384688461214 0
0.04535783122679948 0.03837035358447426 0
0.05101168622843422 0.04062695992176026 0
0.05697219171436929 0.0428505076336106 0
0.06323499999999982 0.04503778105060904 0
0.06979572136008738 0.04718552138912147 0
0.07664992295716999 0.04929044077830243 0
0.08379312772714909 0.05134923597359788 0
0.09122081321973485 0.0533586017112844 0
0.09892841039127187 0.05531524366145189 0
0.1069113023472976 0.05721589093984835 0
0.1151648230319955 0.05905730814215082 0
0.1236842558615075 0.06083630686749483 0
0.1324648322978486 0.06254975670147452 0
0.1415017303599269 0.06419459563230487 0
0.1507900730679135 0.06576783987740692 0
0.1603249268169264 0.06726659310132516 0
0.1701012996756774 0.06868805500959914 0
0.1801141396053961 0.07002952930698397 0
0.1903583325939804 0.07128843101223065 0
0.2008287006999061 0.07246229312548873 0
0.21152 0.07354877264826992 0
0.222426918434672 0.07454565595980128 0
0.2335440735436903 0.07545086355749084 0
0.2448660100849651 0.07626245417311431 0
0.256387197528176 0.0769786282802043 0
0.2681020274143395 0.07759773101196653 0
0.280004810571626 0.07811825451285843 0
0.2920897741768381 0.07853883975072926 0
0.3043510586509887 0.07885827782013399 0
0.3167827143763119 0.07907551077108352 0
0.3293786982208213 0.07918963200107461 0
0.3421328698551659 0.07919988625175016 0
0.3550389878450015 0.07910566925496271 0
0.3680907055003859 0.07890652707635006 0
0.3812815664617709 0.07860215520777608 0
0.394605 0.07819239746313697 0
0.4080543160052605 0.07768174973552495 0
0.4216226996371658 0.0770893018078825 0
0.4353032056049903 0.07641799509172113 0
0.4490887520434894 0.07566884462434494 0
0.4629721139456537 0.07484295673196373 0
0.4769459161090508 0.07394152559175447 0
0.4910026255470466 0.0729658300145664 0
0.5051345433100023 0.0719172305202554 0
0.5193337956544063 0.0707971667795733 0
0.5335923244896156 0.06960715549842535 0
0.5479018770222552 0.06834878882216928 0
0.5622539945070886 0.06702373333950556 0
0.57664 0.06563372976745402 0
0.591050984993239 0.06418059340099622 0
0.6054777947947669 0.06266621541327055 0
0.6199110124918114 0.06109256509485729 0
0.6343409413128126 0.05946169312382492 0
0.6487575851708679 0.05777573596201293 0
0.6631506271343227 0.05603692147774843 0
0.6775094055247503 0.05424757590114 0
0.6918228872871965 0.05241013222567316 0
0.7060796382095994 0.05052714017958537 0
0.7202677894842998 0.04860127790312367 0
0.734375 0.04663536548422917 0
0.7483884136213119 0.04463238052670633 0
0.762294610547005 0.04259547595322115 0
0.7760795516260295 0.040528000282875 0
0.7897285142369513 0.03843352067283468 0
0.8032260179800186 0.03631584908010253 0
0.8165557379610908 0.03417907198941141 0
0.8297004028190319 0.0320275842757082 0
0.842641673798302 0.02986612793837003 0
0.8553599999999999 0.02769983667951487 0
0.8678344433106719 0.02553428763154321 0
0.8800424641800274 0.02337556201773874 0
0.8919596560307215 0.02123031723167456 0
0.9035594110345649 0.01910587387349971 0
0.9148124922597216 0.01701032289986034 0
0.9256864749860431 0.01495266060968752 0
0.936145 0.01294296339947123 0
0.9461467475448325 0.0109926214288746 0
0.9556439792700022 0.009114663304962358 0
0.9645803783193553 0.007324228698534241 0
0.972887675772815 0.005639297041547644 0
0.98048 0.004081897338405657 0
0.9872434458022552 0.002680329248880934 0
0.9930137850018769 0.001473895443005372 0
0.997515 0.0005259361384240886 0
1.0 -1.665334536937735e-17 0
-0.02616959114220163 0.01471528727020921 0
-0.026583623999479 0.01444009441263192 0
-0.02733334654811953 0.01394128340310666 0
-0.02829399724011572 0.01330117889661102 0
-0.02941930947481589 0.01254994973930082 0
-0.03068164205336799 0.01170538482616516 0
-0.03206173646824556 0.01077969768878739 0
-0.03354500308031153 0.00978199468687932 0
-0.0351197838647157 0.008719431081478324 0
-0.03677641211310406 0.007597838470796911 0
-0.03850665188881255 0.006422100573159659 0
-0.04030333994922514 0.005196394977406399 0
-0.04216014478737962 0.003924357425353173 0
-0.04407139776794597 0.002609198421640799 0
-0.0460319708711126 0.001253789002021513 0
-0.04803718578453786 -0.0001392742893912557 0
-0.05008274477738583 -0.001567618934511697 0
-0.05216467712566172 -0.003029056413552333 0
-0.05427929689654176 -0.004521549886767132 0
-0.05642316919127199 -0.006043187707556602 0
-0.05859308279096326 -0.007592161442860332 0
-0.06078602771728372 -0.009166747447387366 0
-0.06299917661085314 -0.01076529129192552 0
-0.06522986910501423 -0.01238619452314491 0
-0.06747559856975925 -0.01402790335826236 0
-0.06973400074440127 -0.01568889900888319 0
-0.07200284388418879 -0.01736768939493505 0
-0.07428002012624005 -0.01906280205898184 0
-0.076563537841276 -0.02077277812821919 0
-0.07885151478477188 -0.02249616719947725 0
-0.0811421718979206 -0.02423152304396914 0
-0.08343382763779161 -0.02597740004501828 0
-0.08572489273913715 -0.02773235029480264 0
-0.0880138653288169 -0.02949492128616718 0
-0.09029932632879889 -0.03126365414343886 0
-0.09257993509590919 -0.03303708234243345 0
-0.09485442525652493 -0.03481373087483677 0
-0.09712160070267352 -0.03659211581616582 0
-0.09938033172285936 -0.03837074425978287 0
-0.1016295512466499 -0.04014811458211638 0
-0.1038682511868235 -0.04192271700646719 0
-0.1060954788668776 -0.04369303443465025 0
-0.1083103335250495 -0.04545754351731982 0
-0.1105119628888083 -0.04721471593521298 0
-0.1126995598161392 -0.04896301986477369 0
-0.1148723590019061 -0.05070092160272506 0
-0.1170296337492177 -0.05242688732517437 0
-0.1191706928070793 -0.05413938495778789 0
-0.1212948772767191 -0.05583688613447992 0
-0.1234006301159784 -0.0575191927929336 0
-0.1254789655868657 -0.05919676163462369 0
-0.1275275711270133 -0.06087056257078304 0
-0.1295462409876759 -0.06253859829773364 0
-0.1315348053228393 -0.06419886011684892 0
-0.1334931265558864 -0.06584933148465194 0
-0.1354210958585991 -0.06748799150220378 0
-0.1373186297470132 -0.06911281832945543 0
-0.1391856667986049 -0.07072179251104235 0
-0.1410221644951755 -0.07231290020083947 0
-0.1428280961956083 -0.07388413627346274 0
-0.144603448242418 -0.07543350731180154 0
-0.1463482172056995 -0.07695903446058877 0
-0.1480624072677167 -0.07845875613696401 0
-0.1497460277509616 -0.07993073058995571 0
-0.1513990907920613 -0.08137303830179611 0
-0.1530216091634212 -0.08278378422499094 0
-0.1546135942439753 -0.08416109985008434 0
-0.1561750541398663 -0.08550314510009402 0
-0.1577059919553097 -0.08680811004862944 0
-0.159206404213307 -0.08807421645975655 0
-0.1606762794252697 -0.08929971914871875 0
-0.1621155968080002 -0.09048290716367695 0
-0.1635243251458469 -0.09162210478967703 0
-0.1649024217952269 -0.092715672377096 0
-0.1662498318280701 -0.09376200699785102 0
-0.1675664873101098 -0.0947595429336758 0
-0.1688523067093132 -0.09570675200177758 0
-0.1701071944291244 -0.0966021437241749 0
-0.1713310404605747 -0.09744426534798603 0
-0.1725237201467143 -0.09823170172488095 0
-0.1736850940522318 -0.09896307505882876 0
-0.1748150079305513 -0.09963704453215806 0
-0.1759132927801495 -0.1002523058208036 0
-0.1769797649813012 -0.1008075905104301 0
-0.1780142265039547 -0.1013016654259023 0
-0.1790164651769609 -0.1017333318873088 0
-0.1799862550084269 -0.1021014249064351 0
-0.1809233565465473 -0.102404812338228 0
-0.1818275172698806 -0.1026423940023788 0
-0.1826984719956888 -0.1028131007906942 0
-0.1835359432946493 -0.1029158937763976 0
-0.1843396418999786 -0.1029497633419224 0
-0.18510926709878 -0.1029137283421106 0
-0.1858445070932515 -0.102806835320017 0
-0.1865450393192523 -0.1026281577927318 0
-0.1872105307096495 -0.1023767956247783 0
-0.1878406378898341 -0.1020518745067053 0
-0.1884350072928236 -0.1016525455564797 0
-0.1889932751814471 -0.1011779850611869 0
-0.1895150675652557 -0.1006273943763617 0
-0.19 -0.1 0
-0.1904408470263567 -0.09930524428430748 0
-0.1908309286126136 -0.09855354397638373 0
-0.1911706138668189 -0.0977456944805976 0
-0.1914601989305876 -0.09688260562107176 0
-0.1916999101592861 -0.09596529731227077 0
-0.1918899074289525 -0.09499489505556408 0
-0.1920302875582083 -0.09397262527884466 0
-0.1921210878332418 -0.09289981053655601 0
-0.192162289623823 -0.09177786458766826 0
-0.1921538220782566 -0.09060828736924367 0
-0.1920955658851811 -0.0893926598832472 0
-0.1919873570901813 -0.0881326390141971 0
-0.1918289909552991 -0.08682995229511088 0
-0.19162022584969 -0.08548639263898931 0
-0.1913607871598956 -0.0841038130527977 0
-0.1910503712084639 -0.08268412135055578 0
-0.1906886491699651 -0.08122927488173115 0
-0.1902752709738061 -0.07974127529065923 0
-0.1898098691836451 -0.07822216332217756 0
-0.1892920628436499 -0.07667401368807858 0
-0.1887214612823182 -0.07509893000834351 0
-0.1880976678650929 -0.07349903984043561 0
-0.1874202836875551 -0.07187648980919875 0
-0.1866889112015561 -0.07023344084913341 0
-0.18590315776726 -0.06857206357000964 0
-0.1850626391247115 -0.06689453375592902 0
-0.184166982779205 -0.06520302800706568 0
-0.1832158312954247 -0.0634997195324074 0
-0.1822088454960391 -0.06178677410088058 0
-0.1811457075611687 -0.06006634615728378 0
-0.180026124025899 -0.05834057510847386 0
-0.1788498286737883 -0.05661158178425355 0
-0.1776165853251039 -0.05488146507639812 0
-0.1763261905193319 -0.05315229875823751 0
-0.1749784760923194 -0.0514261284861831 0
-0.1735733116492422 -0.04970496898355375 0
-0.1721106069354352 -0.0479908014060236 0
-0.1705903141079734 -0.04628557088697927 0
-0.16901242991176 -0.04459118426004924 0
-0.1673769977647456 -0.04290950795504653 0
-0.1656841097577921 -0.04124236606255925 0
-0.1639339085755779 -0.03959153856142732 0
-0.1621265893458502 -0.03795875970236871 0
-0.1602624014252333 -0.03634571654005925 0
-0.1583416501307285 -0.03475404760503764 0
-0.1563646984269739 -0.03318534170589925 0
-0.1543319685802785 -0.03164113685136258 0
-0.1522439437914167 -0.03012291928094626 0
-0.1501011698201516 -0.02863212259218112 0
-0.1479042566154722 -0.02717012695150756 0
-0.1456538799665729 -0.02573825837527281 0
-0.1433528503603678 -0.02433483584229579 0
-0.141010677240632 -0.02294865472173088 0
-0.1386294650066573 -0.02157913136889592 0
-0.1362104414320925 -0.02022698171235547 0
-0.1337548860473282 -0.01889289767639608 0
-0.1312641311651679 -0.01757754817575308 0
-0.1287395630459003 -0.01628158009783962 0
-0.1261826232255149 -0.01500561925772141 0
-0.123594810032462 -0.01375027131118751 0
-0.1209776803202319 -0.0125161226114912 0
-0.1183328514451261 -0.01130374099568701 0
-0.1156620035209988 -0.0101136764869787 0
-0.1129668819855069 -0.008946461900138439 0
-0.110249300515624 -0.007802613337869746 0
-0.1075111443339382 -0.00668263056699106 0
-0.104754373951711 -0.005586997264531837 0
-0.101981029399981 -0.004516181125291147 0
-0.09919323500637246 -0.003470633824142547 0
-0.09639320478297364 -0.002450790828422172 0
-0.09358324850003741 -0.001457071058165199 0
-0.09076577853176483 -0.0004898763948258111 0
-0.08794331757464476 0.000450408957481982 0
-0.08511850735649476 0.001363419250139081 0
-0.08229411847649025 0.002248808094645963 0
-0.07947306154441791 0.003106249474958717 0
-0.07665839982296363 0.00393543884168554 0
-0.07385336362251556 0.004736094253586343 0
-0.07106136675715072 0.005507957520998127 0
-0.06828602544795803 0.006250795292192371 0
-0.06553118016242446 0.006964400006280097 0
-0.06280092101605414 0.00764859061372003 0
-0.06009961754903742 0.008303212935709056 0
-0.05743195394804554 0.008928139493696821 0
-0.05480297114369401 0.009523268585332548 0
-0.05221811772871207 0.01008852230611619 0
-0.04968331239156751 0.01062384310537283 0
-0.04720502167873475 0.01112918830200135 0
-0.04479035861258349 0.01160452173769626 0
-0.04244721040014598 0.01204980135657122 0
-0.04018440790410691 0.01246496086670319 0
-0.03801195712695232 0.0128498825610944 0
-0.03594136658089422 0.01320435644366606 0
-0.03398613045190726 0.01352801712074037 0
-0.03216248121369228 0.01382024232128795 0
-0.03049064791682812 0.01407997959980678 0
-0.02899717627010137 0.01430542262666785 0
-0.02771988325999927 0.01449331503771034 0
-0.02672151656980529 0.01463702541208796 0
-0.02616959114220163 0.01471528727020921 0
1.266576946759163 -0.1256545654351749 0
1.26600121198092 -0.1254192299179597 0
1.264958372889619 -0.1249929100525657 0
1.263621535839201 -0.1244463199214134 0
1.262054655538464 -0.1238055865287387 0
1.260295775050794 -0.1230862755053529 0
1.258371266526973 -0.122299212256743 0
1.256300995705139 -0.1214525919669295 0
1.254100739340761 -0.1205529657813169 0
1.251783495421792 -0.1196057736833366 0
1.249360266035005 -0.1186156612619175 0
1.246840559210432 -0.1175866811993213 0
1.244232728269967 -0.1165224280460889 0
1.241544211163193 -0.115426131923905 0
1.238781705124643 -0.1143007256855651 0
1.23595129778182 -0.1131488942430532 0
1.233058567938483 -0.111973111533588 0
1.230108664630722 -0.1107756686935396 0
1.227106370228061 -0.1095586958476639 0
1.224056151563628 -0.108324179183391 0
1.220962201910045 -0.1070739744966599 0
1.217828475834952 -0.1058098180703158 0
1.214658718432611 -0.104533335521384 0
1.211456490051304 -0.1032460490949363 0
1.208225187367147 -0.1019493837680705 0
1.204968061459585 -0.1006446724437781 0
1.201688233399797 -0.09933316045204559 0
1.198388707755651 -0.09801600952826434 0
1.195072384335449 -0.09669430140273522 0
1.191742068430442 -0.09536904110682506 0
1.188400479767964 -0.09404116007911416 0
1.185050260349484 -0.09271151913719253 0
1.181693981318304 -0.09138091136655076 0
1.178334148978158 -0.09005006496648714 0
1.17497321006521 -0.08871964608353153 0
1.171613556360786 -0.0873902616551304 0
1.168257528719931 -0.08606246227991796 0
1.164907420580821 -0.08473674512555467 0
1.161565481011817 -0.0834135568806566 0
1.15823391734613 -0.08209329675360628 0
1.154914897448335 -0.08077631951791278 0
1.151610551652236 -0.0794629386011755 0
1.148322974405529 -0.07815342921252653 0
1.145054225653274 -0.07684803150161999 0
1.141806331989263 -0.0755469537407484 0
1.138581287601827 -0.0742503755204601 0
1.135381055038415 -0.0729584509480882 0
1.132207565811345 -0.07167131183785411 0
1.129062720865423 -0.07038907088065417 0
1.125947963817636 -0.06911274071934713 0
1.12286127519092 -0.06785068345800167 0
1.11980366791802 -0.06660468439244319 0
1.116777085869943 -0.06537446179527746 0
1.11378345146242 -0.06415971229470904 0
1.110824665174014 -0.0629601146882595 0
1.107902605040116 -0.06177533363898816 0
1.105019126134009 -0.06060502324366204 0
1.10217606004533 -0.05944883046274484 0
1.099375214365544 -0.058306398402576 0
1.096618372189265 -0.05717736944068601 0
1.093907291639562 -0.05606138818583208 0
1.091243705424682 -0.05495810426503737 0
1.08862932043292 -0.05386717493066644 0
1.086065817371726 -0.0527882674813665 0
1.083554850456424 -0.05172106149154365 0
1.081098047153322 -0.05066525084491623 0
1.078697007981314 -0.04962054556859566 0
1.076353306375439 -0.04858667346507616 0
1.074068488615271 -0.04756338154047147 0
1.071844073820345 -0.04655043722830864 0
1.069681554014265 -0.04554762940917599 0
1.067582394258511 -0.04455476922751901 0
1.065548032856384 -0.04357169070787913 0
1.063579881626936 -0.04259825117387393 0
1.06167932624819 -0.04163433147421831 0
1.059847726668363 -0.04067983602108155 0
1.058086417583288 -0.03973469264706017 0
1.056396708977687 -0.03879885228801808 0
1.054779886727429 -0.0378722885000007 0
1.053237213259416 -0.0369549968193638 0
1.051769928265241 -0.03604699397616667 0
1.050379249464306 -0.03514831697176224 0
1.04906637341164 -0.03425902203236697 0
1.047832476345215 -0.03337918345120897 0
1.046678715067177 -0.03250889233263077 0
1.045606227852997 -0.03164825525225959 0
1.044616135382203 -0.03079739284804721 0
1.043709541684034 -0.02995643835762629 0
1.042887535091004 -0.02912553611801812 0
1.042151189193145 -0.02830484004426406 0
1.041501563785389 -0.0274945121040277 0
1.040939705800384 -0.02669472080563108 0
1.0404666502188 -0.02590563971733622 0
1.040083420949078 -0.02512744603596447 0
1.039791031668412 -0.02436031922315487 0
1.03959048661671 -0.02360443972769589 0
1.039482781335209 -0.02285998781241932 0
1.039468903341431 -0.02212714250411752 0
1.039549832732188 -0.02140608068483438 0
1.039726542706454 -0.02069697634267635 0
1.04 -0.02 0
1.040366035678439 -0.01932557923863655 0
1.040819213295868 -0.01868388528126249 0
1.041358555522855 -0.01807477032369811 0
1.041983035385435 -0.01749817569867769 0
1.04269157788871 -0.0169541280337582 0
1.043483061720879 -0.01644273522490972 0
1.044356321029276 -0.01596418224333424 0
1.045310147259852 -0.01551872679333278 0
1.046343291051418 -0.01510669483922527 0
1.047454464175926 -0.01472847601941907 0
1.048642341516043 -0.01438451896572838 0
1.049905563071288 -0.01407532654596935 0
1.05124273598405 -0.0138014510476982 0
1.052652436576898 -0.01356348932072455 0
1.05413321239273 -0.01336207789572366 0
1.055683584229433 -0.01319788809589185 0
1.057302048160932 -0.01307162115814215 0
1.05898707753671 -0.01298400337982608 0
1.060737124952108 -0.01293578130639432 0
1.062550624181995 -0.01292771697477845 0
1.064425992070666 -0.01296058322658954 0
1.066361630371142 -0.01303515910449164 0
1.068355927527377 -0.01315222534432129 0
1.070407260393201 -0.01331255997469135 0
1.072513995882213 -0.01351693403494204 0
1.074674492543205 -0.01376610742138667 0
1.076887102056071 -0.01406082487084757 0
1.07915017064359 -0.01440181208949164 0
1.081462040394831 -0.0147897720339582 0
1.083821050496395 -0.01522538135072674 0
1.086225538368092 -0.01570928697860213 0
1.088673840700088 -0.0162421029181022 0
1.091164294388996 -0.01682440717041997 0
1.093695237370776 -0.01745673884750412 0
1.096265009348778 -0.01813959545365606 0
1.098871952415625 -0.01887343033788745 0
1.101514411568093 -0.01965865031511449 0
1.104190735114503 -0.02049561345309399 0
1.10689927497455 -0.02138462702082598 0
1.109638386871864 -0.02232594559296691 0
1.112406430419932 -0.02331976930361299 0
1.11520176910237 -0.0243662422416301 0
1.11802277014881 -0.02546545097852376 0
1.120867804307975 -0.02661742321866211 0
1.123735245519743 -0.02782212656048774 0
1.126623470488212 -0.02907946735617849 0
1.12953085815796 -0.03038928965604651 0
1.132455789095808 -0.03175137422279384 0
1.13539664478047 -0.03316543759957384 0
1.138351806802482 -0.03463113121463557 0
1.141319655976765 -0.03614804050415261 0
1.144299523317768 -0.03771364257516179 0
1.147293790058441 -0.03931879953559618 0
1.150301390675127 -0.04096168791883277 0
1.153320817179983 -0.04264135233504832 0
1.156350544421553 -0.04435678952634148 0
1.159389028188649 -0.04610694826036978 0
1.162434703224964 -0.04789072909889541 0
1.165485981151748 -0.04970698401442908 0
1.168541248294614 -0.05155451582677706 0
1.171598863408885 -0.05343207742979239 0
1.174657155296089 -0.0553383707769786 0
1.177714420301894 -0.05727204559274857 0
1.180768919683172 -0.05923169777404866 0
1.183818876828698 -0.06121586744465685 0
1.186862474314265 -0.06322303662166687 0
1.189897850768506 -0.06525162645037803 0
1.192923097520428 -0.06729999395989011 0
1.195936254993258 -0.06936642828698952 0
1.198935308801555 -0.07144914631019418 0
1.201918185499261 -0.07354628762882787 0
1.204882747915141 -0.07565590881337173 0
1.207826789998272 -0.0777759768426267 0
1.210748031079354 -0.07990436162981904 0
1.213644109432638 -0.0820388275228934 0
1.216512574997052 -0.0841770236427941 0
1.219350881082139 -0.0863164728961017 0
1.222156374842397 -0.08845455946299392 0
1.224926286249699 -0.09058851451542622 0
1.227657715223371 -0.09271539985986955 0
1.230347616485404 -0.09483208911849997 0
1.232992781585522 -0.09693524595462313 0
1.235589817375066 -0.09902129870092388 0
1.238135119981124 -0.1010864105458182 0
1.240624843014716 -0.1031264441477933 0
1.243054858294836 -0.1051369191396872 0
1.245420706713138 -0.1071129603897253 0
1.247717535885721 -0.1090492339974613 0
1.249940019741747 -0.1109398666400699 0
1.252082252835941 -0.1127783417297742 0
1.254137608305556 -0.114557362312444 0
1.256098541790132 -0.1162686646028315 0
1.257956311772664 -0.1179027552044922 0
1.259700564140056 -0.1194485243260704 0
1.261318681990792 -0.1208926444934894 0
1.262794695076033 -0.1222185666189702 0
1.264107264964352 -0.1234046704510342 0
1.265225377636481 -0.1244203165251111 0
1.266096462883881 -0.125214963697375 0
1.266576946759163 -0.1256545654351749 0
-100.0 -100.0 0
100.0 -100.0 0
100.0 100.0 0
-100.0 100.0 0
-60.00000000016264 -100.0 0
-20.00000000031305 -100.0 0
19.99999999961915 -100.0 0
59.99999999978363 -100.0 0
100.0 -60.00000000016264 0
100.0 -20.00000000031305 0
100.0 19.99999999961915 0
100.0 59.99999999978363 0
60.00000000016264 100.0 0
20.00000000031305 100.0 0
-19.99999999961915 100.0 0
-59.99999999978363 100.0 0
-100.0 60.00000000016264 0
-100.0 20.00000000031305 0
-100.0 -19.99999999961915 0
-100.0 -59.99999999978363 0
-2.186889378834177 8.284717780896258 0
-0.1969156015357861 0.6169637562850092 0
-23.16350123584235 -2.956039531443754 0
-0.067174233235267 0.2489915002673961 0
-6.576988160504701 -52.23403792053192 0
9.410984114651896 7.258000791273489 0
0.8239055408051916 1.377069835977541 0
1.055438821944424 0.1221662620640979 0
0.9776206370335538 -0.09472559965628183 0
0.441943735617696 -6.464592506102299 0
0.6212713171438227 -3.01938919683027 0
1.069924109904859 -0.5976361768363891 0
-8.058497719144848 -3.140020007543176 0
0.06199390606332673 -1.189270454874245 0
1.091002992791771 -0.3496292680995947 0
11.54753969564589 -4.686213553408346 0
2.311710814450413 0.8664721519778168 0
3.757132766620385 -1.440312472020679 0
0.826038529120192 0.5028950467736893 0
-0.674721472701866 -0.6135408333522723 0
-0.03482136065935181 -0.09984032052516409 0
-0.1017123779079271 -0.3827409415651427 0
-0.1044977302701656 -0.1931164544852386 0
0.4612688885511241 -0.6809847592235985 0
1.068894368272794 -0.1927988687137878 0
-0.3704373267317819 -0.342755670488111 0
-0.7260350518091423 0.1525959953367137 0
0.2982119975265567 0.533565862755552 0
-0.3178494379733389 0.1408750832666971 0
1.240116423377469 0.1390393362980741 0
0.1135979409884744 -0.2375650390053302 0
1.194793809419838 -0.2470522869527662 0
2.440365185289703 -0.8251273772276795 0
0.7866681088746772 -0.2797643944091856 0
-0.2095521907069154 -0.1930192973416877 0
-0.451809672531664 -0.07546415177565702 0
1.442269311334179 0.02844887118517127 0
-0.2887560080803399 -0.1392326507089897 0
0.9973746333240773 -0.047655109543620955 0
1.038047654015645 -0.09708690079822582 0
2.636749016682376 6.420368782910535 0
-0.08978259973438846 -0.1274931710947047 0
-0.02843740700786897 -0.04107471151233796 0
0.4988219460491394 -0.3226840781106328 0
-0.1427876868355512 -0.1421784037189721 0
-0.1746058477488457 0.1337600717053188 0
0.1477529495534734 0.2861598336901247 0
-3.043306554017219 3.604344368263627 0
1.0896635526034 -0.1202188577709028 0
1.1544685885806 -0.1597400159164049 0
1.216973323999884 -0.1816373434259458 0
1.379831570665982 -0.2818898424096488 0
-34.43035311100899 49.37068690320516 0
2.456668619385033 43.18751283179785 0
-4.931903614595937 0.1386715884416171 0
1.0313641819591872 0.015526321702880591 0
1.147107068620512 0.06801611620335597 0
1.029754020427718 -0.06115632244125974 0
1.072506420032889 0.03098051877815246 0
-0.1733893266600524 -0.1324664353862438 0
-0.2092331240909832 -0.1239717382144193 0
-0.0282913842727305 0.1315213868845595 0
-0.3118746479514279 0.00230218848775999 0
-12.76167819674969 -26.51695100312667 0
9.494622602444576 -27.24565020106471 0
-0.02157133258567495 -0.01050786534360994 0
55.54288564995539 12.28707417409218 0
-0.008570820715906417 0.04048145203682537 0
-0.07086226741457213 0.0744755818343405 0
-0.1277309092135783 0.05807093527472781 0
-0.20396050085589 0.01935204320689231 0
0.9155660074299923 0.1610772643582155 0
1.107991762658056 0.3795705389414917 0
-0.06467396331296689 -0.0583668907628067 0
1.212762166871133 0.02977207918180272 0
1.492245949594246 0.4082287198222221 0
0.2903557541323412 -0.2129615377696285 0
-14.34187417503507 9.11082726337795 0
1.266614756940059 -0.0202274265947635 0
1.301268392824579 -0.07547320467513777 0
0.0432225994097468 -0.1036521759655381 0
0.3486278210207898 0.2814111415799672 0
0.5735154232820536 0.2882942204914608 0
0.9035823719734868 -1.26232243173444 0
2.97617776218913 16.53434498800777 0
29.38890571684107 26.40218343974004 0
42.53128756503516 -18.93476168146503 0
-0.03272312215022583 0.03808469737818589 0
1.0230296540183927 -0.03493122863060508 0
1.0243259452789573 -0.021065802280843253 0
1.249447813736279 -0.1585816929971388 0
0.9299346731851295 -0.2365626477598153 0
0.06454766838223719 0.1402899542091512 0
0.8640188129435098 -0.1318387984184645 0
-59.5697878825703 -29.53133735224647 0
0.1541372795801148 -0.536450431512606 0
0.1176116995748584 -0.1210410357105949 0
-44.13040993997868 15.07909801980036 0
2.245566616109702 -2.710080148562977 0
5.333681622312577 -5.995085791730546 0
1.27046390548692 -0.2404729188227367 0
1.076127144719707 -0.08791053937779497 0
-0.1366805159498388 -0.1085862054866561 0
-0.1084841995837571 -0.08373529110397897 0
-3.497191283057891 -4.194384563270306 0
-8.250740350349373 -14.81473295434045 0
1.240335440107115 -0.4100941667240305 0
-0.1585860613884025 -0.1143861825147043 0
0.6375910712643089 -0.193872535536656 0
-0.8668442898561972 2.809810168286071 0
1.0309511075637618 -0.011377399223507141 0
1.321442406806719 -0.1815900797024729 0
-0.174164064288132 -0.85910152284417 0
1.054481689544332 -0.06555416293774609 0
0.9253230739147306 -0.4584428484042205 0
0.1624572066063563 0.1710069360760588 0
-0.002609954017367061 -0.2139605077396944 0
-0.5315364910732719 -2.292749805389225 0
0.1951112392785156 1.231712558745885 0
1.033531605036455 -0.04029106658789459 0
26.83659670906962 7.215289517905178 0
1.008353165329173 -0.1574523652347648 0
-14.5997836123252 30.33966973831066 0
1.199706950061979 -0.1380717094935233 0
0.9927628772005426 0.05323050932565737 0
7.419854409022648 2.906798054964854 0
0.4205745128579987 -0.1700467703311836 0
0.02081057111621892 0.09450173220594053 0
2.016520517399523 -0.1535199477906355 0
1.540182240983308 -0.1396069889435235 0
0.6390107966310263 -0.5188506403941322 0
0.01173542536505911 -0.06843962121453576 0
1.127424614778263 -0.1115942416594295 0
-9.16702398380982 17.76064767768288 0
0.7937338594929019 0.1861772449345003 0
28.51385577129516 -60.95227934740945 0
1.167264479107765 -0.1228779860728528 0
-0.09296268715407323 -0.06733385017835994 0
1.282600433620019 -0.1008079505525308 0
1.260138391003352 -0.06554108932934322 0
-0.001059732353862468 -0.03989455249880625 0
-0.08174775973785732 0.03685947068631983 0
-0.04588366755269788 -0.1705489788926436 0
0.9454818121100168 -0.05905544846069738 0
-0.02189606735083326 0.001581470929735236 0
-0.01074791498755601 0.01385528983659989 0
5.124938695487274 -16.74150954495678 0
-1.433589103579165 1.551743821964132 0
16.75569706781426 4.080737387716132 0
-0.05086014238095661 -0.02948148902482071 0
2.031188863053179 3.903310334103588 0
1.153357864176949 0.008509123013296217 0
1.109801847087167 0.019441115601761 0
1.0480449654993775 0.004510915324487361 0
0.02200628699092205 -0.3598749505805806 0
-0.1149107007860874 0.02487887126844574 0
1.212007692207613 -0.02452303479486739 0
-0.1448128589073434 0.003810431886613062 0
1.0312916353505632 -0.029327115228166716 0
1.518218117160456 -1.16313286844977 0
-0.0706980071563974 -0.09934612611588836 0
28.96730333464616 -11.12032113883754 0
1.182110955224524 -0.01237120146297887 0
-0.05284974630207115 0.0312246563987251 0
0.3086816918698957 -0.4172600008193015 0
0.2264675298830585 -0.1441269774265898 0
61.9505378490913 52.39425363958227 0
1.2340637771857 -0.1390482472623065 0
0.9313633078282624 -0.1527361169201399 0
-53.09200220202931 -5.409446016522076 0
-39.19293263323728 -23.35014216088016 0
0.566180227955014 0.6523725058846017 0
0.719708812198964 -0.1387485555253835 0
-0.007153269488791883 0.4981916293371441 0
-3.256967466729254 -1.7997199115563 0
-10.10940414191281 4.443774758678995 0
-2.458965352530433 -0.2246041403625259 0
1.103623322195149 -0.09331499956361314 0
0.01157890814661834 -0.1507548166623875 0
3.470814970152706 0.07809470715038869 0
1.751687835816881 -0.6607515091976678 0
3.925580108943934 2.244102867051665 0
0.07854774439988611 0.7213647310920452 0
-15.62655204175674 -8.581115625413133 0
0.02242590125925249 0.05987637957042441 0
0.9985033038198013 -0.07864354020105181 0
-40.64299835617217 -69.72356447891339 0
-0.1738568433275358 -0.1130794356238216 0
-0.02740577689025679 0.07424603404072269 0
-0.02039346589491613 0.02927706196806971 0
1.129787562956266 -0.2289859645187058 0
0.798574291804022 -0.8876449686153902 0
-0.03676762834703218 -0.01559021024091176 0
1.044899557550629 -0.05448054446366496 0
-0.4930194887173339 -1.411208198744676 0
1.248169514582074 1.017510210552737 0
1.734929018926149 1.851800800869423 0
0.2969329553950278 0.1893850774497222 0
0.9960476487432697 -0.019204777257839346 0
1.0410062136310576 -0.008478884108418986 0
-0.03196467476367293 -0.07148048171412273 0
-0.1274982708549611 -0.08659149074668722 0
32.67770234335612 59.94381413812292 0
1.863692330082409 -4.668313003733637 0
-0.1579210567764655 -0.3031193082809633 0
1.134131387527955 0.1668123391045383 0
-1.229237632736328 -4.50457358018329 0
-3.410297108762394 -8.056685524352146 0
0.483242061840841 0.2028428781707157 0
0.4132009294363534 -2.019765728174952 0
0.0839289977583063 -0.07905609035413154 0
0.5591531915410725 -0.1545030812510646 0
-0.2974243756155184 -0.5677415122688454 0
1.007316494286118 -0.1091532349607283 0
0.6450110461083631 -0.3256896915501941 0
1.0324967597329666 -0.020843073111874222 0
-74.10946008757026 46.01404870028236 0
1.236460660796363 -1.940705875543216 0
0.6407015369651424 0.1805222318631153 0
-0.0625447235531468 -0.2720439206159413 0
0.9705510820011526 -0.039933464231819246 0
1.002886093667776 -0.2311313529459466 0
1.700182106406765 0.2524508866453762 0
15.96450663344948 -15.24297192259663 0
-27.65060724270147 -43.98951720506723 0
17.34091559495338 19.55541035171024 0
-0.07206200840065748 -0.6184966888594724 0
-0.07634457813663593 -0.04244895081673906 0
0.3464939450464963 2.427978042664862 0
1.0426862893476732 -0.0410801432666435 0
1.267784097709107 -0.1024746849517312 0
0.923409061573609 -0.0988917430913089 0
-0.1459677818126297 -0.0983093775593466 0
1.081603532855238 0.008552578961289692 0
0.1900290983717674 -0.873902947168443 0
74.93021610040158 -40.77379180704207 0
0.118744467860551 0.1210840394209889 0
-15.13542470180046 0.05303606551706064 0
0.1861068299753394 -0.3908838268015145 0
0.3597993507869273 -0.1097015192259769 0
1.248169791827175 -0.1363051779398075 0
-30.51891261475614 13.3109120411032 0
1.011713875713092 0.2047098461540259 0
-0.2128658294481191 -0.06730008095523532 0
-0.3765200236291575 0.3763786191583601 0
-0.02812664665547628 0.02540968809360492 0
-0.03030115294708859 -0.004396511191750921 0
1.06891735617729 -0.05973232826330705 0
0.04617428710004811 0.06528386877648525 0
27.70636942344447 -30.98353952318981 0
12.89429487633928 -47.70256577796047 0
-0.110177601139813 -0.06743089176095125 0
0.07152225019963888 -0.1479187473566857 0
0.7214942482442831 0.3000516189275033 0
0.1746692503680797 -0.0944010185934612 0
-0.5760302926918385 -12.88622372776267 0
0.04580043242562803 -0.06084890249406591 0
1.054780590853083 -0.1401629480593393 0
-0.1382047702084997 5.83102924329331 0
8.90164418147805 -11.16517587923354 0
0.001728765423043233 0.02584599661508654 0
-66.11955206089108 17.01965669309817 0
-0.2252605924649787 -0.3987135732265941 0
0.9230062089761344 0.0952224742653656 0
1.12175688186155 -0.1432425675998225 0
3.74969730666882 -3.605266718630763 0
7.871633328059494 -2.536933472604219 0
0.4946331947932093 -0.9544767113949768 0
0.8548776533821492 0.09428722737289603 0
-0.008822247467093088 -0.0208508501820437 0
0.3818485645555795 27.56753318864636 0
0.01157550737727539 0.2052830697652013 0
1.0569919789275022 -0.0026788256842495885 0
1.094206479021719 -0.07532509390972054 0
1.188992964181681 -0.1166396693516532 0
0.8762704892243536 0.2893940214945937 0
1.154573103014831 -0.1048076097546835 0
-8.206842682571382 77.27824858457973 0
0.01994492649113139 -0.04056975686152536 0
-0.1574268907267558 -0.0997736314806571 0
0.07116400302774002 0.08759350115692262 0
0.6321041037517249 -0.1060577243532758 0
0.2263792633052455 0.1404697788902598 0
1.223835964293793 -0.05476158497020066 0
-0.01049013193496707 0.002958893011706763 0
-0.01478840270828332 -0.0558197525593975 0
-0.01871529535045743 0.01055637757587585 0
0.977147667341923 -0.06334574202321387 0
-20.27673401411388 18.70954968842472 0
0.3785230037269974 -0.2751186724125897 0
-6.053926097656968 6.289175493500448 0
-0.4511548618123679 1.625299696964111 0
62.16769228769693 -14.56004028487639 0
0.9004932166301849 -0.05771309702720122 0
-8.969611206038207 -8.442639896491658 0
-0.1664242497908122 -0.1037440550399766 0
-0.1644336965625508 -0.173172420101627 0
0.7948907352779897 11.1967477896689 0
1.284419646521941 -0.161471211169513 0
1.296936903858083 -0.1279466949723199 0
1.377707669193387 -0.1150694818575288 0
1.175230424407324 -0.1984750130753365 0
1.408372413309748 0.2070247930589008 0
1.059197481506749 -0.05278121979379487 0
0.1266841457433344 -0.07652256324648243 0
1.123954472281045 -0.08767231726230393 0
1.272804538019724 -0.1148372291847682 0
5.782700481443666 -75.2282908740388 0
-0.04567570356238296 -0.04942542557702519 0
0.8407269838471771 0.8755463436788555 0
0.3488712496085675 0.1378142379433766 0
1.0394094257756958 -0.03330116843915898 0
0.2896825605935709 -0.1126835577031168 0
1.038468756908876 0.0578754549399107 0
1.0504878199403134 -0.006997320679798285 0
0.9483043806199336 0.056785881081212256 0
0.987610246334564 0.09812758389512179 0
1.12455866146977 -0.004883963955598852 0
-0.1126168590222442 -0.1555451980379874 0
1.253598681205476 0.2856647408743195 0
6.355342272014499 0.03179322778183194 0
-0.06602327589688842 -0.02931592180774585 0
0.9903378379666778 -0.3288011241547004 0
-0.08988049982677158 -0.04807960608038845 0
0.9739726366590934 -0.1371304623719603 0
1.156629234351641 -0.01846708983909038 0
0.7089568553554051 0.1285642357068574 0
-1.520561734108026 -1.415461889357038 0
0.8348411731396533 -0.07463728046684939 0
0.561311774041295 0.1500137577943369 0
0.1698516215740595 0.1136472170462029 0
0.838991014648052 -0.6432504621352448 0
-0.0253236878804854 0.008321676266313721 0
-0.03118329420397294 0.0038373661203407 0
1.221923030429527 -0.1278982739174261 0
-0.1421784779967 -0.08670652365281159 0
-0.1206417770076865 -0.1232191138892365 0
0.4181494343421531 -0.09566353110905414 0
-0.05814981507102014 -0.1309797328671533 0
-1.215490886222437 -22.60291518987616 0
-0.1227878787196548 -0.07253017073080771 0
-6.133616348179879 2.720322073934331 0
-0.02071296650308055 0.01943970245186916 0
-0.7201103438118412 0.7153551735574185 0
1.0169972917374241 -0.004713924105016028 0
1.079776028975966 -0.06745072252245905 0
1.188450411772693 -0.03698191923200805 0
0.1906528833078026 -0.2197336880749418 0
0.003786454487787771 -0.1032192955015473 0
0.03084133683207047 0.3204428991856803 0
0.6464956372854866 -0.7370415083526685 0
-0.1023522796618775 -0.05509359732577838 0
1.357068070433131 -0.7078657985455481 0
1.101922311229377 -0.902831352772834 0
-0.03839424891075526 0.02287508790970679 0
-55.84175866139182 64.10215220266693 0
-4.965563832072617 11.80175031917653 0
-0.06449583662500388 0.0200437648375776 0
-0.09425036202326512 0.01547784224464359 0
1.0370852931561703 -0.016404083181463254 0
1.140779531873483 -0.09170769629415385 0
-0.3240577754755695 -37.41242370800573 0
-0.00815606692291763 -0.008840894231206414 0
-0.0260110064306827 -0.02439722989796352 0
1.254869760817812 -0.09896819376998603 0
1.246937470345961 -0.08658817235546784 0
1.092984314469963 -0.002982593851904909 0
0.4569774704056324 -0.4905287248639847 0
0.4195012887236252 0.1379595274759303 0
1.207621448404071 -0.1171527758872984 0
-3.232129542810817 1.371914897150368 0
1.317608453477538 0.06134961462322023 0
-17.81757865564954 -68.23508209571027 0
1.232189524114553 -0.0758312378679675 0
1.06859868757803 -0.003408166563914269 0
1.079904316256368 -0.005316099368039654 0
-69.66027005906467 -63.09154716652006 0
1.033516442263173 -0.4447332621480724 0
1.0242903893436033 -0.04974934719012351 0
-1.88990295539537 -2.913947010835969 0
-15.68381753996738 49.98113680647505 0
0.4501099724160607 0.4156510315156843 0
12.95190885387468 31.98088152780835 0
-0.07882200423388581 0.01661256883626376 0
0.7038168576645882 -0.07340624576278315 0
-0.1211980077819457 -0.1021162962467466 0
-0.2451245038451205 -0.2792850703752421 0
0.4873497508831899 -0.1114060312126129 0
1.161033034202919 -0.3033653050092663 0
1.43858868278075 -0.4858154863342261 0
1.021591578246582 -0.08065084062005229 0
-17.34012840342004 -17.70980752740903 0
-26.03587939996682 -13.14897781544599 0
1.038664049820582 0.651578050136126 0
1.073895169580171 -0.2700673017398695 0
1.106738675334792 -0.008135197599683437 0
1.139326562464117 -0.01545903771130326 0
0.954809632211592 -0.08598711101491602 0
-0.09193301356608903 0.1234517355406298 0
-0.05362400861678827 -0.07687795875266092 0
0.8595909652090221 -0.215521922868985 0
0.7662168472701212 -0.0813943548264736 0
-29.98986823259975 30.70804731031485 0
1.058427603582472 -0.1097992818819417 0
3.145427351993226 -9.316838756947192 0
-0.1551309090393626 -0.2336209844194134 0
1.0118302026825303 -0.05784740095974936 0
1.169810533364691 -0.03240321573918054 0
1.051948940722543 -0.04509349270833647 0
0.7691540466158664 -0.4116974299367817 0
1.174069673587168 -0.1057016181276226 0
0.8764476004054367 -0.3194495736000156 0
1.201106564055022 -0.0519602912794522 0
-76.56150282483783 -8.84928304623528 0
42.112533102208 -2.08214360151433 0
0.2460179377534548 -0.3046653039956599 0
1.338361601951675 -0.02016116950922304 0
0.1696139320132063 -0.1516924799845519 0
-0.08826212209476807 -0.08702302925854773 0
-0.05853700551777771 -0.01899227309139121 0
9.311038501683512 64.81125492967806 0
-0.192407358461506 0.24447712835698 0
0.5592785071101529 -0.2410960542422547 0
-8.941643940516418 -0.1774487047953 0
-34.91783518163287 -1.153701251235403 0
0.2296070478145582 -0.0871451872007071 0
0.006556872144855719 -0.02667287864931137 0
0.09149363675582209 0.2097077455449595 0
-0.01098910744522073 -0.07972388066832173 0
-0.01317543257729345 -0.4814195074917105 0
74.74983761886944 29.50860462246994 0
1.312030613642428 0.5961726376311843 0
1.0365213647165512 -0.02593456831326127 0
-0.1748483029803008 -0.1044710707705029 0
0.3358910499919962 0.8381736142453046 0
45.65964743058176 34.37069399131102 0
0.7777444792919432 0.101149087700779 0
0.5577983653647266 -0.08651649792510846 0
1.258253466878922 -0.193382150062867 0
0.1329231448202313 0.4527543853638614 0
-8.927558446097455 9.881235102483359 0
1.110363669766763 -0.07716894740152719 0
11.69941671890499 0.4735213214008033 0
0.4219918957146358 -1.472072014302647 0
1.055210066264299 -0.08499538119042907 0
0.7180624522167633 -0.2212418716610488 0
-0.07483490294640574 -0.07460070408878255 0
-0.04857180261370156 -0.01159072198721251 0
-0.06050057380634971 -0.04244974701446785 0
16.01828650429451 10.56979323962406 0
1.0368701229754624 -0.02130446085794451 0
-5.896017417187276 -5.995807843959823 0
1.270574656348463 -0.1468345241902045 0
-0.05388401884834432 -0.2124174654333795 0
-1.354335979022348 -0.331999839414819 0
-1.654194228927291 0.539167651371881 0
2.239548669195322 -1.615871748360864 0
1.243085613303718 -0.3082073783288825 0
-0.1235010809204918 0.001295688107716969 0
1.040664094341534 -0.07398735874189633 0
0.04812657542523335 -0.2735468820359483 0
-0.02469789612973275 -0.1310686288897792 0
-0.1348881915864063 0.3842409220984283 0
0.2769332208760374 -0.6188300515630238 0
-0.003845012868316947 0.009286765974110319 0
0.2551063714864859 0.3604362693161535 0
1.188639558719836 -0.1665280163999231 0
0.2890706760426657 0.1247446466669293 0
-0.2279906179520162 1.015198416566298 0
9.897818838427387 14.62661372286522 0
48.1874803152557 -39.55134135880833 0
1.240313368728421 -0.1269628163400249 0
-0.025473849715258 -1.677013240297149 0
1.061631747176256 0.011049955936426764 0
-0.1085152400963888 0.00832075197087344 0
0.4578181030052169 0.2956760427323759 0
-0.08206839908978779 -0.1515874928027022 0
0.01761515333489302 0.1413370466213652 0
-0.141926957393275 -0.489822444682353 0
60.25328148604596 -71.92548981272624 0
1.731513723994134 0.8344835654602093 0
-0.01021534127231035 0.02438674179738901 0
1.085363033460639 0.06834786879303185 0
0.9665305967989877 -0.1952609036004539 0
-0.003694175233751099 0.01711469867390946 0
1.031639571243777 -0.1231462579321048 0
-0.03755037754578469 -0.03199381325061183 0
19.11419807311715 -3.754220967955919 0
-0.0794676985805335 -0.05830610583656291 0
50.31364997321453 76.98607020338439 0
1.0088502516497555 0.021638888905404725 0
1.217966439574451 -0.1526926682039757 0
-81.15831215329456 -36.29443351288092 0
-0.01587227804537719 -0.03246171295781582 0
8.682301213915519 23.145574277328 0
1.125474459486227 -0.1809524949870156 0
-0.02966666275305515 0.01956514556976085 0
-0.1345453285728187 -0.0777787031657669 0
-0.01559230069456012 -0.003754113835641689 0
0.488046964520527 0.1285400820498432 0
-3.129352703440131e-05 0.06223037375003557 0
0.6320824161707191 0.4390476431614442 0
1.268806972874847 -0.08703925523357134 0
-0.03951512995559152 -0.002446415209858565 0
-50.77023368224009 37.04894830489463 0
1.048897835987034 0.026945145830785007 0
0.3247329029424593 -4.444668310807936 0
0.5469953507875445 1.022833310175989 0
0.7438089644802099 -1.673716512438814 0
0.01228004539024189 0.04147092301747053 0
-0.05252081622695141 0.1009716481519674 0
-0.03024307655926895 -0.05509478276277593 0
0.9093049419595238 8.41047938137218 0
1.259885650657333 -0.1370999851533049 0
0.2201840428061138 0.2329420346655848 0
-23.16090581272603 6.248405925708577 0
0.7927295959789586 -0.1633067397394843 0
1.0342183333514297 -0.049104098961722735 0
0.9030325571933825 0.05453438363976625 0
0.6330343556978808 0.1158635480486108 0
40.17012293368704 16.76412317383333 0
2.778511549426084 -6.853183171411916 0
1.033425541074543 -0.00023443812519561777 0
1.092113970615411 -0.1554751474261736 0
0.9961986325946403 -0.06192991325273789 0
-0.1347046108792151 -0.09646197873844964 0
1.146778818295337 -0.1330187632001813 0
75.16345816696679 76.36641290302626 0
1.25183556436019 -0.1279416004330979 0
5.149423934096754 5.193276606573862 0
0.06241128073766251 -0.2047889149395337 0
-0.1450553151621801 -0.1222341701306737 0
0.1201434409948213 -0.1792898588292927 0
0.1006874777012135 -0.434049701070905 0
-32.36046199905706 73.45537074948781 0
1.0119040708899019 -0.028012098063065156 0
-0.574517092761697 -3.436739581787893 0
0.03269590268400162 3.921931236064009 0
-1.510103475768912 4.425985969085783 0
-2.586486055297155 5.687050571007886 0
1.261771866274676 -0.1099902188259498 0
-0.050514431904884 0.01955549052071022 0
-0.1487433130079614 -0.1086579134344076 0
0.5532919714562707 -0.4161319522343293 0
-23.75079897417169 -26.24805883467256 0
-11.21747707336171 -4.624846043037637 0
0.07497470522782605 -0.701356328389543 0
0.3509389968388639 -0.1817989865982271 0
4.870338791780105 9.659969998227472 0
1.223142986038577 -0.2122039424679304 0
1.174628579030804 -0.1436943939483082 0
-46.82142937101131 -47.21135673226172 0
0.7168356535147496 0.2097255797814339 0
0.4215028812694788 -0.383290268334882 0
-0.1518542078249553 -0.09137460721330498 0
-13.37232959747605 -38.0056622615359 0
1.06567669289528 -0.07404998572928745 0
0.07785539469683668 -0.1135122459878179 0
-81.60105819588257 80.00000000008133 0
-0.09814339214869458 -0.1040955661701066 0
0.9390746760135662 -0.03387214900815738 0
0.392498913265678 0.2075148175586813 0
76.67642044820744 6.791296038771316 0
-0.1923188084123429 -0.1191582207344558 0
0.9526516186784669 -0.1134545538593933 0
-0.05311773449899664 0.0509780880676588 0
0.4839501520280918 -0.2124757812600563 0
-0.1136774099656598 0.1843246750127379 0
-5.623447503801775 -2.416661723091877 0
22.0743119109537 43.44939014307637 0
0.1295994188774914 -0.3171884845092686 0
1.013603746983664 -0.04486915944917688 0
1.0277301819166216 -0.02572194697443301 0
1.0275227098202868 -0.031637606357940606 0
1.023190932278486 -0.027926814546449408 0
1.0444288585806376 -0.011724685784316327 0
1.0414136937909053 -0.013030167060278739 0
0.9845441115495885 -0.0269652240471378 0
0.9714369128040523 -0.021493792985510168 0
0.9868687463319062 -0.012524011076530426 0
0.9989450770140749 -0.008983570163789326 0
1.0018792776006809 0.03536381694721679 0
0.9945038218482751 0.016891969585384522 0
0.9834849455211356 0.031345903535573566 0
1.0044346722451656 0.009706841596547661 0
0.9753123336162064 0.05313667470735922 0
1.0211400393285281 0.020135798222285003 0
1.019253065489237 0.03697274966397624 0
1.0330224843953149 0.03000986780844543 0
1.0403971785101462 -0.029847055634257023 0
1.0319015413856594 -0.03443469739447813 0
1.0279767972103753 -0.03765994777161085 0
0.9854441439938321 -0.04114638881288639 0
0.9957789690056531 -0.03209765598865451 0
1.0397683526274015 -0.016238564450436165 0
1.0384203086609185 -0.018405008792253687 0
1.0095216102811324 0.05542954696519528 0
1.0289112789786485 -0.020616837803365595 0
1.0314420639984685 -0.024733171996231894 0
0.9543930289607963 -0.0187187761292138 0
1.0399479673307992 0.019594261024237673 0
1.0123387697008046 -0.03706634513861904 0
1.007798258745956 -0.04452569607941421 0
1.0050630101438625 -0.035486098946943156 0
1.0185015144128218 -0.023308930713106475 0
1.0132432248809466 -0.01735719996715599 0
1.0207833833173998 -0.01447395088980346 0
1.018112598900612 -0.039369413585058716 0
1.0178092902592772 -0.03166386184836345 0
1.0381002154343706 -0.020320335006497044 0
1.0366935713559424 -0.019250517558419212 0
1.0350818128301131 -0.021132994269745457 0
1.03646713133782 -0.023274235171318616 0
1.0342975732859037 -0.02390625921349796 0
1.0254285756125483 -0.008463243828867947 0
1.0269614083552323 -0.015237245780209524 0
0.9615470087177991 0.03170490431052665 0
1.037379895079684 -0.029254911806329963 0
1.038902264623519 -0.026818716014914108 0
1.0134139517122316 0.008957126313397155 0
1.0234247319586558 0.007321707213023493 0
1.0321601957979303 0.005929899137691387 0
1.0268600768098006 -0.0009296974180205225 0
1.0383819929725877 -0.012767995213071292 0
1.038175772157793 -0.022231329021889266 0
1.037956798723273 -0.024484091709415436 0
1.004618590907282 -0.023797412184270297 0
1.0313524000312695 -0.016534855912305888 0
1.0286404011697128 -0.04371491971743659 0
1.0234186752848846 -0.04187781085893981 0
1.0067989665796957 -0.001226645328361425 0
0.9567744964167353 -0.03409645196779708 0
1.031650234212278 -0.005559771100355107 0
1.0061004065900359 -0.012326934999239068 0
1.034625477699357 -0.01396777486360641 0
1.0345118129090498 -0.018058551550570907 0
1.0483586613503086 -0.010730495550568321 0
1.0342651765126012 -0.02752826654631003 0
1.035040057561914 -0.03166628790870524 0
1.0363525326466545 -0.0361823650562323 0
1.0459647731308157 -0.0069857694014611085 0
1.0183022469093896 -0.04660654481460462 0
1.0374496687985548 -0.0038239315205327922 0
1.0357297819230662 -0.009279231796466043 0
1.0475546793718564 0.014528345228755086 0
1.0488232741731762 -0.0024696476335148675 0
1.0434204458701903 -0.002295205205239156 0
1.0390656107703158 0.002464484917047941 0
1.0395462042314434 0.010389552963378814 0
-0.020646971433066125 0.03928307470750563 0
0.026147489387310062 0.03877738495104134 0
0.01519641595398004 0.032889206132654836 0
-0.03353439064706038 -0.009993360716331341 0
-0.02593624276638177 -0.007452188267680431 0
-0.029169480466353565 -0.01304903779226085 0
0.029979929937754814 -0.034525457896350455 0
-0.02791812694762839 0.01714021641998503 0
-0.02518981462806785 0.019502424010815006 0
-0.02344127882264109 0.017077494861039183 0
-0.014482143305411274 0.03487925700244754 0
-0.026558294022570983 0.0336808796731278 0
-0.049715972497329085 -0.02053610550601661 0
-0.04266971548036687 -0.013590466114062134 0
-0.043813885363994394 -0.022535849632866235 0
0.01902885650442479 -0.030668353532339987 0
0.009920775970380711 0.02507674293146284 0
0.003168696479713906 0.01902234788072405 0
-0.03326044778311577 0.024142388001655857 0
-0.03555868553049055 0.030479892643946342 0
-0.030424884402851057 0.03174719273589541 0
0.013250899317993555 -0.033621317755418365 0
0.012334829331286955 -0.023719914426232988 0
-0.053554404065739636 -0.015291497539301861 0
-0.05469857394936716 -0.02423688105810596 0
-0.028896654704265716 0.022487416831682885 0
-0.024419806579278412 0.02242469527273704 0
-0.014602713642712251 0.006757635293791306 0
-0.01473160516900672 0.01220583370623787 0
-0.010619023461261541 0.008407091424153326 0
-0.023791169508178826 -0.01745254762078673 0
-0.03138931738885744 -0.01999372006943764 0
-0.020305681350645345 0.006068924252805543 0
-0.016193099642900166 0.0022701819707209997 0
-0.007924067531072894 -0.04785715252910187 0
0.009442597068634461 -0.040232154680165805 0
0.0004572261513167404 0.014656698910135511 0
-0.000982704905353933 0.021480347644498 0
-0.017416626948887896 -0.02262404004000361 0
-0.01519679002638402 -0.01567935776282682 0
-0.022019491615471416 0.009439026921094785 0
-0.025746639511343518 0.011518481768261465 0
-0.022442443246329533 0.01263583242304253 0
-0.01971413092676899 0.014998040013872505 0
-0.026098610148960925 -0.0014075201310078426 0
-0.021733699968254104 -0.004463197206937352 0
-0.041613040554083824 -0.04070961941381851 0
-0.04420525996337065 -0.030737651137716274 0
0.0027485698954966254 -0.03328371557405881 0
-0.00848915719500536 -0.014845872206625057 0
-0.001773719693266525 -0.010061588866116668 0
-0.0021068099653542543 -0.01606656684153531 0
-0.030742223575530764 -0.00027957253570511055 0
-0.0265396807774031 0.002709418525037968 0
-0.028002664966926695 0.01001353054623944 0
-0.030932468128670464 0.00777137547325293 0
-0.034844973046392745 0.00512973334675018 0
-0.02215484252662308 -0.03676821223507689 0
-0.015330340376830256 -0.044140732758606666 0
-0.021612904858076147 -0.04844723203586773 0
-0.004301057121470409 0.05135591289343047 0
-0.03299389227682683 -0.03653426238147489 0
-0.03705655528512596 -0.04525006854468157 0
-0.03814137915131185 -0.009018312725385162 0
-0.03490814145134005 -0.003421463200804743 0
-0.04562199760641321 0.027049872154215948 0
-0.04278643422614849 0.0346546768884555 0
-0.00846600519961983 -0.03617813272831104 0
-0.01486369975429629 -0.009674379787408177 0
-0.020553216198998338 0.024358382209969436 0
-0.024260056275196205 0.027343375030837315 0
-0.02825349104222917 0.006079521193327211 0
-0.02360987761565933 0.004951573598024479 0
-0.009393080994108384 0.03243409691710719 0
-0.01530440358361324 0.02683190188272936 0
0.00558274984062015 -0.018977581075169146 0
-0.0011326876611186848 -0.023761864415677535 0
-0.004078033461458815 -0.004420447115603207 0
-0.04042072965545062 0.017462444633139007 0
-0.035278365062223774 0.01834766511549737 0
-0.037159002946408434 -0.023792011745761794 0
-0.015730440745318278 0.016647496144234525 0
-0.00932309942894235 -0.0029410006097498253 0
-0.005245065967483535 0.0014794465058533815 0
-0.04404346628464654 -0.007018568598535537 0
-0.01874418402269669 -0.0010863214529532265 0
-0.018581816640117536 -0.007130989589625815 0
-0.059649403884348945 0.014783516711455074 0
0.006124375931603745 0.05185064838375305 0
0.0018546123371677367 0.04097618752714795 0
-0.004243287924633559 0.025116369206237776 0
-0.0034210276464315924 0.033163724325955955 0
-0.058565044154370485 -0.013292217267125771 0
-0.007296463927936479 0.011571027905355104 0
-0.007167572401642008 0.006122829492908541 0
-0.01234726275623514 -0.02665628156992976 0
-0.020941642238029946 -0.028429471427889673 0
0.007004405406642562 0.03365845981627853 0
-0.0019225064341584735 0.0046433829870551595 0
0.0003818073340338163 0.010742732560235939 0
-0.03901089092220203 0.001987842681650547 0
-0.04377615787006469 -0.0012928447496249103 0
-0.04830449419911971 -0.005864998138301883 0
-0.05358244270233241 -0.009591441715036422 0
-0.030914571983373714 0.0166926939455244 0
-0.03534921207978223 0.0006954754552410676 0
-0.011874183808738874 -0.0062975040334240515 0
-0.013041216314763595 -0.00039761041196746303 0
-0.04648082115251499 0.015802645938640718 0
-0.052658701524289 0.014539379553021384 0
-0.034030455831905206 0.02122011673973382 0
-0.044454340407819634 0.021215289215208506 0
-0.051682089103477574 0.02539007345971766 0
-0.004940989910477778 -0.030372701340424975 0
-0.031780691988233696 -0.028195521574287674 0
-0.01546415388769545 0.021913222124629084 0
-0.01048162812993318 0.01912101581699445 0
-0.05750513426494394 0.019799627679143908 0
-0.007221045110653555 0.015484994255254675 0
-0.0037695940510340227 0.01320073232400989 0
-0.027224206719275834 -0.03273597070515074 0
-0.006954758253030725 0.020750720235649237 0
$EndNodes
$Elements
125 1826 1 1826
1 1 1 1
1 1 6
1 2 1 1
2 6 11
1 3 1 1
3 11 16
1 4 1 1
4 16 21
1 5 1 1
5 21 26
1 6 1 1
6 26 31
1 7 1 1
7 31 36
1 8 1 1
8 36 41
1 9 1 1
9 41 46
1 10 1 1
10 46 51
1 11 1 1
11 51 56
1 12 1 1
12 56 61
1 13 1 1
13 61 66
1 14 1 1
14 66 71
1 15 1 1
15 71 76
1 16 1 1
16 76 81
1 17 1 1
17 81 86
1 18 1 1
18 86 91
1 19 1 1
19 91 96
1 20 1 1
20 96 101
1 21 1 1
21 101 106
1 22 1 1
22 106 111
1 23 1 1
23 111 116
1 24 1 1
24 116 121
1 25 1 1
25 121 126
1 26 1 1
26 126 131
1 27 1 1
27 131 136
1 28 1 1
28 136 141
1 29 1 1
29 141 146
1 30 1 1
30 146 151
1 31 1 1
31 151 156
1 32 1 1
32 156 161
1 33 1 1
33 161 166
1 34 1 1
34 166 171
1 35 1 1
35 171 176
1 36 1 1
36 176 181
1 37 1 1
37 181 186
1 38 1 1
38 186 191
1 39 1 1
39 191 196
1 40 1 1
40 196 1
1 41 1 1
41 202 207
1 42 1 1
42 207 212
1 43 1 1
43 212 217
1 44 1 1
44 217 222
1 45 1 1
45 222 227
1 46 1 1
46 227 232
1 47 1 1
47 232 237
1 48 1 1
48 237 242
1 49 1 1
49 242 247
1 50 1 1
50 247 252
1 51 1 1
51 252 257
1 52 1 1
52 257 262
1 53 1 1
53 262 267
1 54 1 1
54 267 272
1 55 1 1
55 272 277
1 56 1 1
56 277 282
1 57 1 1
57 282 287
1 58 1 1
58 287 292
1 59 1 1
59 292 297
1 60 1 1
60 297 302
1 61 1 1
61 302 307
1 62 1 1
62 307 312
1 63 1 1
63 312 317
1 64 1 1
64 317 322
1 65 1 1
65 322 327
1 66 1 1
66 327 332
1 67 1 1
67 332 337
1 68 1 1
68 337 342
1 69 1 1
69 342 347
1 70 1 1
70 347 352
1 71 1 1
71 352 357
1 72 1 1
72 357 362
1 73 1 1
73 362 367
1 74 1 1
74 367 372
1 75 1 1
75 372 377
1 76 1 1
76 377 382
1 77 1 1
77 382 387
1 78 1 1
78 387 392
1 79 1 1
79 392 397
1 80 1 1
80 397 202
1 81 1 1
81 403 408
1 82 1 1
82 408 413
1 83 1 1
83 413 418
1 84 1 1
84 418 423
1 85 1 1
85 423 428
1 86 1 1
86 428 433
1 87 1 1
87 433 438
1 88 1 1
88 438 443
1 89 1 1
89 443 448
1 90 1 1
90 448 453
1 91 1 1
91 453 458
1 92 1 1
92 458 463
1 93 1 1
93 463 468
1 94 1 1
94 468 473
1 95 1 1
95 473 478
1 96 1 1
96 478 483
1 97 1 1
97 483 488
1 98 1 1
98 488 493
1 99 1 1
99 493 498
1 100 1 1
100 498 503
1 101 1 1
101 503 508
1 102 1 1
102 508 513
1 103 1 1
103 513 518
1 104 1 1
104 518 523
1 105 1 1
105 523 528
1 106 1 1
106 528 533
1 107 1 1
107 533 538
1 108 1 1
108 538 543
1 109 1 1
109 543 548
1 110 1 1
110 548 553
1 111 1 1
111 553 558
1 112 1 1
112 558 563
1 113 1 1
113 563 568
1 114 1 1
114 568 573
1 115 1 1
115 573 578
1 116 1 1
116 578 583
1 117 1 1
117 583 588
1 118 1 1
118 588 593
1 119 1 1
119 593 598
1 120 1 1
120 598 403
1 121 1 5
121 604 608
122 608 609
123 609 610
124 610 611
125 611 605
1 122 1 5
126 605 612
127 612 613
128 613 614
129 614 615
130 615 606
1 123 1 5
131 606 616
132 616 617
133 617 618
134 618 619
135 619 607
1 124 1 5
136 607 620
137 620 621
138 621 622
139 622 623
140 623 604
2 1 2 1686
141 698 702 780
142 608 604 1000
143 638 730 1001
144 1273 812 691
145 836 649 886
146 701 757 1064
147 683 684 1187
148 872 751 904
149 730 635 1001
150 237 232 851
151 634 722 827
152 1196 1197 1198
153 641 722 1080
154 852 742 915
155 756 801 929
156 889 641 890
157 646 843 1029
158 745 648 845
159 730 638 1012
160 672 725 801
161 1274 1275 1133
162 644 784 1023
163 833 741 1096
164 612 605 1103
165 756 672 801
166 819 630 820
167 1199 1200 823
168 604 623 1000
169 831 633 879
170 630 742 852
171 843 646 1077
172 1276 1277 1278
173 680 653 698
174 778 645 843
175 1201 1202 1203
176 697 932 1023
177 682 776 857
178 408 403 1137
179 754 647 991
180 761 727 875
181 684 683 920
182 830 633 831
183 671 733 771
184 702 698 995
185 936 863 1171
186 647 858 1087
187 625 868 967
188 1279 880 902
189 796 905 1008
190 749 629 1066
191 700 789 936
192 1025 952 1140
193 801 725 897
194 685 627 895
195 847 785 873
196 81 76 834
197 849 744 1073
198 729 831 879
199 1203 1204 822
200 86 81 880
201 656 641 1080
202 56 51 863
203 710 916 1094
204 635 738 1001
205 648 745 881
206 605 611 1103
207 797 806 1063
208 696 866 899
209 683 668 920
210 650 643 1078
211 855 717 917
212 783 707 977
213 901 617 1044
214 646 920 942
215 1280 1281 1282
216 926 660 995
217 1205 1206 1207
218 668 683 1155
219 820 630 852
220 776 682 1106
221 819 820 1104
222 690 916 1038
223 685 751 812
224 738 955 1033
225 784 644 962
226 729 879 963
227 488 483 853
228 578 573 907
229 632 809 837
230 1283 1284 1273
231 724 655 1173
232 796 732 905
233 946 845 1018
234 774 820 852
235 631 829 1106
236 746 677 894
237 855 767 1021
238 767 917 1184
239 131 126 860
240 955 635 977
241 880 755 902
242 1206 1208 1114
243 730 1012 1081
244 766 646 1100
245 653 926 995
246 1209 940 748
247 403 598 930
248 1210 1211 1212
249 1285 1286 1287
250 829 680 1106
251 1279 1288 902
252 659 652 686
253 1289 1290 884
254 639 847 883
255 702 703 763
256 717 792 1024
257 752 804 1013
258 403 923 1076
259 758 695 892
260 722 634 841
261 788 719 862
262 757 708 980
263 1213 488 935
264 731 683 811
265 642 795 933
266 765 787 981
267 704 755 880
268 932 824 1023
269 803 640 805
270 186 181 892
271 728 830 831
272 860 716 1051
273 610 759 1103
274 810 608 1000
275 916 710 1038
276 639 723 890
277 1291 1292 1293
278 661 658 1010
279 81 834 880
280 252 247 875
281 793 721 1048
282 1294 1295 1288
283 838 732 1069
284 729 807 918
285 817 737 1083
286 473 468 871
287 634 741 833
288 617 826 1044
289 708 757 894
290 787 765 1189
291 924 703 1040
292 806 651 1063
293 763 703 1126
294 809 632 911
295 1197 1214 1215
296 700 936 1171
297 848 628 996
298 463 458 897
299 1216 1201 1217
300 642 696 899
301 704 802 972
302 1296 1285 1297
303 641 656 803
304 784 665 1183
305 692 693 1022
306 738 635 955
307 1281 1298 1299
308 1300 1301 1302
309 736 637 818
310 879 770 963
311 648 814 1018
312 1218 1219 983
313 681 817 1083
314 613 859 916
315 627 685 1191
316 792 715 1024
317 1220 940 937
318 843 740 1084
319 915 742 1092
320 802 704 876
321 1010 658 1029
322 751 716 904
323 955 754 1033
324 1216 911 844
325 1221 1222 1196
326 1303 1304 1278
327 732 838 1046
328 649 659 661
329 701 799 861
330 1305 1300 1306
331 866 695 899
332 675 730 1081
333 917 11 1184
334 725 672 1027
335 837 809 1014
336 1307 755 909
337 685 1022 1191
338 851 232 945
339 994 771 1079
340 826 617 1113
341 709 744 849
342 1223 11 6
343 433 428 898
344 960 1009 1183
345 875 727 964
346 1308 755 764
347 672 756 888
348 1047 678 1192
349 628 874 931
350 1309 1310 1290
351 859 612 1103
352 701 861 1139
353 721 793 885
354 36 31 905
355 958 747 993
356 1311 1303 1312
357 523 518 896
358 890 641 944
359 635 730 976
360 71 66 878
361 796 1025 1140
362 634 833 841
363 609 608 810
364 732 835 905
365 702 763 907
366 665 784 962
367 1212 1224 679
368 624 914 980
369 802 766 1085
370 548 543 941
371 443 438 900
372 671 771 994
373 277 272 903
374 613 612 859
375 657 838 1069
376 1225 1226 1227
377 917 717 952
378 237 851 947
379 660 924 1040
380 1313 1314 1315
381 643 951 1078
382 740 766 802
383 618 617 901
384 772 744 1111
385 897 725 969
386 721 865 1048
387 629 772 1066
388 847 639 1111
389 1282 1316 1315
390 916 859 1094
391 714 922 1062
392 754 991 1167
393 1228 1229 1230
394 1277 1317 1318
395 677 1004 1044
396 609 810 996
397 723 639 883
398 847 770 883
399 971 1039 1194
400 922 735 1062
401 647 754 974
402 803 805 944
403 858 647 891
404 744 772 1073
405 660 753 924
406 637 736 858
407 695 758 899
408 488 853 935
409 1087 858 1170
410 727 761 1042
411 644 972 1085
412 478 473 927
413 958 791 1115
414 643 736 818
415 688 847 873
416 814 648 1119
417 778 843 1084
418 558 553 949
419 882 774 1161
420 911 662 1148
421 21 16 952
422 812 751 1124
423 755 704 972
424 952 717 1140
425 802 876 1154
426 923 703 924
427 1319 1320 1110
428 408 1137 1152
429 868 650 967
430 795 642 1125
431 56 863 936
432 747 958 1115
433 861 799 1047
434 16 917 952
435 826 1059 1193
436 727 825 964
437 1231 1225 1232
438 866 631 940
439 645 828 843
440 790 615 1054
441 858 736 1170
442 905 835 1061
443 1321 1294 1308
444 794 848 1175
445 942 668 960
446 1233 1234 1219
447 141 136 906
448 707 783 841
449 1005 705 1089
450 739 860 1051
451 1016 794 1048
452 759 610 931
453 637 858 891
454 282 277 919
455 651 795 1005
456 638 946 1018
457 845 648 1018
458 16 11 917
459 797 625 806
460 757 701 912
461 1274 808 116
462 688 873 874
463 895 973 1051
464 767 855 917
465 1235 1236 1237
466 715 845 946
467 654 971 1194
468 1322 1323 1324
469 824 644 1023
470 860 126 904
471 791 714 1115
472 672 881 1027
473 1230 1238 1239
474 1240 1209 1207
475 655 814 925
476 611 610 1103
477 820 640 1104
478 1325 1326 1317
479 186 892 1142
480 1314 1327 956
481 907 763 997
482 812 711 1189
483 809 911 1148
484 888 1119 1147
485 1328 1329 957
486 1241 1242 1213
487 1243 1210 1244
488 879 633 1028
489 718 793 794
490 663 837 1014
491 621 620 840
492 453 448 929
493 626 1016 1048
494 649 661 1010
495 688 874 985
496 685 812 1134
497 653 680 829
498 621 885 1037
499 61 56 936
500 719 1087 1170
501 1011 835 1190
502 1330 1331 1332
503 714 674 1115
504 696 829 866
505 724 675 1081
506 861 626 1139
507 671 914 1163
508 705 821 1138
509 750 1011 1190
510 1245 1246 1244
511 785 710 873
512 1218 1247 1200
513 1119 648 1147
514 745 845 1107
515 700 913 1039
516 1333 812 1124
517 1240 191 939
518 920 646 1029
519 876 704 1181
520 871 969 1180
521 979 676 1128
522 626 1048 1139
523 1319 1334 1335
524 568 563 970
525 969 725 1180
526 151 146 934
527 669 693 694
528 1336 1337 1276
529 721 885 1128
530 843 828 1029
531 817 681 1141
532 377 372 982
533 176 171 950
534 873 759 874
535 723 883 1028
536 913 788 1039
537 780 702 907
538 828 1010 1029
539 1292 1338 1339
540 810 848 996
541 811 683 1187
542 913 750 1190
543 740 802 1154
544 831 729 918
545 815 955 977
546 1331 1340 1307
547 979 840 1182
548 1341 1322 1312
549 826 790 1059
550 687 729 963
551 121 116 872
552 1012 655 1081
553 232 227 945
554 774 805 820
555 895 627 973
556 828 645 886
557 863 51 961
558 1004 746 1026
559 846 660 926
560 473 871 927
561 753 660 846
562 703 762 1126
563 1342 1299 1343
564 688 770 847
565 621 840 885
566 881 745 1109
567 1326 1344 1345
568 1346 1347 1283
569 732 796 1069
570 745 837 1109
571 116 808 872
572 912 865 1026
573 877 758 1176
574 619 618 1158
575 650 652 659
576 641 803 944
577 838 667 1046
578 703 702 1040
579 677 746 1004
580 71 878 928
581 687 963 985
582 750 961 1011
583 1236 1248 1249
584 632 837 948
585 740 843 1077
586 1348 1349 1324
587 792 717 855
588 729 687 1015
589 744 785 1111
590 726 960 1155
591 677 1044 1193
592 423 418 958
593 718 794 1175
594 714 864 1137
595 834 76 928
596 948 745 1107
597 252 875 964
598 753 675 924
599 166 161 953
600 862 719 1157
601 674 714 1062
602 762 923 930
603 1250 1227 1217
604 674 925 1090
605 413 408 1152
606 722 641 889
607 751 808 1124
608 1251 1221 1239
609 914 624 1163
610 789 700 971
611 1252 1253 1215
612 965 678 1047
613 912 701 1139
614 814 655 1012
615 890 944 1066
616 685 895 1101
617 759 873 1094
618 463 897 969
619 951 800 1078
620 834 704 880
621 631 937 940
622 1343 1293 1284
623 770 688 963
624 1208 1243 1254
625 960 726 1009
626 242 237 947
627 891 647 974
628 842 877 1176
629 857 776 990
630 829 631 866
631 723 889 890
632 578 907 997
633 646 766 1077
634 707 841 1132
635 1323 1350 986
636 76 71 928
637 1351 1352 978
638 892 887 1142
639 634 827 1130
640 714 791 864
641 622 621 1037
642 838 657 1033
643 257 252 964
644 661 686 867
645 645 778 1053
646 800 994 1079
647 905 31 1008
648 807 626 861
649 875 247 975
650 719 788 1087
651 698 653 995
652 759 1094 1103
653 944 749 1066
654 1353 1320 1287
655 287 282 1057
656 665 942 960
657 747 898 993
658 652 669 694
659 808 751 872
660 1348 1295 1050
661 267 262 959
662 719 850 1053
663 126 121 904
664 824 932 1135
665 766 740 1077
666 1242 1249 1056
667 1255 1223 1202
668 815 707 891
669 720 834 928
670 615 614 1054
671 832 706 953
672 610 609 931
673 642 933 1017
674 771 733 915
675 898 747 1174
676 795 1058 1131
677 1232 1228 1198
678 628 931 996
679 1344 1328 1327
680 706 842 953
681 733 852 915
682 840 620 1182
683 658 661 684
684 972 802 1085
685 963 688 985
686 1059 709 1193
687 774 852 1161
688 756 929 984
689 835 732 1046
690 937 682 1129
691 51 46 961
692 1316 1354 1301
693 36 905 1061
694 770 879 1028
695 598 593 1164
696 614 613 1186
697 681 1014 1030
698 1211 1205 1220
699 757 746 894
700 667 913 1190
701 760 898 1174
702 673 925 1119
703 965 671 994
704 939 887 940
705 478 927 1032
706 1350 1355 1356
707 933 795 1131
708 831 918 1075
709 1246 1256 1238
710 483 478 1032
711 1229 1250 1257
712 882 1162 1163
713 636 1047 1192
714 680 776 1106
715 1094 859 1103
716 1041 971 1156
717 794 793 1048
718 1357 1336 1286
719 628 848 1179
720 756 900 1150
721 898 428 993
722 1358 1359 1318
723 626 807 1016
724 900 760 1150
725 772 629 1073
726 613 916 1186
727 247 242 975
728 538 533 990
729 840 979 1128
730 750 913 1171
731 874 759 931
732 1258 1259 1251
733 715 792 1107
734 637 1067 1096
735 730 675 1013
736 807 729 1015
737 636 1075 1169
738 1234 1235 1259
739 699 1055 1104
740 617 616 1113
741 655 724 1081
742 136 131 954
743 625 797 1086
744 665 960 1183
745 468 463 969
746 979 619 1158
747 925 673 1090
748 834 720 1181
749 46 41 1011
750 1260 518 513
751 837 745 948
752 443 900 984
753 644 824 1052
754 921 708 1172
755 1038 744 1144
756 696 642 1017
757 848 794 1168
758 927 817 1032
759 913 700 1171
760 682 937 1106
761 1033 657 1035
762 793 718 1037
763 827 722 889
764 744 709 1144
765 31 26 1008
766 615 790 1151
767 725 1027 1068
768 277 903 919
769 895 716 1101
770 708 894 1118
771 61 936 1049
772 934 821 1185
773 1360 382 981
774 853 483 1032
775 664 774 882
776 746 757 912
777 763 989 997
778 1004 901 1044
779 871 468 969
780 878 66 1049
781 675 724 735
782 652 868 1045
783 833 1067 1132
784 738 1033 1035
785 885 793 1037
786 765 692 1189
787 433 898 1034
788 907 573 1036
789 624 882 1163
790 131 860 954
791 897 458 1065
792 1237 1261 1222
793 900 438 1034
794 438 433 1034
795 903 731 919
796 695 866 940
797 914 671 965
798 792 948 1107
799 694 693 781
800 1004 676 1158
801 639 1066 1111
802 1024 657 1140
803 716 895 1051
804 657 1069 1140
805 646 942 1100
806 1361 1362 1333
807 357 781 1082
808 892 181 1060
809 758 877 899
810 737 817 927
811 888 756 1150
812 881 672 1147
813 707 815 977
814 66 61 1049
815 367 362 1082
816 925 674 1173
817 448 443 984
818 699 926 943
819 874 628 985
820 702 995 1040
821 625 967 1092
822 692 1022 1134
823 883 770 1028
824 945 227 1043
825 973 670 1051
826 773 932 1072
827 767 844 911
828 418 413 1095
829 906 136 954
830 1363 1346 1364
831 593 588 988
832 716 860 904
833 181 176 1060
834 926 653 943
835 282 919 1057
836 656 783 804
837 1365 227 222
838 121 872 904
839 947 761 975
840 428 423 993
841 1006 677 1193
842 931 609 996
843 1248 1233 1074
844 678 965 994
845 658 684 920
846 754 955 974
847 616 606 1151
848 653 829 943
849 945 773 1072
850 788 991 1087
851 458 453 1065
852 751 685 1101
853 1366 1367 1302
854 1368 1369 1311
855 842 706 877
856 788 862 1039
857 1089 705 1138
858 1370 1275 1289
859 1039 862 1194
860 156 151 992
861 1371 1372 1088
862 1373 1374 1127
863 1067 833 1096
864 1375 1376 1071
865 828 886 1010
866 695 887 892
867 26 21 1025
868 453 929 1065
869 728 1075 1192
870 637 891 1067
871 960 668 1155
872 242 947 975
873 765 981 1007
874 651 1005 1089
875 1014 809 1030
876 146 141 1091
877 789 971 1041
878 841 783 1080
879 900 756 984
880 806 625 1092
881 1297 945 1043
882 705 1005 1099
883 785 744 1038
884 962 644 1085
885 946 638 1001
886 680 775 776
887 635 976 977
888 676 1004 1026
889 854 762 930
890 971 654 1156
891 1024 715 1035
892 1168 687 1179
893 805 774 1153
894 903 272 1178
895 670 739 1051
896 41 36 1061
897 929 448 984
898 1090 747 1115
899 865 721 1026
900 930 598 1164
901 709 849 1006
902 1048 865 1139
903 941 543 1019
904 896 518 938
905 885 840 1128
906 1027 663 1068
907 690 1038 1144
908 961 46 1011
909 911 632 1021
910 988 989 1126
911 643 818 951
912 736 850 1170
913 715 946 1035
914 623 622 1116
915 1377 1280 1120
916 553 548 1020
917 528 523 998
918 916 690 1186
919 1008 26 1025
920 829 696 943
921 1378 1373 1329
922 1359 1379 1341
923 741 634 1160
924 752 656 804
925 735 923 924
926 789 878 1049
927 735 724 1062
928 697 1023 1070
929 606 615 1151
930 697 851 1072
931 663 1027 1109
932 1054 690 1059
933 761 947 1112
934 1345 1313 1305
935 934 146 1091
936 267 959 1178
937 878 720 928
938 191 186 1142
939 176 950 1060
940 633 830 1130
941 1009 727 1183
942 837 663 1109
943 958 418 1095
944 693 779 781
945 796 1008 1025
946 815 891 974
947 790 826 1113
948 693 765 779
949 563 558 1031
950 728 831 1075
951 588 583 989
952 1332 1135 666
953 1254 1257 1204
954 716 751 1101
955 825 727 1009
956 620 607 1182
957 972 644 1052
958 1374 1357 1375
959 1095 413 1152
960 941 775 1020
961 257 964 1121
962 1069 796 1140
963 573 568 1036
964 1380 1358 1306
965 755 972 1052
966 848 810 1175
967 1376 1296 1365
968 901 1004 1158
969 607 619 1182
970 141 906 1091
971 630 819 933
972 1381 1382 1165
973 868 625 1086
974 906 739 1138
975 687 985 1179
976 262 257 1121
977 795 651 1058
978 629 749 1153
979 743 853 1141
980 21 952 1025
981 1005 706 1099
982 667 838 1167
983 798 800 951
984 925 814 1119
985 583 578 997
986 750 863 961
987 1011 41 1061
988 1262 1263 1214
989 1383 1377 1352
990 814 1012 1018
991 272 267 1178
992 851 697 1112
993 1042 784 1183
994 807 1015 1016
995 686 652 694
996 533 528 999
997 382 377 1007
998 161 156 1123
999 894 677 1006
1000 1055 819 1104
1001 850 719 1170
1002 1000 718 1175
1003 1157 778 1194
1004 775 949 1020
1005 423 958 993
1006 698 780 786
1007 973 627 1086
1008 788 913 1177
1009 1047 636 1169
1010 543 538 1019
1011 151 934 992
1012 806 742 1058
1013 950 171 1143
1014 887 695 940
1015 1153 664 1172
1016 1028 633 1145
1017 1264 1260 1199
1018 878 789 1041
1019 936 789 1049
1020 739 670 1138
1021 1023 784 1070
1022 1044 826 1193
1023 949 553 1020
1024 953 161 1123
1025 757 980 1064
1026 798 678 800
1027 1263 853 743
1028 971 700 1039
1029 882 624 1136
1030 775 698 786
1031 676 979 1158
1032 877 642 899
1033 1026 721 1128
1034 731 811 919
1035 684 661 867
1036 786 780 970
1037 783 656 1080
1038 942 665 1100
1039 976 730 1013
1040 735 922 923
1041 1261 1241 1262
1042 754 838 1033
1043 593 988 1164
1044 1045 627 1191
1045 171 166 1143
1046 1002 681 1030
1047 1384 1385 1338
1048 719 1053 1157
1049 775 786 949
1050 841 833 1132
1051 779 765 982
1052 991 788 1177
1053 1379 1380 1355
1054 959 262 1121
1055 166 953 1143
1056 761 875 975
1057 805 749 944
1058 818 637 1096
1059 723 827 889
1060 720 878 1041
1061 939 191 1142
1062 785 847 1111
1063 720 876 1181
1064 976 783 977
1065 710 785 1038
1066 848 1168 1179
1067 708 1093 1172
1068 704 834 1181
1069 776 775 941
1070 821 906 1138
1071 845 715 1107
1072 1367 1371 1356
1073 1150 760 1174
1074 676 1026 1128
1075 618 901 1158
1076 627 1045 1086
1077 548 941 1020
1078 891 707 1067
1079 896 777 1097
1080 672 888 1147
1081 673 888 1150
1082 990 776 1019
1083 951 741 1003
1084 665 962 1100
1085 1066 772 1111
1086 746 912 1026
1087 851 945 1072
1088 377 982 1007
1089 372 367 1098
1090 1022 685 1134
1091 821 705 1185
1092 558 949 1031
1093 692 812 1189
1094 1014 681 1083
1095 871 737 927
1096 932 697 1072
1097 1349 1321 1386
1098 752 753 846
1099 810 1000 1175
1100 674 1090 1115
1101 667 1167 1177
1102 1335 1135 932
1103 1265 1030 1195
1104 774 664 1153
1105 1361 808 1133
1106 838 754 1167
1107 651 806 1058
1108 888 673 1119
1109 670 973 1063
1110 1042 761 1070
1111 1337 1378 1325
1112 664 1136 1172
1113 741 818 1096
1114 706 1005 1125
1115 970 563 1031
1116 865 912 1139
1117 1003 741 1160
1118 825 1009 1149
1119 658 920 1029
1120 1362 1370 1364
1121 1090 673 1174
1122 825 959 1121
1123 873 710 1094
1124 1387 1353 1304
1125 669 1045 1191
1126 1093 629 1172
1127 1388 1389 1354
1128 1390 1382 1360
1129 645 1053 1102
1130 642 877 1125
1131 804 783 976
1132 568 970 1036
1133 886 645 1102
1134 862 1157 1194
1135 1226 1030 662
1136 717 1024 1140
1137 824 909 1052
1138 657 1024 1035
1139 1339 1189 711
1140 1006 849 1118
1141 670 1089 1138
1142 959 825 1149
1143 1084 740 1154
1144 800 678 994
1145 736 836 850
1146 709 1059 1144
1147 737 1068 1083
1148 523 896 998
1149 877 706 1125
1150 664 882 1136
1151 693 669 1022
1152 850 836 1102
1153 1093 708 1118
1154 970 780 1036
1155 860 739 954
1156 1075 918 1169
1157 1075 636 1192
1158 876 720 1156
1159 947 851 1112
1160 894 1006 1118
1161 1046 667 1190
1162 1076 714 1137
1163 832 992 1185
1164 718 1000 1116
1165 747 1090 1174
1166 980 914 1064
1167 798 728 1192
1168 663 1014 1083
1169 991 647 1087
1170 948 792 1188
1171 156 992 1123
1172 1053 778 1157
1173 853 817 1141
1174 771 967 1079
1175 632 948 1188
1176 1381 1384 1351
1177 1252 1141 1002
1178 863 750 1171
1179 790 1054 1059
1180 946 738 1035
1181 784 1042 1070
1182 1255 767 1184
1183 1059 690 1144
1184 1016 1015 1168
1185 989 763 1126
1186 898 760 1034
1187 699 943 1055
1188 990 533 999
1189 696 1017 1055
1190 760 900 1034
1191 762 854 1126
1192 731 903 1166
1193 827 633 1130
1194 864 1095 1152
1195 937 631 1106
1196 709 1006 1193
1197 1340 1368 1386
1198 964 825 1121
1199 909 755 1052
1200 1073 629 1093
1201 1256 1266 1267
1202 909 824 1135
1203 988 588 989
1204 733 671 1162
1205 639 890 1066
1206 807 861 1169
1207 992 832 1123
1208 1137 864 1152
1209 1099 832 1185
1210 1068 663 1083
1211 771 915 967
1212 812 692 1134
1213 1268 1097 777
1214 1068 737 1180
1215 933 819 1017
1216 982 372 1098
1217 959 856 1178
1218 799 701 1064
1219 686 694 867
1220 798 951 1003
1221 1021 632 1188
1222 738 946 1001
1223 801 897 1065
1224 835 1011 1061
1225 648 881 1147
1226 929 801 1065
1227 728 798 1003
1228 792 855 1188
1229 767 911 1021
1230 634 1130 1160
1231 981 382 1007
1232 690 1054 1186
1233 655 925 1173
1234 1000 623 1116
1235 737 871 1180
1236 1269 1264 1270
1237 674 1062 1173
1238 1070 761 1112
1239 1009 726 1149
1240 962 766 1100
1241 830 728 1003
1242 706 832 1099
1243 678 798 1192
1244 720 1041 1156
1245 1062 724 1173
1246 662 1030 1148
1247 1266 1271 1270
1248 739 906 954
1249 1037 718 1116
1250 619 979 1182
1251 835 1046 1190
1252 854 988 1126
1253 629 1153 1172
1254 967 650 1079
1255 1265 1231 1253
1256 1027 881 1109
1257 1154 876 1156
1258 989 583 997
1259 906 821 1091
1260 1391 1392 1366
1261 1334 1387 1393
1262 780 907 1036
1263 727 1042 1183
1264 742 806 1092
1265 955 815 974
1266 670 1063 1089
1267 914 799 1064
1268 1058 742 1131
1269 1224 1268 1272
1270 1369 1330 1393
1271 1017 819 1055
1272 758 892 1060
1273 950 758 1060
1274 856 726 1166
1275 982 765 1007
1276 1271 1245 1272
1277 818 741 951
1278 1167 991 1177
1279 856 903 1178
1280 913 667 1177
1281 830 1003 1160
1282 995 660 1040
1283 650 1078 1079
1284 538 990 1019
1285 943 696 1055
1286 726 856 1149
1287 886 649 1010
1288 1394 1391 1389
1289 661 659 686
1290 827 723 1145
1291 852 733 1161
1292 887 939 1142
1293 861 1047 1169
1294 817 853 1032
1295 856 959 1149
1296 836 886 1102
1297 633 827 1145
1298 669 652 1045
1299 673 1150 1174
1300 1113 616 1151
1301 1155 731 1166
1302 699 846 926
1303 528 998 999
1304 723 1028 1145
1305 654 1084 1154
1306 781 779 1082
1307 697 1070 1112
1308 766 962 1085
1309 791 958 1095
1310 726 1155 1166
1311 778 1084 1194
1312 998 857 999
1313 799 914 965
1314 1084 654 1194
1315 1067 707 1132
1316 790 1113 1151
1317 749 805 1153
1318 821 934 1091
1319 799 965 1047
1320 864 791 1095
1321 1247 1258 1267
1322 992 934 1185
1323 919 811 1057
1324 367 1082 1098
1325 849 1093 1118
1326 923 922 1076
1327 903 856 1166
1328 988 854 1164
1329 725 1068 1180
1330 1012 638 1018
1331 842 950 1143
1332 776 941 1019
1333 998 896 1097
1334 973 797 1063
1335 1030 809 1148
1336 1136 921 1172
1337 832 953 1123
1338 953 842 1143
1339 918 807 1169
1340 1015 687 1168
1341 1054 614 1186
1342 1063 651 1089
1343 758 950 1176
1344 797 973 1086
1345 985 628 1179
1346 705 1099 1185
1347 722 841 1080
1348 1161 733 1162
1349 630 933 1131
1350 857 998 1097
1351 1347 1388 1342
1352 1269 896 938
1353 1392 1309 1372
1354 794 1016 1168
1355 1298 1383 1291
1356 950 842 1176
1357 681 1002 1141
1358 622 1037 1116
1359 1390 1385 1165
1360 1162 671 1163
1361 654 1154 1156
1362 1005 795 1125
1363 849 1073 1093
1364 855 1021 1188
1365 1310 1394 1363
1366 967 915 1092
1367 1022 669 1191
1368 804 976 1013
1369 854 930 1164
1370 1078 800 1079
1371 786 970 1031
1372 949 786 1031
1373 1045 868 1086
1374 882 1161 1162
1375 1053 850 1102
1376 682 857 1097
1377 1130 830 1160
1378 857 990 999
1379 682 1097 1129
1380 779 982 1098
1381 1082 779 1098
1382 292 287 1057
1383 297 292 1187
1384 811 292 1057
1385 292 811 1187
1386 302 297 1187
1387 307 302 1187
1388 312 307 684
1389 684 307 1187
1390 317 312 867
1391 312 684 867
1392 322 317 867
1393 327 322 867
1394 332 327 867
1395 337 332 867
1396 342 337 694
1397 694 337 867
1398 347 342 694
1399 352 347 781
1400 347 694 781
1401 357 352 781
1402 362 357 1082
1403 923 403 930
1404 403 1076 1137
1405 921 624 980
1406 624 921 1136
1407 742 630 1131
1408 752 640 803
1409 640 752 846
1410 805 640 820
1411 640 846 1104
1412 649 643 659
1413 643 649 836
1414 643 650 659
1415 736 643 836
1416 652 650 868
1417 656 752 803
1418 920 668 942
1419 675 735 924
1420 675 753 1013
1421 680 698 775
1422 683 731 1155
1423 693 692 765
1424 846 699 1104
1425 762 703 923
1426 708 921 980
1427 922 714 1076
1428 753 752 1013
1429 1196 782 1197
1430 1197 712 1198
1431 1198 713 1196
1432 1199 513 508
1433 1199 508 1200
1434 1201 844 1202
1435 1202 6 1203
1436 1203 822 1201
1437 1203 6 1
1438 1203 1 1204
1439 1205 1114 1206
1440 1206 196 1207
1441 1207 748 1205
1442 1206 196 1
1443 1206 1 1208
1444 1209 939 940
1445 1210 1114 1211
1446 1211 937 1212
1447 1212 679 1210
1448 1213 493 488
1449 1197 782 1214
1450 1214 743 1215
1451 1215 712 1197
1452 1216 844 1201
1453 1201 822 1217
1454 1217 662 1216
1455 1218 508 503
1456 1218 503 1219
1457 1220 748 940
1458 1216 662 911
1459 1221 839 1222
1460 1222 782 1196
1461 1196 713 1221
1462 1223 1184 11
1463 1212 937 1129
1464 1212 1129 1224
1465 1225 1195 1226
1466 1226 662 1227
1467 1227 1159 1225
1468 1228 1159 1229
1469 1229 968 1230
1470 1230 713 1228
1471 1231 1195 1225
1472 1225 1159 1232
1473 1232 712 1231
1474 1233 1074 1234
1475 1234 983 1219
1476 1219 503 1233
1477 1235 1074 1236
1478 1236 1056 1237
1479 1237 839 1235
1480 1230 968 1238
1481 1238 734 1239
1482 1239 713 1230
1483 1240 939 1209
1484 1209 748 1207
1485 1207 196 1240
1486 1241 1056 1242
1487 1242 493 1213
1488 1213 935 1241
1489 1243 1114 1210
1490 1210 679 1244
1491 1244 968 1243
1492 1245 1146 1246
1493 1246 968 1244
1494 1244 679 1245
1495 1218 983 1247
1496 1247 823 1200
1497 1200 508 1218
1498 1240 196 191
1499 1236 1074 1248
1500 1248 498 1249
1501 1249 1056 1236
1502 1250 1159 1227
1503 1227 662 1217
1504 1217 822 1250
1505 1251 839 1221
1506 1221 713 1239
1507 1239 734 1251
1508 1252 1002 1253
1509 1253 712 1215
1510 1215 743 1252
1511 1208 1114 1243
1512 1243 968 1254
1513 1254 1 1208
1514 1242 493 498
1515 1242 498 1249
1516 1255 1184 1223
1517 1223 6 1202
1518 1202 844 1255
1519 1232 1159 1228
1520 1228 713 1198
1521 1198 712 1232
1522 1211 1114 1205
1523 1205 748 1220
1524 1220 937 1211
1525 1246 1146 1256
1526 1256 734 1238
1527 1238 968 1246
1528 1229 1159 1250
1529 1250 822 1257
1530 1257 968 1229
1531 1258 983 1259
1532 1259 839 1251
1533 1251 734 1258
1534 1234 1074 1235
1535 1235 839 1259
1536 1259 983 1234
1537 1260 938 518
1538 1237 1056 1261
1539 1261 782 1222
1540 1222 839 1237
1541 1248 498 503
1542 1248 503 1233
1543 1254 968 1257
1544 1257 822 1204
1545 1204 1 1254
1546 1262 935 1263
1547 1263 743 1214
1548 1214 782 1262
1549 1264 938 1260
1550 1260 513 1199
1551 1199 823 1264
1552 1263 935 853
1553 1261 1056 1241
1554 1241 935 1262
1555 1262 782 1261
1556 1265 1002 1030
1557 1226 1195 1030
1558 1252 743 1141
1559 1255 844 767
1560 1256 1146 1266
1561 1266 823 1267
1562 1267 734 1256
1563 1268 1129 1097
1564 1269 938 1264
1565 1264 823 1270
1566 1270 777 1269
1567 1266 1146 1271
1568 1271 777 1270
1569 1270 823 1266
1570 1265 1195 1231
1571 1231 712 1253
1572 1253 1002 1265
1573 1224 1129 1268
1574 1268 777 1272
1575 1272 679 1224
1576 1271 1146 1245
1577 1245 679 1272
1578 1272 777 1271
1579 1247 983 1258
1580 1258 734 1267
1581 1267 823 1247
1582 1269 777 896
1583 1273 711 812
1584 1274 116 111
1585 1274 111 1275
1586 1276 870 1277
1587 1277 689 1278
1588 1278 816 1276
1589 1279 86 880
1590 1280 1120 1281
1591 1281 966 1282
1592 1282 202 1280
1593 1283 813 1284
1594 1284 711 1273
1595 1273 691 1283
1596 1285 1071 1286
1597 1286 816 1287
1598 1287 773 1285
1599 1279 86 91
1600 1279 91 1288
1601 1289 111 106
1602 1289 106 1290
1603 1291 978 1292
1604 1292 711 1293
1605 1293 869 1291
1606 1294 1050 1295
1607 1295 91 1288
1608 1288 902 1294
1609 1296 1071 1285
1610 1285 773 1297
1611 1297 1043 1296
1612 1281 1120 1298
1613 1298 869 1299
1614 1299 966 1281
1615 1300 910 1301
1616 1301 769 1302
1617 1302 908 1300
1618 1303 987 1304
1619 1304 816 1278
1620 1278 689 1303
1621 1305 910 1300
1622 1300 908 1306
1623 1306 768 1305
1624 1307 764 755
1625 1308 902 755
1626 1309 1108 1310
1627 1310 884 1290
1628 1290 106 1309
1629 1311 987 1303
1630 1303 689 1312
1631 1312 893 1311
1632 1313 956 1314
1633 1314 202 1315
1634 1315 910 1313
1635 1282 966 1316
1636 1316 910 1315
1637 1315 202 1282
1638 1277 870 1317
1639 1317 768 1318
1640 1318 689 1277
1641 1319 932 773
1642 1319 773 1320
1643 1321 1050 1294
1644 1294 902 1308
1645 1308 764 1321
1646 1274 1133 808
1647 1322 986 1323
1648 1323 96 1324
1649 1324 893 1322
1650 1325 957 1326
1651 1326 768 1317
1652 1317 870 1325
1653 1314 202 207
1654 1314 207 1327
1655 1328 207 212
1656 1328 212 1329
1657 1330 1117 1331
1658 1331 909 1332
1659 1332 666 1330
1660 1333 691 812
1661 1319 1110 1334
1662 1334 666 1335
1663 1335 932 1319
1664 1336 1127 1337
1665 1337 870 1276
1666 1276 816 1336
1667 1292 978 1338
1668 1338 787 1339
1669 1339 711 1292
1670 1331 1117 1340
1671 1340 764 1307
1672 1307 909 1331
1673 1341 986 1322
1674 1322 893 1312
1675 1312 689 1341
1676 1342 966 1299
1677 1299 869 1343
1678 1343 813 1342
1679 1326 957 1344
1680 1344 956 1345
1681 1345 768 1326
1682 1346 1105 1347
1683 1347 813 1283
1684 1283 691 1346
1685 1348 1050 1349
1686 1349 893 1324
1687 1324 96 1348
1688 1343 869 1293
1689 1293 711 1284
1690 1284 813 1343
1691 1323 96 101
1692 1323 101 1350
1693 1351 392 397
1694 1351 397 1352
1695 1353 1110 1320
1696 1320 773 1287
1697 1287 816 1353
1698 1348 96 91
1699 1348 91 1295
1700 1344 957 1328
1701 1328 207 1327
1702 1327 956 1344
1703 1316 966 1354
1704 1354 769 1301
1705 1301 910 1316
1706 1350 986 1355
1707 1355 908 1356
1708 1356 101 1350
1709 1357 1127 1336
1710 1336 816 1286
1711 1286 1071 1357
1712 1358 1122 1359
1713 1359 689 1318
1714 1318 768 1358
1715 1360 387 382
1716 1361 1133 1362
1717 1362 691 1333
1718 1333 1124 1361
1719 1363 1105 1346
1720 1346 691 1364
1721 1364 884 1363
1722 1365 1043 227
1723 1366 1088 1367
1724 1367 908 1302
1725 1302 769 1366
1726 1368 1117 1369
1727 1369 987 1311
1728 1311 893 1368
1729 1370 1133 1275
1730 1275 111 1289
1731 1289 884 1370
1732 1371 101 106
1733 1371 106 1372
1734 1373 212 217
1735 1373 217 1374
1736 1375 217 222
1737 1375 222 1376
1738 1297 773 945
1739 1377 397 202
1740 1377 202 1280
1741 1378 1127 1373
1742 1373 212 1329
1743 1329 957 1378
1744 1359 1122 1379
1745 1379 986 1341
1746 1341 689 1359
1747 1345 956 1313
1748 1313 910 1305
1749 1305 768 1345
1750 1332 909 1135
1751 1374 1127 1357
1752 1357 1071 1375
1753 1375 217 1374
1754 1380 1122 1358
1755 1358 768 1306
1756 1306 908 1380
1757 1376 1071 1296
1758 1296 1043 1365
1759 1365 222 1376
1760 1381 392 387
1761 1381 387 1382
1762 1383 1120 1377
1763 1377 397 1352
1764 1352 978 1383
1765 1384 1165 1385
1766 1385 787 1338
1767 1338 978 1384
1768 1379 1122 1380
1769 1380 908 1355
1770 1355 986 1379
1771 1367 1088 1371
1772 1371 101 1356
1773 1356 908 1367
1774 1349 1050 1321
1775 1321 764 1386
1776 1386 893 1349
1777 1335 666 1135
1778 1361 1124 808
1779 1337 1127 1378
1780 1378 957 1325
1781 1325 870 1337
1782 1362 1133 1370
1783 1370 884 1364
1784 1364 691 1362
1785 1387 1110 1353
1786 1353 816 1304
1787 1304 987 1387
1788 1388 1105 1389
1789 1389 769 1354
1790 1354 966 1388
1791 1390 1165 1382
1792 1382 387 1360
1793 1360 981 1390
1794 1339 787 1189
1795 1381 1165 1384
1796 1384 978 1351
1797 1351 392 1381
1798 1340 1117 1368
1799 1368 893 1386
1800 1386 764 1340
1801 1391 1108 1392
1802 1392 1088 1366
1803 1366 769 1391
1804 1334 1110 1387
1805 1387 987 1393
1806 1393 666 1334
1807 1369 1117 1330
1808 1330 666 1393
1809 1393 987 1369
1810 1394 1108 1391
1811 1391 769 1389
1812 1389 1105 1394
1813 1347 1105 1388
1814 1388 966 1342
1815 1342 813 1347
1816 1392 1108 1309
1817 1309 106 1372
1818 1372 1088 1392
1819 1298 1120 1383
1820 1383 978 1291
1821 1291 869 1298
1822 1390 981 787
1823 1390 787 1385
1824 1310 1108 1394
1825 1394 1105 1363
1826 1363 884 1310
$EndElements
