$MeshFormat
4.1 0 8
$EndMeshFormat
$PhysicalNames
8
1 1 "main"
1 2 "slat"
1 3 "flap"
1 4 "bot"
1 5 "right"
1 6 "top"
1 7 "left"
2 8 "interior"
$EndPhysicalNames
$Entities
0 7 1 0
1 0.0 -0.04240627233275335 0.0 1.0 0.0791623993317242 0.0 1 1 0
2 -0.1921538220782566 -0.1029158937763976 0.0 -0.02616959114220163 0.01471528727020921 0.0 1 2 0
3 1.0394710680829107 -0.1256545654351749 0.0 1.266576946759163 -0.01292771697477845 0.0 1 3 0
4 -100.0 -100.0 0.0 100.0 -100.0 0.0 1 4 0
5 100.0 -100.0 0.0 100.0 100.0 0.0 1 5 0
6 -100.0 100.0 0.0 100.0 100.0 0.0 1 6 0
7 -100.0 -100.0 0.0 -100.0 100.0 0.0 1 7 0
1 -100.0 -100.0 0.0 100.0 100.0 0.0 1 8 7 1 2 3 4 5 6 7
$EndEntities
$Nodes
1 4958 1 4958
2 1 0 4958
1
2
3
4
5
6
7
8
9
10
11
12
13
14
15
16
17
18
19
20
21
22
23
24
25
26
27
28
29
30
31
32
33
34
35
36
37
38
39
40
41
42
43
44
45
46
47
48
49
50
51
52
53
54
55
56
57
58
59
60
61
62
63
64
65
66
67
68
69
70
71
72
73
74
75
76
77
78
79
80
81
82
83
84
85
86
87
88
89
90
91
92
93
94
95
96
97
98
99
100
101
102
103
104
105
106
107
108
109
110
111
112
113
114
115
116
117
118
119
120
121
122
123
124
125
126
127
128
129
130
131
132
133
134
135
136
137
138
139
140
141
142
143
144
145
146
147
148
149
150
151
152
153
154
155
156
157
158
159
160
161
162
163
164
165
166
167
168
169
170
171
172
173
174
175
176
177
178
179
180
181
182
183
184
185
186
187
188
189
190
191
192
193
194
195
196
197
198
199
200
201
202
203
204
205
206
207
208
209
210
211
212
213
214
215
216
217
218
219
220
221
222
223
224
225
226
227
228
229
230
231
232
233
234
235
236
237
238
239
240
241
242
243
244
245
246
247
248
249
250
251
252
253
254
255
256
257
258
259
260
261
262
263
264
265
266
267
268
269
270
271
272
273
274
275
276
277
278
279
280
281
282
283
284
285
286
287
288
289
290
291
292
293
294
295
296
297
298
299
300
301
302
303
304
305
306
307
308
309
310
311
312
313
314
315
316
317
318
319
320
321
322
323
324
325
326
327
328
329
330
331
332
333
334
335
336
337
338
339
340
341
342
343
344
345
346
347
348
349
350
351
352
353
354
355
356
357
358
359
360
361
362
363
364
365
366
367
368
369
370
371
372
373
374
375
376
377
378
379
380
381
382
383
384
385
386
387
388
389
390
391
392
393
394
395
396
397
398
399
400
401
402
403
404
405
406
407
408
409
410
411
412
413
414
415
416
417
418
419
420
421
422
423
424
425
426
427
428
429
430
431
432
433
434
435
436
437
438
439
440
441
442
443
444
445
446
447
448
449
450
451
452
453
454
455
456
457
458
459
460
461
462
463
464
465
466
467
468
469
470
471
472
473
474
475
476
477
478
479
480
481
482
483
484
485
486
487
488
489
490
491
492
493
494
495
496
497
498
499
500
501
502
503
504
505
506
507
508
509
510
511
512
513
514
515
516
517
518
519
520
521
522
523
524
525
526
527
528
529
530
531
532
533
534
535
536
537
538
539
540
541
542
543
544
545
546
547
548
549
550
551
552
553
554
555
556
557
558
559
560
561
562
563
564
565
566
567
568
569
570
571
572
573
574
575
576
577
578
579
580
581
582
583
584
585
586
587
588
589
590
591
592
593
594
595
596
597
598
599
600
601
602
603
604
605
606
607
608
609
610
611
612
613
614
615
616
617
618
619
620
621
622
623
624
625
626
627
628
629
630
631
632
633
634
635
636
637
638
639
640
641
642
643
644
645
646
647
648
649
650
651
652
653
654
655
656
657
658
659
660
661
662
663
664
665
666
667
668
669
670
671
672
673
674
675
676
677
678
679
680
681
682
683
684
685
686
687
688
689
690
691
692
693
694
695
696
697
698
699
700
701
702
703
704
705
706
707
708
709
710
711
712
713
714
715
716
717
718
719
720
721
722
723
724
725
726
727
728
729
730
731
732
733
734
735
736
737
738
739
740
741
742
743
744
745
746
747
748
749
750
751
752
753
754
755
756
757
758
759
760
761
762
763
764
765
766
767
768
769
770
771
772
773
774
775
776
777
778
779
780
781
782
783
784
785
786
787
788
789
790
791
792
793
794
795
796
797
798
799
800
801
802
803
804
805
806
807
808
809
810
811
812
813
814
815
816
817
818
819
820
821
822
823
824
825
826
827
828
829
830
831
832
833
834
835
836
837
838
839
840
841
842
843
844
845
846
847
848
849
850
851
852
853
854
855
856
857
858
859
860
861
862
863
864
865
866
867
868
869
870
871
872
873
874
875
876
877
878
879
880
881
882
883
884
885
886
887
888
889
890
891
892
893
894
895
896
897
898
899
900
901
902
903
904
905
906
907
908
909
910
911
912
913
914
915
916
917
918
919
920
921
922
923
924
925
926
927
928
929
930
931
932
933
934
935
936
937
938
939
940
941
942
943
944
945
946
947
948
949
950
951
952
953
954
955
956
957
958
959
960
961
962
963
964
965
966
967
968
969
970
971
972
973
974
975
976
977
978
979
980
981
982
983
984
985
986
987
988
989
990
991
992
993
994
995
996
997
998
999
1000
1001
1002
1003
1004
1005
1006
1007
1008
1009
1010
1011
1012
1013
1014
1015
1016
1017
1018
1019
1020
1021
1022
1023
1024
1025
1026
1027
1028
1029
1030
1031
1032
1033
1034
1035
1036
1037
1038
1039
1040
1041
1042
1043
1044
1045
1046
1047
1048
1049
1050
1051
1052
1053
1054
1055
1056
1057
1058
1059
1060
1061
1062
1063
1064
1065
1066
1067
1068
1069
1070
1071
1072
1073
1074
1075
1076
1077
1078
1079
1080
1081
1082
1083
1084
1085
1086
1087
1088
1089
1090
1091
1092
1093
1094
1095
1096
1097
1098
1099
1100
1101
1102
1103
1104
1105
1106
1107
1108
1109
1110
1111
1112
1113
1114
1115
1116
1117
1118
1119
1120
1121
1122
1123
1124
1125
1126
1127
1128
1129
1130
1131
1132
1133
1134
1135
1136
1137
1138
1139
1140
1141
1142
1143
1144
1145
1146
1147
1148
1149
1150
1151
1152
1153
1154
1155
1156
1157
1158
1159
1160
1161
1162
1163
1164
1165
1166
1167
1168
1169
1170
1171
1172
1173
1174
1175
1176
1177
1178
1179
1180
1181
1182
1183
1184
1185
1186
1187
1188
1189
1190
1191
1192
1193
1194
1195
1196
1197
1198
1199
1200
1201
1202
1203
1204
1205
1206
1207
1208
1209
1210
1211
1212
1213
1214
1215
1216
1217
1218
1219
1220
1221
1222
1223
1224
1225
1226
1227
1228
1229
1230
1231
1232
1233
1234
1235
1236
1237
1238
1239
1240
1241
1242
1243
1244
1245
1246
1247
1248
1249
1250
1251
1252
1253
1254
1255
1256
1257
1258
1259
1260
1261
1262
1263
1264
1265
1266
1267
1268
1269
1270
1271
1272
1273
1274
1275
1276
1277
1278
1279
1280
1281
1282
1283
1284
1285
1286
1287
1288
1289
1290
1291
1292
1293
1294
1295
1296
1297
1298
1299
1300
1301
1302
1303
1304
1305
1306
1307
1308
1309
1310
1311
1312
1313
1314
1315
1316
1317
1318
1319
1320
1321
1322
1323
1324
1325
1326
1327
1328
1329
1330
1331
1332
1333
1334
1335
1336
1337
1338
1339
1340
1341
1342
1343
1344
1345
1346
1347
1348
1349
1350
1351
1352
1353
1354
1355
1356
1357
1358
1359
1360
1361
1362
1363
1364
1365
1366
1367
1368
1369
1370
1371
1372
1373
1374
1375
1376
1377
1378
1379
1380
1381
1382
1383
1384
1385
1386
1387
1388
1389
1390
1391
1392
1393
1394
1395
1396
1397
1398
1399
1400
1401
1402
1403
1404
1405
1406
1407
1408
1409
1410
1411
1412
1413
1414
1415
1416
1417
1418
1419
1420
1421
1422
1423
1424
1425
1426
1427
1428
1429
1430
1431
1432
1433
1434
1435
1436
1437
1438
1439
1440
1441
1442
1443
1444
1445
1446
1447
1448
1449
1450
1451
1452
1453
1454
1455
1456
1457
1458
1459
1460
1461
1462
1463
1464
1465
1466
1467
1468
1469
1470
1471
1472
1473
1474
1475
1476
1477
1478
1479
1480
1481
1482
1483
1484
1485
1486
1487
1488
1489
1490
1491
1492
1493
1494
1495
1496
1497
1498
1499
1500
1501
1502
1503
1504
1505
1506
1507
1508
1509
1510
1511
1512
1513
1514
1515
1516
1517
1518
1519
1520
1521
1522
1523
1524
1525
1526
1527
1528
1529
1530
1531
1532
1533
1534
1535
1536
1537
1538
1539
1540
1541
1542
1543
1544
1545
1546
1547
1548
1549
1550
1551
1552
1553
1554
1555
1556
1557
1558
1559
1560
1561
1562
1563
1564
1565
1566
1567
1568
1569
1570
1571
1572
1573
1574
1575
1576
1577
1578
1579
1580
1581
1582
1583
1584
1585
1586
1587
1588
1589
1590
1591
1592
1593
1594
1595
1596
1597
1598
1599
1600
1601
1602
1603
1604
1605
1606
1607
1608
1609
1610
1611
1612
1613
1614
1615
1616
1617
1618
1619
1620
1621
1622
1623
1624
1625
1626
1627
1628
1629
1630
1631
1632
1633
1634
1635
1636
1637
1638
1639
1640
1641
1642
1643
1644
1645
1646
1647
1648
1649
1650
1651
1652
1653
1654
1655
1656
1657
1658
1659
1660
1661
1662
1663
1664
1665
1666
1667
1668
1669
1670
1671
1672
1673
1674
1675
1676
1677
1678
1679
1680
1681
1682
1683
1684
1685
1686
1687
1688
1689
1690
1691
1692
1693
1694
1695
1696
1697
1698
1699
1700
1701
1702
1703
1704
1705
1706
1707
1708
1709
1710
1711
1712
1713
1714
1715
1716
1717
1718
1719
1720
1721
1722
1723
1724
1725
1726
1727
1728
1729
1730
1731
1732
1733
1734
1735
1736
1737
1738
1739
1740
1741
1742
1743
1744
1745
1746
1747
1748
1749
1750
1751
1752
1753
1754
1755
1756
1757
1758
1759
1760
1761
1762
1763
1764
1765
1766
1767
1768
1769
1770
1771
1772
1773
1774
1775
1776
1777
1778
1779
1780
1781
1782
1783
1784
1785
1786
1787
1788
1789
1790
1791
1792
1793
1794
1795
1796
1797
1798
1799
1800
1801
1802
1803
1804
1805
1806
1807
1808
1809
1810
1811
1812
1813
1814
1815
1816
1817
1818
1819
1820
1821
1822
1823
1824
1825
1826
1827
1828
1829
1830
1831
1832
1833
1834
1835
1836
1837
1838
1839
1840
1841
1842
1843
1844
1845
1846
1847
1848
1849
1850
1851
1852
1853
1854
1855
1856
1857
1858
1859
1860
1861
1862
1863
1864
1865
1866
1867
1868
1869
1870
1871
1872
1873
1874
1875
1876
1877
1878
1879
1880
1881
1882
1883
1884
1885
1886
1887
1888
1889
1890
1891
1892
1893
1894
1895
1896
1897
1898
1899
1900
1901
1902
1903
1904
1905
1906
1907
1908
1909
1910
1911
1912
1913
1914
1915
1916
1917
1918
1919
1920
1921
1922
1923
1924
1925
1926
1927
1928
1929
1930
1931
1932
1933
1934
1935
1936
1937
1938
1939
1940
1941
1942
1943
1944
1945
1946
1947
1948
1949
1950
1951
1952
1953
1954
1955
1956
1957
1958
1959
1960
1961
1962
1963
1964
1965
1966
1967
1968
1969
1970
1971
1972
1973
1974
1975
1976
1977
1978
1979
1980
1981
1982
1983
1984
1985
1986
1987
1988
1989
1990
1991
1992
1993
1994
1995
1996
1997
1998
1999
2000
2001
2002
2003
2004
2005
2006
2007
2008
2009
2010
2011
2012
2013
2014
2015
2016
2017
2018
2019
2020
2021
2022
2023
2024
2025
2026
2027
2028
2029
2030
2031
2032
2033
2034
2035
2036
2037
2038
2039
2040
2041
2042
2043
2044
2045
2046
2047
2048
2049
2050
2051
2052
2053
2054
2055
2056
2057
2058
2059
2060
2061
2062
2063
2064
2065
2066
2067
2068
2069
2070
2071
2072
2073
2074
2075
2076
2077
2078
2079
2080
2081
2082
2083
2084
2085
2086
2087
2088
2089
2090
2091
2092
2093
2094
2095
2096
2097
2098
2099
2100
2101
2102
2103
2104
2105
2106
2107
2108
2109
2110
2111
2112
2113
2114
2115
2116
2117
2118
2119
2120
2121
2122
2123
2124
2125
2126
2127
2128
2129
2130
2131
2132
2133
2134
2135
2136
2137
2138
2139
2140
2141
2142
2143
2144
2145
2146
2147
2148
2149
2150
2151
2152
2153
2154
2155
2156
2157
2158
2159
2160
2161
2162
2163
2164
2165
2166
2167
2168
2169
2170
2171
2172
2173
2174
2175
2176
2177
2178
2179
2180
2181
2182
2183
2184
2185
2186
2187
2188
2189
2190
2191
2192
2193
2194
2195
2196
2197
2198
2199
2200
2201
2202
2203
2204
2205
2206
2207
2208
2209
2210
2211
2212
2213
2214
2215
2216
2217
2218
2219
2220
2221
2222
2223
2224
2225
2226
2227
2228
2229
2230
2231
2232
2233
2234
2235
2236
2237
2238
2239
2240
2241
2242
2243
2244
2245
2246
2247
2248
2249
2250
2251
2252
2253
2254
2255
2256
2257
2258
2259
2260
2261
2262
2263
2264
2265
2266
2267
2268
2269
2270
2271
2272
2273
2274
2275
2276
2277
2278
2279
2280
2281
2282
2283
2284
2285
2286
2287
2288
2289
2290
2291
2292
2293
2294
2295
2296
2297
2298
2299
2300
2301
2302
2303
2304
2305
2306
2307
2308
2309
2310
2311
2312
2313
2314
2315
2316
2317
2318
2319
2320
2321
2322
2323
2324
2325
2326
2327
2328
2329
2330
2331
2332
2333
2334
2335
2336
2337
2338
2339
2340
2341
2342
2343
2344
2345
2346
2347
2348
2349
2350
2351
2352
2353
2354
2355
2356
2357
2358
2359
2360
2361
2362
2363
2364
2365
2366
2367
2368
2369
2370
2371
2372
2373
2374
2375
2376
2377
2378
2379
2380
2381
2382
2383
2384
2385
2386
2387
2388
2389
2390
2391
2392
2393
2394
2395
2396
2397
2398
2399
2400
2401
2402
2403
2404
2405
2406
2407
2408
2409
2410
2411
2412
2413
2414
2415
2416
2417
2418
2419
2420
2421
2422
2423
2424
2425
2426
2427
2428
2429
2430
2431
2432
2433
2434
2435
2436
2437
2438
2439
2440
2441
2442
2443
2444
2445
2446
2447
2448
2449
2450
2451
2452
2453
2454
2455
2456
2457
2458
2459
2460
2461
2462
2463
2464
2465
2466
2467
2468
2469
2470
2471
2472
2473
2474
2475
2476
2477
2478
2479
2480
2481
2482
2483
2484
2485
2486
2487
2488
2489
2490
2491
2492
2493
2494
2495
2496
2497
2498
2499
2500
2501
2502
2503
2504
2505
2506
2507
2508
2509
2510
2511
2512
2513
2514
2515
2516
2517
2518
2519
2520
2521
2522
2523
2524
2525
2526
2527
2528
2529
2530
2531
2532
2533
2534
2535
2536
2537
2538
2539
2540
2541
2542
2543
2544
2545
2546
2547
2548
2549
2550
2551
2552
2553
2554
2555
2556
2557
2558
2559
2560
2561
2562
2563
2564
2565
2566
2567
2568
2569
2570
2571
2572
2573
2574
2575
2576
2577
2578
2579
2580
2581
2582
2583
2584
2585
2586
2587
2588
2589
2590
2591
2592
2593
2594
2595
2596
2597
2598
2599
2600
2601
2602
2603
2604
2605
2606
2607
2608
2609
2610
2611
2612
2613
2614
2615
2616
2617
2618
2619
2620
2621
2622
2623
2624
2625
2626
2627
2628
2629
2630
2631
2632
2633
2634
2635
2636
2637
2638
2639
2640
2641
2642
2643
2644
2645
2646
2647
2648
2649
2650
2651
2652
2653
2654
2655
2656
2657
2658
2659
2660
2661
2662
2663
2664
2665
2666
2667
2668
2669
2670
2671
2672
2673
2674
2675
2676
2677
2678
2679
2680
2681
2682
2683
2684
2685
2686
2687
2688
2689
2690
2691
2692
2693
2694
2695
2696
2697
2698
2699
2700
2701
2702
2703
2704
2705
2706
2707
2708
2709
2710
2711
2712
2713
2714
2715
2716
2717
2718
2719
2720
2721
2722
2723
2724
2725
2726
2727
2728
2729
2730
2731
2732
2733
2734
2735
2736
2737
2738
2739
2740
2741
2742
2743
2744
2745
2746
2747
2748
2749
2750
2751
2752
2753
2754
2755
2756
2757
2758
2759
2760
2761
2762
2763
2764
2765
2766
2767
2768
2769
2770
2771
2772
2773
2774
2775
2776
2777
2778
2779
2780
2781
2782
2783
2784
2785
2786
2787
2788
2789
2790
2791
2792
2793
2794
2795
2796
2797
2798
2799
2800
2801
2802
2803
2804
2805
2806
2807
2808
2809
2810
2811
2812
2813
2814
2815
2816
2817
2818
2819
2820
2821
2822
2823
2824
2825
2826
2827
2828
2829
2830
2831
2832
2833
2834
2835
2836
2837
2838
2839
2840
2841
2842
2843
2844
2845
2846
2847
2848
2849
2850
2851
2852
2853
2854
2855
2856
2857
2858
2859
2860
2861
2862
2863
2864
2865
2866
2867
2868
2869
2870
2871
2872
2873
2874
2875
2876
2877
2878
2879
2880
2881
2882
2883
2884
2885
2886
2887
2888
2889
2890
2891
2892
2893
2894
2895
2896
2897
2898
2899
2900
2901
2902
2903
2904
2905
2906
2907
2908
2909
2910
2911
2912
2913
2914
2915
2916
2917
2918
2919
2920
2921
2922
2923
2924
2925
2926
2927
2928
2929
2930
2931
2932
2933
2934
2935
2936
2937
2938
2939
2940
2941
2942
2943
2944
2945
2946
2947
2948
2949
2950
2951
2952
2953
2954
2955
2956
2957
2958
2959
2960
2961
2962
2963
2964
2965
2966
2967
2968
2969
2970
2971
2972
2973
2974
2975
2976
2977
2978
2979
2980
2981
2982
2983
2984
2985
2986
2987
2988
2989
2990
2991
2992
2993
2994
2995
2996
2997
2998
2999
3000
3001
3002
3003
3004
3005
3006
3007
3008
3009
3010
3011
3012
3013
3014
3015
3016
3017
3018
3019
3020
3021
3022
3023
3024
3025
3026
3027
3028
3029
3030
3031
3032
3033
3034
3035
3036
3037
3038
3039
3040
3041
3042
3043
3044
3045
3046
3047
3048
3049
3050
3051
3052
3053
3054
3055
3056
3057
3058
3059
3060
3061
3062
3063
3064
3065
3066
3067
3068
3069
3070
3071
3072
3073
3074
3075
3076
3077
3078
3079
3080
3081
3082
3083
3084
3085
3086
3087
3088
3089
3090
3091
3092
3093
3094
3095
3096
3097
3098
3099
3100
3101
3102
3103
3104
3105
3106
3107
3108
3109
3110
3111
3112
3113
3114
3115
3116
3117
3118
3119
3120
3121
3122
3123
3124
3125
3126
3127
3128
3129
3130
3131
3132
3133
3134
3135
3136
3137
3138
3139
3140
3141
3142
3143
3144
3145
3146
3147
3148
3149
3150
3151
3152
3153
3154
3155
3156
3157
3158
3159
3160
3161
3162
3163
3164
3165
3166
3167
3168
3169
3170
3171
3172
3173
3174
3175
3176
3177
3178
3179
3180
3181
3182
3183
3184
3185
3186
3187
3188
3189
3190
3191
3192
3193
3194
3195
3196
3197
3198
3199
3200
3201
3202
3203
3204
3205
3206
3207
3208
3209
3210
3211
3212
3213
3214
3215
3216
3217
3218
3219
3220
3221
3222
3223
3224
3225
3226
3227
3228
3229
3230
3231
3232
3233
3234
3235
3236
3237
3238
3239
3240
3241
3242
3243
3244
3245
3246
3247
3248
3249
3250
3251
3252
3253
3254
3255
3256
3257
3258
3259
3260
3261
3262
3263
3264
3265
3266
3267
3268
3269
3270
3271
3272
3273
3274
3275
3276
3277
3278
3279
3280
3281
3282
3283
3284
3285
3286
3287
3288
3289
3290
3291
3292
3293
3294
3295
3296
3297
3298
3299
3300
3301
3302
3303
3304
3305
3306
3307
3308
3309
3310
3311
3312
3313
3314
3315
3316
3317
3318
3319
3320
3321
3322
3323
3324
3325
3326
3327
3328
3329
3330
3331
3332
3333
3334
3335
3336
3337
3338
3339
3340
3341
3342
3343
3344
3345
3346
3347
3348
3349
3350
3351
3352
3353
3354
3355
3356
3357
3358
3359
3360
3361
3362
3363
3364
3365
3366
3367
3368
3369
3370
3371
3372
3373
3374
3375
3376
3377
3378
3379
3380
3381
3382
3383
3384
3385
3386
3387
3388
3389
3390
3391
3392
3393
3394
3395
3396
3397
3398
3399
3400
3401
3402
3403
3404
3405
3406
3407
3408
3409
3410
3411
3412
3413
3414
3415
3416
3417
3418
3419
3420
3421
3422
3423
3424
3425
3426
3427
3428
3429
3430
3431
3432
3433
3434
3435
3436
3437
3438
3439
3440
3441
3442
3443
3444
3445
3446
3447
3448
3449
3450
3451
3452
3453
3454
3455
3456
3457
3458
3459
3460
3461
3462
3463
3464
3465
3466
3467
3468
3469
3470
3471
3472
3473
3474
3475
3476
3477
3478
3479
3480
3481
3482
3483
3484
3485
3486
3487
3488
3489
3490
3491
3492
3493
3494
3495
3496
3497
3498
3499
3500
3501
3502
3503
3504
3505
3506
3507
3508
3509
3510
3511
3512
3513
3514
3515
3516
3517
3518
3519
3520
3521
3522
3523
3524
3525
3526
3527
3528
3529
3530
3531
3532
3533
3534
3535
3536
3537
3538
3539
3540
3541
3542
3543
3544
3545
3546
3547
3548
3549
3550
3551
3552
3553
3554
3555
3556
3557
3558
3559
3560
3561
3562
3563
3564
3565
3566
3567
3568
3569
3570
3571
3572
3573
3574
3575
3576
3577
3578
3579
3580
3581
3582
3583
3584
3585
3586
3587
3588
3589
3590
3591
3592
3593
3594
3595
3596
3597
3598
3599
3600
3601
3602
3603
3604
3605
3606
3607
3608
3609
3610
3611
3612
3613
3614
3615
3616
3617
3618
3619
3620
3621
3622
3623
3624
3625
3626
3627
3628
3629
3630
3631
3632
3633
3634
3635
3636
3637
3638
3639
3640
3641
3642
3643
3644
3645
3646
3647
3648
3649
3650
3651
3652
3653
3654
3655
3656
3657
3658
3659
3660
3661
3662
3663
3664
3665
3666
3667
3668
3669
3670
3671
3672
3673
3674
3675
3676
3677
3678
3679
3680
3681
3682
3683
3684
3685
3686
3687
3688
3689
3690
3691
3692
3693
3694
3695
3696
3697
3698
3699
3700
3701
3702
3703
3704
3705
3706
3707
3708
3709
3710
3711
3712
3713
3714
3715
3716
3717
3718
3719
3720
3721
3722
3723
3724
3725
3726
3727
3728
3729
3730
3731
3732
3733
3734
3735
3736
3737
3738
3739
3740
3741
3742
3743
3744
3745
3746
3747
3748
3749
3750
3751
3752
3753
3754
3755
3756
3757
3758
3759
3760
3761
3762
3763
3764
3765
3766
3767
3768
3769
3770
3771
3772
3773
3774
3775
3776
3777
3778
3779
3780
3781
3782
3783
3784
3785
3786
3787
3788
3789
3790
3791
3792
3793
3794
3795
3796
3797
3798
3799
3800
3801
3802
3803
3804
3805
3806
3807
3808
3809
3810
3811
3812
3813
3814
3815
3816
3817
3818
3819
3820
3821
3822
3823
3824
3825
3826
3827
3828
3829
3830
3831
3832
3833
3834
3835
3836
3837
3838
3839
3840
3841
3842
3843
3844
3845
3846
3847
3848
3849
3850
3851
3852
3853
3854
3855
3856
3857
3858
3859
3860
3861
3862
3863
3864
3865
3866
3867
3868
3869
3870
3871
3872
3873
3874
3875
3876
3877
3878
3879
3880
3881
3882
3883
3884
3885
3886
3887
3888
3889
3890
3891
3892
3893
3894
3895
3896
3897
3898
3899
3900
3901
3902
3903
3904
3905
3906
3907
3908
3909
3910
3911
3912
3913
3914
3915
3916
3917
3918
3919
3920
3921
3922
3923
3924
3925
3926
3927
3928
3929
3930
3931
3932
3933
3934
3935
3936
3937
3938
3939
3940
3941
3942
3943
3944
3945
3946
3947
3948
3949
3950
3951
3952
3953
3954
3955
3956
3957
3958
3959
3960
3961
3962
3963
3964
3965
3966
3967
3968
3969
3970
3971
3972
3973
3974
3975
3976
3977
3978
3979
3980
3981
3982
3983
3984
3985
3986
3987
3988
3989
3990
3991
3992
3993
3994
3995
3996
3997
3998
3999
4000
4001
4002
4003
4004
4005
4006
4007
4008
4009
4010
4011
4012
4013
4014
4015
4016
4017
4018
4019
4020
4021
4022
4023
4024
4025
4026
4027
4028
4029
4030
4031
4032
4033
4034
4035
4036
4037
4038
4039
4040
4041
4042
4043
4044
4045
4046
4047
4048
4049
4050
4051
4052
4053
4054
4055
4056
4057
4058
4059
4060
4061
4062
4063
4064
4065
4066
4067
4068
4069
4070
4071
4072
4073
4074
4075
4076
4077
4078
4079
4080
4081
4082
4083
4084
4085
4086
4087
4088
4089
4090
4091
4092
4093
4094
4095
4096
4097
4098
4099
4100
4101
4102
4103
4104
4105
4106
4107
4108
4109
4110
4111
4112
4113
4114
4115
4116
4117
4118
4119
4120
4121
4122
4123
4124
4125
4126
4127
4128
4129
4130
4131
4132
4133
4134
4135
4136
4137
4138
4139
4140
4141
4142
4143
4144
4145
4146
4147
4148
4149
4150
4151
4152
4153
4154
4155
4156
4157
4158
4159
4160
4161
4162
4163
4164
4165
4166
4167
4168
4169
4170
4171
4172
4173
4174
4175
4176
4177
4178
4179
4180
4181
4182
4183
4184
4185
4186
4187
4188
4189
4190
4191
4192
4193
4194
4195
4196
4197
4198
4199
4200
4201
4202
4203
4204
4205
4206
4207
4208
4209
4210
4211
4212
4213
4214
4215
4216
4217
4218
4219
4220
4221
4222
4223
4224
4225
4226
4227
4228
4229
4230
4231
4232
4233
4234
4235
4236
4237
4238
4239
4240
4241
4242
4243
4244
4245
4246
4247
4248
4249
4250
4251
4252
4253
4254
4255
4256
4257
4258
4259
4260
4261
4262
4263
4264
4265
4266
4267
4268
4269
4270
4271
4272
4273
4274
4275
4276
4277
4278
4279
4280
4281
4282
4283
4284
4285
4286
4287
4288
4289
4290
4291
4292
4293
4294
4295
4296
4297
4298
4299
4300
4301
4302
4303
4304
4305
4306
4307
4308
4309
4310
4311
4312
4313
4314
4315
4316
4317
4318
4319
4320
4321
4322
4323
4324
4325
4326
4327
4328
4329
4330
4331
4332
4333
4334
4335
4336
4337
4338
4339
4340
4341
4342
4343
4344
4345
4346
4347
4348
4349
4350
4351
4352
4353
4354
4355
4356
4357
4358
4359
4360
4361
4362
4363
4364
4365
4366
4367
4368
4369
4370
4371
4372
4373
4374
4375
4376
4377
4378
4379
4380
4381
4382
4383
4384
4385
4386
4387
4388
4389
4390
4391
4392
4393
4394
4395
4396
4397
4398
4399
4400
4401
4402
4403
4404
4405
4406
4407
4408
4409
4410
4411
4412
4413
4414
4415
4416
4417
4418
4419
4420
4421
4422
4423
4424
4425
4426
4427
4428
4429
4430
4431
4432
4433
4434
4435
4436
4437
4438
4439
4440
4441
4442
4443
4444
4445
4446
4447
4448
4449
4450
4451
4452
4453
4454
4455
4456
4457
4458
4459
4460
4461
4462
4463
4464
4465
4466
4467
4468
4469
4470
4471
4472
4473
4474
4475
4476
4477
4478
4479
4480
4481
4482
4483
4484
4485
4486
4487
4488
4489
4490
4491
4492
4493
4494
4495
4496
4497
4498
4499
4500
4501
4502
4503
4504
4505
4506
4507
4508
4509
4510
4511
4512
4513
4514
4515
4516
4517
4518
4519
4520
4521
4522
4523
4524
4525
4526
4527
4528
4529
4530
4531
4532
4533
4534
4535
4536
4537
4538
4539
4540
4541
4542
4543
4544
4545
4546
4547
4548
4549
4550
4551
4552
4553
4554
4555
4556
4557
4558
4559
4560
4561
4562
4563
4564
4565
4566
4567
4568
4569
4570
4571
4572
4573
4574
4575
4576
4577
4578
4579
4580
4581
4582
4583
4584
4585
4586
4587
4588
4589
4590
4591
4592
4593
4594
4595
4596
4597
4598
4599
4600
4601
4602
4603
4604
4605
4606
4607
4608
4609
4610
4611
4612
4613
4614
4615
4616
4617
4618
4619
4620
4621
4622
4623
4624
4625
4626
4627
4628
4629
4630
4631
4632
4633
4634
4635
4636
4637
4638
4639
4640
4641
4642
4643
4644
4645
4646
4647
4648
4649
4650
4651
4652
4653
4654
4655
4656
4657
4658
4659
4660
4661
4662
4663
4664
4665
4666
4667
4668
4669
4670
4671
4672
4673
4674
4675
4676
4677
4678
4679
4680
4681
4682
4683
4684
4685
4686
4687
4688
4689
4690
4691
4692
4693
4694
4695
4696
4697
4698
4699
4700
4701
4702
4703
4704
4705
4706
4707
4708
4709
4710
4711
4712
4713
4714
4715
4716
4717
4718
4719
4720
4721
4722
4723
4724
4725
4726
4727
4728
4729
4730
4731
4732
4733
4734
4735
4736
4737
4738
4739
4740
4741
4742
4743
4744
4745
4746
4747
4748
4749
4750
4751
4752
4753
4754
4755
4756
4757
4758
4759
4760
4761
4762
4763
4764
4765
4766
4767
4768
4769
4770
4771
4772
4773
4774
4775
4776
4777
4778
4779
4780
4781
4782
4783
4784
4785
4786
4787
4788
4789
4790
4791
4792
4793
4794
4795
4796
4797
4798
4799
4800
4801
4802
4803
4804
4805
4806
4807
4808
4809
4810
4811
4812
4813
4814
4815
4816
4817
4818
4819
4820
4821
4822
4823
4824
4825
4826
4827
4828
4829
4830
4831
4832
4833
4834
4835
4836
4837
4838
4839
4840
4841
4842
4843
4844
4845
4846
4847
4848
4849
4850
4851
4852
4853
4854
4855
4856
4857
4858
4859
4860
4861
4862
4863
4864
4865
4866
4867
4868
4869
4870
4871
4872
4873
4874
4875
4876
4877
4878
4879
4880
4881
4882
4883
4884
4885
4886
4887
4888
4889
4890
4891
4892
4893
4894
4895
4896
4897
4898
4899
4900
4901
4902
4903
4904
4905
4906
4907
4908
4909
4910
4911
4912
4913
4914
4915
4916
4917
4918
4919
4920
4921
4922
4923
4924
4925
4926
4927
4928
4929
4930
4931
4932
4933
4934
4935
4936
4937
4938
4939
4940
4941
4942
4943
4944
4945
4946
4947
4948
4949
4950
4951
4952
4953
4954
4955
4956
4957
4958
1.0 1.665334536937735e-17 0
0.997515 -0.0001952889412018759 0
0.9930137850018769 -0.0005478231321445106 0
0.9872434458022552 -0.0009975364308482913 0
0.98048 -0.001521567382850105 0
0.972887675772815 -0.002105995825145198 0
0.9645803783193553 -0.002741006874448285 0
0.9556439792700022 -0.003419133493740432 0
0.9461467475448325 -0.004134429190407815 0
0.936145 -0.004882014624471229 0
0.9256864749860431 -0.005657801718937697 0
0.9148124922597216 -0.006458312031712103 0
0.9035594110345649 -0.007280549478108371 0
0.8919596560307215 -0.008121906471881863 0
0.8800424641800274 -0.00898009173063128 0
0.8678344433106719 -0.009853072781299472 0
0.8553599999999999 -0.01073902885729263 0
0.842641673798302 -0.01163631142536586 0
0.8297004028190319 -0.01254341051824579 0
0.8165557379610908 -0.01345892563700129 0
0.8032260179800186 -0.01438154036632723 0
0.7897285142369513 -0.01531000009609484 0
0.7760795516260295 -0.01624309241079004 0
0.762294610547005 -0.01717962982337738 0
0.7483884136213119 -0.01811843460954793 0
0.734375 -0.01905832555367361 0
0.7202677894842998 -0.01999810645658587 0
0.7060796382095994 -0.02093655628253195 0
0.6918228872871965 -0.0218724208417438 0
0.6775094055247503 -0.02280440591832891 0
0.6631506271343227 -0.0237311717623248 0
0.6487575851708679 -0.02465132887090644 0
0.6343409413128126 -0.02556343498775548 0
0.6199110124918114 -0.0264659932520988 0
0.6054777947947669 -0.02735745143035058 0
0.591050984993239 -0.02823620216398364 0
0.57664 -0.02910058416745401 0
0.5622539945070886 -0.02994888430989514 0
0.5479018770222552 -0.03077934051402555 0
0.5335923244896156 -0.0315901454053741 0
0.5193337956544063 -0.03237945064460525 0
0.5051345433100023 -0.03314537187547793 0
0.4910026255470466 -0.03388599422083929 0
0.4769459161090508 -0.03459937825907237 0
0.4629721139456537 -0.03528356641360644 0
0.4490887520434894 -0.03593658968847685 0
0.4353032056049903 -0.03655647468349761 0
0.4216226996371658 -0.03714125082339351 0
0.4080543160052605 -0.03768895773622637 0
0.394605 -0.03819967396938697 0
0.3812815664617709 -0.03868975014630735 0
0.3680907055003859 -0.03916107784521584 0
0.3550389878450015 -0.03961104240846319 0
0.3421328698551659 -0.04003703743954995 0
0.3293786982208213 -0.04043647406732107 0
0.3167827143763119 -0.04080678992772714 0
0.3043510586509887 -0.04114545781543065 0
0.2920897741768381 -0.04144999396003072 0
0.280004810571626 -0.04171796588434629 0
0.2681020274143395 -0.04194699980501844 0
0.256387197528176 -0.04213478753865708 0
0.2448660100849651 -0.04227909287985385 0
0.2335440735436903 -0.04237775742059793 0
0.222426918434672 -0.04242870578395294 0
0.21152 -0.04242995024826993 0
0.2008287006999061 -0.04237959474171062 0
0.1903583325939804 -0.04227583819042469 0
0.1801141396053961 -0.04211697720735278 0
0.1701012996756774 -0.04190140811230231 0
0.1603249268169264 -0.04162762827765308 0
0.1507900730679135 -0.04129423679778089 0
0.1415017303599269 -0.04089993448403287 0
0.1324648322978486 -0.0404435231908291 0
0.1236842558615075 -0.03992390448219704 0
0.1151648230319955 -0.03934007765174943 0
0.1069113023472976 -0.03869113711278765 0
0.09892841039127187 -0.0379762691788335 0
0.09122081321973485 -0.03719474825845488 0
0.08379312772714909 -0.03634593249174265 0
0.07664992295716999 -0.03542925885920346 0
0.06979572136008738 -0.03444423779714773 0
0.06323499999999982 -0.03339044735685907 0
0.05697219171436929 -0.03226752694792145 0
0.05101168622843422 -0.03107517070904047 0
0.04535783122679948 -0.02981312055251407 0
0.04001493338437823 -0.02848115893117555 0
0.03498725935871705 -0.02707910137913177 0
0.03027903674562138 -0.02560678887994848 0
0.02589445499987009 -0.024064080118071 0
0.021837666322711 -0.0224508436712107 0
0.01811278651771819 -0.02076695020315461 0
0.01472389581650757 -0.01901226471796503 0
0.0116750396757147 -0.01718663893780764 0
0.008970229546559128 -0.01528990386767556 0
0.006613443618246007 -0.01332186261104801 0
0.00460862753638458 -0.01128228350102692 0
0.002959695097535242 -0.009170893611715261 0
0.001670528920937886 -0.006987372714533938 0
0.0007449810984185845 -0.004731347743806624 0
0.0001868738234129808 -0.002402387835249536 0
0.0 0.0 0
0.0001868738234129808 0.002439753869475663 0
0.0007449810984185845 0.004880205214281091 0
0.001670528920937886 0.007320780832002593 0
0.002959695097535242 0.009760642682454714 0
0.00460862753638458 0.01219869914636156 0
0.006613443618246007 0.01463361692557428 0
0.008970229546559128 0.01706383352245789 0
0.0116750396757147 0.01948757023509321 0
0.01472389581650757 0.0219028456042627 0
0.01811278651771819 0.02430748924783914 0
0.021837666322711 0.02669915601814738 0
0.02589445499987009 0.02907534041810994 0
0.03027903674562138 0.03143339121251208 0
0.03498725935871705 0.03377052617151664 0
0.04001493338437823 0.03608384688461214 0
0.04535783122679948 0.03837035358447426 0
0.05101168622843422 0.04062695992176026 0
0.05697219171436929 0.0428505076336106 0
0.06323499999999982 0.04503778105060904 0
0.06979572136008738 0.04718552138912147 0
0.07664992295716999 0.04929044077830243 0
0.08379312772714909 0.05134923597359788 0
0.09122081321973485 0.0533586017112844 0
0.09892841039127187 0.05531524366145189 0
0.1069113023472976 0.05721589093984835 0
0.1151648230319955 0.05905730814215082 0
0.1236842558615075 0.06083630686749483 0
0.1324648322978486 0.06254975670147452 0
0.1415017303599269 0.06419459563230487 0
0.1507900730679135 0.06576783987740692 0
0.1603249268169264 0.06726659310132516 0
0.1701012996756774 0.06868805500959914 0
0.1801141396053961 0.07002952930698397 0
0.1903583325939804 0.07128843101223065 0
0.2008287006999061 0.07246229312548873 0
0.21152 0.07354877264826992 0
0.222426918434672 0.07454565595980128 0
0.2335440735436903 0.07545086355749084 0
0.2448660100849651 0.07626245417311431 0
0.256387197528176 0.0769786282802043 0
0.2681020274143395 0.07759773101196653 0
0.280004810571626 0.07811825451285843 0
0.2920897741768381 0.07853883975072926 0
0.3043510586509887 0.07885827782013399 0
0.3167827143763119 0.07907551077108352 0
0.3293786982208213 0.07918963200107461 0
0.3421328698551659 0.07919988625175016 0
0.3550389878450015 0.07910566925496271 0
0.3680907055003859 0.07890652707635006 0
0.3812815664617709 0.07860215520777608 0
0.394605 0.07819239746313697 0
0.4080543160052605 0.07768174973552495 0
0.4216226996371658 0.0770893018078825 0
0.4353032056049903 0.07641799509172113 0
0.4490887520434894 0.07566884462434494 0
0.4629721139456537 0.07484295673196373 0
0.4769459161090508 0.07394152559175447 0
0.4910026255470466 0.0729658300145664 0
0.5051345433100023 0.0719172305202554 0
0.5193337956544063 0.0707971667795733 0
0.5335923244896156 0.06960715549842535 0
0.5479018770222552 0.06834878882216928 0
0.5622539945070886 0.06702373333950556 0
0.57664 0.06563372976745402 0
0.591050984993239 0.06418059340099622 0
0.6054777947947669 0.06266621541327055 0
0.6199110124918114 0.06109256509485729 0
0.6343409413128126 0.05946169312382492 0
0.6487575851708679 0.05777573596201293 0
0.6631506271343227 0.05603692147774843 0
0.6775094055247503 0.05424757590114 0
0.6918228872871965 0.05241013222567316 0
0.7060796382095994 0.05052714017958537 0
0.7202677894842998 0.04860127790312367 0
0.734375 0.04663536548422917 0
0.7483884136213119 0.04463238052670633 0
0.762294610547005 0.04259547595322115 0
0.7760795516260295 0.040528000282875 0
0.7897285142369513 0.03843352067283468 0
0.8032260179800186 0.03631584908010253 0
0.8165557379610908 0.03417907198941141 0
0.8297004028190319 0.0320275842757082 0
0.842641673798302 0.02986612793837003 0
0.8553599999999999 0.02769983667951487 0
0.8678344433106719 0.02553428763154321 0
0.8800424641800274 0.02337556201773874 0
0.8919596560307215 0.02123031723167456 0
0.9035594110345649 0.01910587387349971 0
0.9148124922597216 0.01701032289986034 0
0.9256864749860431 0.01495266060968752 0
0.936145 0.01294296339947123 0
0.9461467475448325 0.0109926214288746 0
0.9556439792700022 0.009114663304962358 0
0.9645803783193553 0.007324228698534241 0
0.972887675772815 0.005639297041547644 0
0.98048 0.004081897338405657 0
0.9872434458022552 0.002680329248880934 0
0.9930137850018769 0.001473895443005372 0
0.997515 0.0005259361384240886 0
1.0 -1.665334536937735e-17 0
-0.02616959114220163 0.01471528727020921 0
-0.026583623999479 0.01444009441263192 0
-0.02733334654811953 0.01394128340310666 0
-0.02829399724011572 0.01330117889661102 0
-0.02941930947481589 0.01254994973930082 0
-0.03068164205336799 0.01170538482616516 0
-0.03206173646824556 0.01077969768878739 0
-0.03354500308031153 0.00978199468687932 0
-0.0351197838647157 0.008719431081478324 0
-0.03677641211310406 0.007597838470796911 0
-0.03850665188881255 0.006422100573159659 0
-0.04030333994922514 0.005196394977406399 0
-0.04216014478737962 0.003924357425353173 0
-0.04407139776794597 0.002609198421640799 0
-0.0460319708711126 0.001253789002021513 0
-0.04803718578453786 -0.0001392742893912557 0
-0.05008274477738583 -0.001567618934511697 0
-0.05216467712566172 -0.003029056413552333 0
-0.05427929689654176 -0.004521549886767132 0
-0.05642316919127199 -0.006043187707556602 0
-0.05859308279096326 -0.007592161442860332 0
-0.06078602771728372 -0.009166747447387366 0
-0.06299917661085314 -0.01076529129192552 0
-0.06522986910501423 -0.01238619452314491 0
-0.06747559856975925 -0.01402790335826236 0
-0.06973400074440127 -0.01568889900888319 0
-0.07200284388418879 -0.01736768939493505 0
-0.07428002012624005 -0.01906280205898184 0
-0.076563537841276 -0.02077277812821919 0
-0.07885151478477188 -0.02249616719947725 0
-0.0811421718979206 -0.02423152304396914 0
-0.08343382763779161 -0.02597740004501828 0
-0.08572489273913715 -0.02773235029480264 0
-0.0880138653288169 -0.02949492128616718 0
-0.09029932632879889 -0.03126365414343886 0
-0.09257993509590919 -0.03303708234243345 0
-0.09485442525652493 -0.03481373087483677 0
-0.09712160070267352 -0.03659211581616582 0
-0.09938033172285936 -0.03837074425978287 0
-0.1016295512466499 -0.04014811458211638 0
-0.1038682511868235 -0.04192271700646719 0
-0.1060954788668776 -0.04369303443465025 0
-0.1083103335250495 -0.04545754351731982 0
-0.1105119628888083 -0.04721471593521298 0
-0.1126995598161392 -0.04896301986477369 0
-0.1148723590019061 -0.05070092160272506 0
-0.1170296337492177 -0.05242688732517437 0
-0.1191706928070793 -0.05413938495778789 0
-0.1212948772767191 -0.05583688613447992 0
-0.1234006301159784 -0.0575191927929336 0
-0.1254789655868657 -0.05919676163462369 0
-0.1275275711270133 -0.06087056257078304 0
-0.1295462409876759 -0.06253859829773364 0
-0.1315348053228393 -0.06419886011684892 0
-0.1334931265558864 -0.06584933148465194 0
-0.1354210958585991 -0.06748799150220378 0
-0.1373186297470132 -0.06911281832945543 0
-0.1391856667986049 -0.07072179251104235 0
-0.1410221644951755 -0.07231290020083947 0
-0.1428280961956083 -0.07388413627346274 0
-0.144603448242418 -0.07543350731180154 0
-0.1463482172056995 -0.07695903446058877 0
-0.1480624072677167 -0.07845875613696401 0
-0.1497460277509616 -0.07993073058995571 0
-0.1513990907920613 -0.08137303830179611 0
-0.1530216091634212 -0.08278378422499094 0
-0.1546135942439753 -0.08416109985008434 0
-0.1561750541398663 -0.08550314510009402 0
-0.1577059919553097 -0.08680811004862944 0
-0.159206404213307 -0.08807421645975655 0
-0.1606762794252697 -0.08929971914871875 0
-0.1621155968080002 -0.09048290716367695 0
-0.1635243251458469 -0.09162210478967703 0
-0.1649024217952269 -0.092715672377096 0
-0.1662498318280701 -0.09376200699785102 0
-0.1675664873101098 -0.0947595429336758 0
-0.1688523067093132 -0.09570675200177758 0
-0.1701071944291244 -0.0966021437241749 0
-0.1713310404605747 -0.09744426534798603 0
-0.1725237201467143 -0.09823170172488095 0
-0.1736850940522318 -0.09896307505882876 0
-0.1748150079305513 -0.09963704453215806 0
-0.1759132927801495 -0.1002523058208036 0
-0.1769797649813012 -0.1008075905104301 0
-0.1780142265039547 -0.1013016654259023 0
-0.1790164651769609 -0.1017333318873088 0
-0.1799862550084269 -0.1021014249064351 0
-0.1809233565465473 -0.102404812338228 0
-0.1818275172698806 -0.1026423940023788 0
-0.1826984719956888 -0.1028131007906942 0
-0.1835359432946493 -0.1029158937763976 0
-0.1843396418999786 -0.1029497633419224 0
-0.18510926709878 -0.1029137283421106 0
-0.1858445070932515 -0.102806835320017 0
-0.1865450393192523 -0.1026281577927318 0
-0.1872105307096495 -0.1023767956247783 0
-0.1878406378898341 -0.1020518745067053 0
-0.1884350072928236 -0.1016525455564797 0
-0.1889932751814471 -0.1011779850611869 0
-0.1895150675652557 -0.1006273943763617 0
-0.19 -0.1 0
-0.1904408470263567 -0.09930524428430748 0
-0.1908309286126136 -0.09855354397638373 0
-0.1911706138668189 -0.0977456944805976 0
-0.1914601989305876 -0.09688260562107176 0
-0.1916999101592861 -0.09596529731227077 0
-0.1918899074289525 -0.09499489505556408 0
-0.1920302875582083 -0.09397262527884466 0
-0.1921210878332418 -0.09289981053655601 0
-0.192162289623823 -0.09177786458766826 0
-0.1921538220782566 -0.09060828736924367 0
-0.1920955658851811 -0.0893926598832472 0
-0.1919873570901813 -0.0881326390141971 0
-0.1918289909552991 -0.08682995229511088 0
-0.19162022584969 -0.08548639263898931 0
-0.1913607871598956 -0.0841038130527977 0
-0.1910503712084639 -0.08268412135055578 0
-0.1906886491699651 -0.08122927488173115 0
-0.1902752709738061 -0.07974127529065923 0
-0.1898098691836451 -0.07822216332217756 0
-0.1892920628436499 -0.07667401368807858 0
-0.1887214612823182 -0.07509893000834351 0
-0.1880976678650929 -0.07349903984043561 0
-0.1874202836875551 -0.07187648980919875 0
-0.1866889112015561 -0.07023344084913341 0
-0.18590315776726 -0.06857206357000964 0
-0.1850626391247115 -0.06689453375592902 0
-0.184166982779205 -0.06520302800706568 0
-0.1832158312954247 -0.0634997195324074 0
-0.1822088454960391 -0.06178677410088058 0
-0.1811457075611687 -0.06006634615728378 0
-0.180026124025899 -0.05834057510847386 0
-0.1788498286737883 -0.05661158178425355 0
-0.1776165853251039 -0.05488146507639812 0
-0.1763261905193319 -0.05315229875823751 0
-0.1749784760923194 -0.0514261284861831 0
-0.1735733116492422 -0.04970496898355375 0
-0.1721106069354352 -0.0479908014060236 0
-0.1705903141079734 -0.04628557088697927 0
-0.16901242991176 -0.04459118426004924 0
-0.1673769977647456 -0.04290950795504653 0
-0.1656841097577921 -0.04124236606255925 0
-0.1639339085755779 -0.03959153856142732 0
-0.1621265893458502 -0.03795875970236871 0
-0.1602624014252333 -0.03634571654005925 0
-0.1583416501307285 -0.03475404760503764 0
-0.1563646984269739 -0.03318534170589925 0
-0.1543319685802785 -0.03164113685136258 0
-0.1522439437914167 -0.03012291928094626 0
-0.1501011698201516 -0.02863212259218112 0
-0.1479042566154722 -0.02717012695150756 0
-0.1456538799665729 -0.02573825837527281 0
-0.1433528503603678 -0.02433483584229579 0
-0.141010677240632 -0.02294865472173088 0
-0.1386294650066573 -0.02157913136889592 0
-0.1362104414320925 -0.02022698171235547 0
-0.1337548860473282 -0.01889289767639608 0
-0.1312641311651679 -0.01757754817575308 0
-0.1287395630459003 -0.01628158009783962 0
-0.1261826232255149 -0.01500561925772141 0
-0.123594810032462 -0.01375027131118751 0
-0.1209776803202319 -0.0125161226114912 0
-0.1183328514451261 -0.01130374099568701 0
-0.1156620035209988 -0.0101136764869787 0
-0.1129668819855069 -0.008946461900138439 0
-0.110249300515624 -0.007802613337869746 0
-0.1075111443339382 -0.00668263056699106 0
-0.104754373951711 -0.005586997264531837 0
-0.101981029399981 -0.004516181125291147 0
-0.09919323500637246 -0.003470633824142547 0
-0.09639320478297364 -0.002450790828422172 0
-0.09358324850003741 -0.001457071058165199 0
-0.09076577853176483 -0.0004898763948258111 0
-0.08794331757464476 0.000450408957481982 0
-0.08511850735649476 0.001363419250139081 0
-0.08229411847649025 0.002248808094645963 0
-0.07947306154441791 0.003106249474958717 0
-0.07665839982296363 0.00393543884168554 0
-0.07385336362251556 0.004736094253586343 0
-0.07106136675715072 0.005507957520998127 0
-0.06828602544795803 0.006250795292192371 0
-0.06553118016242446 0.006964400006280097 0
-0.06280092101605414 0.00764859061372003 0
-0.06009961754903742 0.008303212935709056 0
-0.05743195394804554 0.008928139493696821 0
-0.05480297114369401 0.009523268585332548 0
-0.05221811772871207 0.01008852230611619 0
-0.04968331239156751 0.01062384310537283 0
-0.04720502167873475 0.01112918830200135 0
-0.04479035861258349 0.01160452173769626 0
-0.04244721040014598 0.01204980135657122 0
-0.04018440790410691 0.01246496086670319 0
-0.03801195712695232 0.0128498825610944 0
-0.03594136658089422 0.01320435644366606 0
-0.03398613045190726 0.01352801712074037 0
-0.03216248121369228 0.01382024232128795 0
-0.03049064791682812 0.01407997959980678 0
-0.02899717627010137 0.01430542262666785 0
-0.02771988325999927 0.01449331503771034 0
-0.02672151656980529 0.01463702541208796 0
-0.02616959114220163 0.01471528727020921 0
1.266576946759163 -0.1256545654351749 0
1.26600121198092 -0.1254192299179597 0
1.264958372889619 -0.1249929100525657 0
1.263621535839201 -0.1244463199214134 0
1.262054655538464 -0.1238055865287387 0
1.260295775050794 -0.1230862755053529 0
1.258371266526973 -0.122299212256743 0
1.256300995705139 -0.1214525919669295 0
1.254100739340761 -0.1205529657813169 0
1.251783495421792 -0.1196057736833366 0
1.249360266035005 -0.1186156612619175 0
1.246840559210432 -0.1175866811993213 0
1.244232728269967 -0.1165224280460889 0
1.241544211163193 -0.115426131923905 0
1.238781705124643 -0.1143007256855651 0
1.23595129778182 -0.1131488942430532 0
1.233058567938483 -0.111973111533588 0
1.230108664630722 -0.1107756686935396 0
1.227106370228061 -0.1095586958476639 0
1.224056151563628 -0.108324179183391 0
1.220962201910045 -0.1070739744966599 0
1.217828475834952 -0.1058098180703158 0
1.214658718432611 -0.104533335521384 0
1.211456490051304 -0.1032460490949363 0
1.208225187367147 -0.1019493837680705 0
1.204968061459585 -0.1006446724437781 0
1.201688233399797 -0.09933316045204559 0
1.198388707755651 -0.09801600952826434 0
1.195072384335449 -0.09669430140273522 0
1.191742068430442 -0.09536904110682506 0
1.188400479767964 -0.09404116007911416 0
1.185050260349484 -0.09271151913719253 0
1.181693981318304 -0.09138091136655076 0
1.178334148978158 -0.09005006496648714 0
1.17497321006521 -0.08871964608353153 0
1.171613556360786 -0.0873902616551304 0
1.168257528719931 -0.08606246227991796 0
1.164907420580821 -0.08473674512555467 0
1.161565481011817 -0.0834135568806566 0
1.15823391734613 -0.08209329675360628 0
1.154914897448335 -0.08077631951791278 0
1.151610551652236 -0.0794629386011755 0
1.148322974405529 -0.07815342921252653 0
1.145054225653274 -0.07684803150161999 0
1.141806331989263 -0.0755469537407484 0
1.138581287601827 -0.0742503755204601 0
1.135381055038415 -0.0729584509480882 0
1.132207565811345 -0.07167131183785411 0
1.129062720865423 -0.07038907088065417 0
1.125947963817636 -0.06911274071934713 0
1.12286127519092 -0.06785068345800167 0
1.11980366791802 -0.06660468439244319 0
1.116777085869943 -0.06537446179527746 0
1.11378345146242 -0.06415971229470904 0
1.110824665174014 -0.0629601146882595 0
1.107902605040116 -0.06177533363898816 0
1.105019126134009 -0.06060502324366204 0
1.10217606004533 -0.05944883046274484 0
1.099375214365544 -0.058306398402576 0
1.096618372189265 -0.05717736944068601 0
1.093907291639562 -0.05606138818583208 0
1.091243705424682 -0.05495810426503737 0
1.08862932043292 -0.05386717493066644 0
1.086065817371726 -0.0527882674813665 0
1.083554850456424 -0.05172106149154365 0
1.081098047153322 -0.05066525084491623 0
1.078697007981314 -0.04962054556859566 0
1.076353306375439 -0.04858667346507616 0
1.074068488615271 -0.04756338154047147 0
1.071844073820345 -0.04655043722830864 0
1.069681554014265 -0.04554762940917599 0
1.067582394258511 -0.04455476922751901 0
1.065548032856384 -0.04357169070787913 0
1.063579881626936 -0.04259825117387393 0
1.06167932624819 -0.04163433147421831 0
1.059847726668363 -0.04067983602108155 0
1.058086417583288 -0.03973469264706017 0
1.056396708977687 -0.03879885228801808 0
1.054779886727429 -0.0378722885000007 0
1.053237213259416 -0.0369549968193638 0
1.051769928265241 -0.03604699397616667 0
1.050379249464306 -0.03514831697176224 0
1.04906637341164 -0.03425902203236697 0
1.047832476345215 -0.03337918345120897 0
1.046678715067177 -0.03250889233263077 0
1.045606227852997 -0.03164825525225959 0
1.044616135382203 -0.03079739284804721 0
1.043709541684034 -0.02995643835762629 0
1.042887535091004 -0.02912553611801812 0
1.042151189193145 -0.02830484004426406 0
1.041501563785389 -0.0274945121040277 0
1.040939705800384 -0.02669472080563108 0
1.0404666502188 -0.02590563971733622 0
1.040083420949078 -0.02512744603596447 0
1.039791031668412 -0.02436031922315487 0
1.03959048661671 -0.02360443972769589 0
1.039482781335209 -0.02285998781241932 0
1.039468903341431 -0.02212714250411752 0
1.039549832732188 -0.02140608068483438 0
1.039726542706454 -0.02069697634267635 0
1.04 -0.02 0
1.040366035678439 -0.01932557923863655 0
1.040819213295868 -0.01868388528126249 0
1.041358555522855 -0.01807477032369811 0
1.041983035385435 -0.01749817569867769 0
1.04269157788871 -0.0169541280337582 0
1.043483061720879 -0.01644273522490972 0
1.044356321029276 -0.01596418224333424 0
1.045310147259852 -0.01551872679333278 0
1.046343291051418 -0.01510669483922527 0
1.047454464175926 -0.01472847601941907 0
1.048642341516043 -0.01438451896572838 0
1.049905563071288 -0.01407532654596935 0
1.05124273598405 -0.0138014510476982 0
1.052652436576898 -0.01356348932072455 0
1.05413321239273 -0.01336207789572366 0
1.055683584229433 -0.01319788809589185 0
1.057302048160932 -0.01307162115814215 0
1.05898707753671 -0.01298400337982608 0
1.060737124952108 -0.01293578130639432 0
1.062550624181995 -0.01292771697477845 0
1.064425992070666 -0.01296058322658954 0
1.066361630371142 -0.01303515910449164 0
1.068355927527377 -0.01315222534432129 0
1.070407260393201 -0.01331255997469135 0
1.072513995882213 -0.01351693403494204 0
1.074674492543205 -0.01376610742138667 0
1.076887102056071 -0.01406082487084757 0
1.07915017064359 -0.01440181208949164 0
1.081462040394831 -0.0147897720339582 0
1.083821050496395 -0.01522538135072674 0
1.086225538368092 -0.01570928697860213 0
1.088673840700088 -0.0162421029181022 0
1.091164294388996 -0.01682440717041997 0
1.093695237370776 -0.01745673884750412 0
1.096265009348778 -0.01813959545365606 0
1.098871952415625 -0.01887343033788745 0
1.101514411568093 -0.01965865031511449 0
1.104190735114503 -0.02049561345309399 0
1.10689927497455 -0.02138462702082598 0
1.109638386871864 -0.02232594559296691 0
1.112406430419932 -0.02331976930361299 0
1.11520176910237 -0.0243662422416301 0
1.11802277014881 -0.02546545097852376 0
1.120867804307975 -0.02661742321866211 0
1.123735245519743 -0.02782212656048774 0
1.126623470488212 -0.02907946735617849 0
1.12953085815796 -0.03038928965604651 0
1.132455789095808 -0.03175137422279384 0
1.13539664478047 -0.03316543759957384 0
1.138351806802482 -0.03463113121463557 0
1.141319655976765 -0.03614804050415261 0
1.144299523317768 -0.03771364257516179 0
1.147293790058441 -0.03931879953559618 0
1.150301390675127 -0.04096168791883277 0
1.153320817179983 -0.04264135233504832 0
1.156350544421553 -0.04435678952634148 0
1.159389028188649 -0.04610694826036978 0
1.162434703224964 -0.04789072909889541 0
1.165485981151748 -0.04970698401442908 0
1.168541248294614 -0.05155451582677706 0
1.171598863408885 -0.05343207742979239 0
1.174657155296089 -0.0553383707769786 0
1.177714420301894 -0.05727204559274857 0
1.180768919683172 -0.05923169777404866 0
1.183818876828698 -0.06121586744465685 0
1.186862474314265 -0.06322303662166687 0
1.189897850768506 -0.06525162645037803 0
1.192923097520428 -0.06729999395989011 0
1.195936254993258 -0.06936642828698952 0
1.198935308801555 -0.07144914631019418 0
1.201918185499261 -0.07354628762882787 0
1.204882747915141 -0.07565590881337173 0
1.207826789998272 -0.0777759768426267 0
1.210748031079354 -0.07990436162981904 0
1.213644109432638 -0.0820388275228934 0
1.216512574997052 -0.0841770236427941 0
1.219350881082139 -0.0863164728961017 0
1.222156374842397 -0.08845455946299392 0
1.224926286249699 -0.09058851451542622 0
1.227657715223371 -0.09271539985986955 0
1.230347616485404 -0.09483208911849997 0
1.232992781585522 -0.09693524595462313 0
1.235589817375066 -0.09902129870092388 0
1.238135119981124 -0.1010864105458182 0
1.240624843014716 -0.1031264441477933 0
1.243054858294836 -0.1051369191396872 0
1.245420706713138 -0.1071129603897253 0
1.247717535885721 -0.1090492339974613 0
1.249940019741747 -0.1109398666400699 0
1.252082252835941 -0.1127783417297742 0
1.254137608305556 -0.114557362312444 0
1.256098541790132 -0.1162686646028315 0
1.257956311772664 -0.1179027552044922 0
1.259700564140056 -0.1194485243260704 0
1.261318681990792 -0.1208926444934894 0
1.262794695076033 -0.1222185666189702 0
1.264107264964352 -0.1234046704510342 0
1.265225377636481 -0.1244203165251111 0
1.266096462883881 -0.125214963697375 0
1.266576946759163 -0.1256545654351749 0
-100.0 -100.0 0
100.0 -100.0 0
100.0 100.0 0
-100.0 100.0 0
-60.00000000016264 -100.0 0
-20.00000000031305 -100.0 0
19.99999999961915 -100.0 0
59.99999999978363 -100.0 0
100.0 -60.00000000016264 0
100.0 -20.00000000031305 0
100.0 19.99999999961915 0
100.0 59.99999999978363 0
60.00000000016264 100.0 0
20.00000000031305 100.0 0
-19.99999999961915 100.0 0
-59.99999999978363 100.0 0
-100.0 60.00000000016264 0
-100.0 20.00000000031305 0
-100.0 -19.99999999961915 0
-100.0 -59.99999999978363 0
-2.186889378834177 8.284717780896258 0
-0.1969156015357861 0.6169637562850092 0
-23.16350123584235 -2.956039531443754 0
-0.067174233235267 0.2489915002673961 0
-6.576988160504701 -52.23403792053192 0
9.410984114651896 7.258000791273489 0
0.8239055408051916 1.377069835977541 0
1.0601937227698284 0.12872798623280393 0
0.9754993679032143 -0.10023418654791443 0
0.441943735617696 -6.464592506102299 0
0.6212713171438227 -3.01938919683027 0
1.069924109904859 -0.5976361768363891 0
-8.058497719144848 -3.140020007543176 0
0.06199390606332673 -1.189270454874245 0
1.091002992791771 -0.3496292680995947 0
11.54753969564589 -4.686213553408346 0
2.311710814450413 0.8664721519778168 0
3.757132766620385 -1.440312472020679 0
0.826038529120192 0.5028950467736893 0
-0.674721472701866 -0.6135408333522723 0
-0.0378001006721409 -0.10255237285983015 0
-0.1017123779079271 -0.3827409415651427 0
-0.1044977302701656 -0.1931164544852386 0
0.4612688885511241 -0.6809847592235985 0
1.068894368272794 -0.1927988687137878 0
-0.3704373267317819 -0.342755670488111 0
-0.7260350518091423 0.1525959953367137 0
0.2982119975265567 0.533565862755552 0
-0.3178494379733389 0.1408750832666971 0
1.240116423377469 0.1390393362980741 0
0.1135979409884744 -0.2375650390053302 0
1.194793809419838 -0.2470522869527662 0
2.440365185289703 -0.8251273772276795 0
0.7866681088746772 -0.2797643944091856 0
-0.2095521907069154 -0.1930192973416877 0
-0.451809672531664 -0.07546415177565702 0
1.442269311334179 0.02844887118517127 0
-0.2887560080803399 -0.1392326507089897 0
0.9978087893954033 -0.04492081701718027 0
1.0379134297758 -0.0992985403792586 0
2.636749016682376 6.420368782910535 0
-0.08978259973438846 -0.1274931710947047 0
-0.02836082881885084 -0.04134008894837495 0
0.4988219460491394 -0.3226840781106328 0
-0.1427876868355512 -0.1421784037189721 0
-0.1746058477488457 0.1337600717053188 0
0.1477529495534734 0.2861598336901247 0
-3.043306554017219 3.604344368263627 0
1.0896635526034 -0.1202188577709028 0
1.1544685885806 -0.1597400159164049 0
1.216973323999884 -0.1816373434259458 0
1.379831570665982 -0.2818898424096488 0
-34.43035311100899 49.37068690320516 0
2.456668619385033 43.18751283179785 0
-4.931903614595937 0.1386715884416171 0
1.0311749703575277 0.016189276283411297 0
1.1484685957437606 0.06953625310617009 0
1.0296398418431698 -0.06123335166228601 0
1.0716643383281546 0.031275733230735514 0
-0.1733893266600524 -0.1324664353862438 0
-0.2092331240909832 -0.1239717382144193 0
-0.03431592248171053 0.13502512596189487 0
-0.3118746479514279 0.00230218848775999 0
-12.76167819674969 -26.51695100312667 0
9.494622602444576 -27.24565020106471 0
-0.021295965763287728 -0.010708871195013316 0
55.54288564995539 12.28707417409218 0
-0.009766827166831082 0.04141887263688751 0
-0.07689996027769586 0.07601239377867845 0
-0.1219098309067709 0.0579993961781734 0
-0.20396050085589 0.01935204320689231 0
0.9137610175674292 0.15552895522362095 0
1.107991762658056 0.3795705389414917 0
-0.06494937128591866 -0.057874807134752584 0
1.212762166871133 0.02977207918180272 0
1.492245949594246 0.4082287198222221 0
0.2903557541323412 -0.2129615377696285 0
-14.34187417503507 9.11082726337795 0
1.266614756940059 -0.0202274265947635 0
1.301268392824579 -0.07547320467513777 0
0.04531188939720147 -0.10908199285039431 0
0.3486278210207898 0.2814111415799672 0
0.5735154232820536 0.2882942204914608 0
0.9035823719734868 -1.26232243173444 0
2.97617776218913 16.53434498800777 0
29.38890571684107 26.40218343974004 0
42.53128756503516 -18.93476168146503 0
-0.03278719343622452 0.03868988266999597 0
1.0230329935271507 -0.034857834216725864 0
1.024302821591231 -0.020936778172834396 0
1.249447813736279 -0.1585816929971388 0
0.9299346731851295 -0.2365626477598153 0
0.05616581979777747 0.1378026460864824 0
0.8640188129435098 -0.1318387984184645 0
-59.5697878825703 -29.53133735224647 0
0.1541372795801148 -0.536450431512606 0
0.1176116995748584 -0.1210410357105949 0
-44.13040993997868 15.07909801980036 0
2.245566616109702 -2.710080148562977 0
5.333681622312577 -5.995085791730546 0
1.27046390548692 -0.2404729188227367 0
1.075972241110344 -0.08648859878163026 0
-0.1366805159498388 -0.1085862054866561 0
-0.1084841995837571 -0.08373529110397897 0
-3.497191283057891 -4.194384563270306 0
-8.250740350349373 -14.81473295434045 0
1.240335440107115 -0.4100941667240305 0
-0.1585860613884025 -0.1143861825147043 0
0.6375910712643089 -0.193872535536656 0
-0.8668442898561972 2.809810168286071 0
1.030903362881856 -0.011260365462999269 0
1.321442406806719 -0.1815900797024729 0
-0.174164064288132 -0.85910152284417 0
1.0552028543158112 -0.0661721967276456 0
0.9253230739147306 -0.4584428484042205 0
0.1624572066063563 0.1710069360760588 0
-0.002609954017367061 -0.2139605077396944 0
-0.5315364910732719 -2.292749805389225 0
0.1951112392785156 1.231712558745885 0
1.0326954634064425 -0.0395667477125494 0
26.83659670906962 7.215289517905178 0
1.008353165329173 -0.1574523652347648 0
-14.5997836123252 30.33966973831066 0
1.199706950061979 -0.1380717094935233 0
0.9936733787622695 0.048616184215130934 0
7.419854409022648 2.906798054964854 0
0.4205745128579987 -0.1700467703311836 0
0.01900144734198769 0.10189332634224499 0
2.016520517399523 -0.1535199477906355 0
1.540182240983308 -0.1396069889435235 0
0.6390107966310263 -0.5188506403941322 0
0.0119371633176108 -0.06890805313648263 0
1.127424614778263 -0.1115942416594295 0
-9.16702398380982 17.76064767768288 0
0.7937338594929019 0.1861772449345003 0
28.51385577129516 -60.95227934740945 0
1.167264479107765 -0.1228779860728528 0
-0.09138926059006944 -0.06648767118862335 0
1.282600433620019 -0.1008079505525308 0
1.260138391003352 -0.06554108932934322 0
-0.0006003012854787881 -0.04038447182093956 0
-0.08537265681361016 0.03664605838596982 0
-0.04588366755269788 -0.1705489788926436 0
0.9437979967613824 -0.06348923726842924 0
-0.021912559643887802 0.0012691659197179178 0
-0.011033468096630117 0.013909252941873595 0
5.124938695487274 -16.74150954495678 0
-1.433589103579165 1.551743821964132 0
16.75569706781426 4.080737387716132 0
-0.050691422592626725 -0.028944429603216075 0
2.031188863053179 3.903310334103588 0
1.153357864176949 0.008509123013296217 0
1.1138832737503621 0.020025541020244307 0
1.046616662317704 0.0047892777065540945 0
0.02200628699092205 -0.3598749505805806 0
-0.11002075105668545 0.020623817172734066 0
1.212007692207613 -0.02452303479486739 0
-0.1448128589073434 0.003810431886613062 0
1.031264862152475 -0.029345416303065745 0
1.518218117160456 -1.16313286844977 0
-0.06855148102756756 -0.0970290948103325 0
28.96730333464616 -11.12032113883754 0
1.182110955224524 -0.01237120146297887 0
-0.05321080975329901 0.03137196442732742 0
0.3086816918698957 -0.4172600008193015 0
0.2264675298830585 -0.1441269774265898 0
61.9505378490913 52.39425363958227 0
1.2340637771857 -0.1390482472623065 0
0.9313633078282624 -0.1527361169201399 0
-53.09200220202931 -5.409446016522076 0
-39.19293263323728 -23.35014216088016 0
0.566180227955014 0.6523725058846017 0
0.719708812198964 -0.1387485555253835 0
-0.007153269488791883 0.4981916293371441 0
-3.256967466729254 -1.7997199115563 0
-10.10940414191281 4.443774758678995 0
-2.458965352530433 -0.2246041403625259 0
1.103623322195149 -0.09331499956361314 0
0.015368526125802777 -0.14879973273341435 0
3.470814970152706 0.07809470715038869 0
1.751687835816881 -0.6607515091976678 0
3.925580108943934 2.244102867051665 0
0.07854774439988611 0.7213647310920452 0
-15.62655204175674 -8.581115625413133 0
0.02316827135099756 0.05996120400782205 0
0.9983826296885192 -0.07865381163071947 0
-40.64299835617217 -69.72356447891339 0
-0.1738568433275358 -0.1130794356238216 0
-0.02895569999598343 0.0780789442864059 0
-0.020266546890914942 0.029478956983637505 0
1.129787562956266 -0.2289859645187058 0
0.798574291804022 -0.8876449686153902 0
-0.03650718488413039 -0.016035949180083796 0
1.044864707011787 -0.05511295390415882 0
-0.4930194887173339 -1.411208198744676 0
1.248169514582074 1.017510210552737 0
1.734929018926149 1.851800800869423 0
0.2969329553950278 0.1893850774497222 0
0.9954811006352231 -0.01883485477460593 0
1.0410911233253943 -0.008411587174101093 0
-0.03188215156616038 -0.07045759967573041 0
-0.1274982708549611 -0.08659149074668722 0
32.67770234335612 59.94381413812292 0
1.863692330082409 -4.668313003733637 0
-0.1579210567764655 -0.3031193082809633 0
1.134131387527955 0.1668123391045383 0
-1.229237632736328 -4.50457358018329 0
-3.410297108762394 -8.056685524352146 0
0.483242061840841 0.2028428781707157 0
0.4132009294363534 -2.019765728174952 0
0.08933981917746721 -0.08018193957017408 0
0.5591531915410725 -0.1545030812510646 0
-0.2974243756155184 -0.5677415122688454 0
1.0067975569149923 -0.11433580089549578 0
0.6450110461083631 -0.3256896915501941 0
1.0324287979032103 -0.02084315132749023 0
-74.10946008757026 46.01404870028236 0
1.236460660796363 -1.940705875543216 0
0.6407015369651424 0.1805222318631153 0
-0.0625447235531468 -0.2720439206159413 0
0.9719886432471894 -0.03629807444253997 0
1.002886093667776 -0.2311313529459466 0
1.700182106406765 0.2524508866453762 0
15.96450663344948 -15.24297192259663 0
-27.65060724270147 -43.98951720506723 0
17.34091559495338 19.55541035171024 0
-0.07206200840065748 -0.6184966888594724 0
-0.0763811418376714 -0.042211579240972234 0
0.3464939450464963 2.427978042664862 0
1.043055399657817 -0.04139867362560174 0
1.267784097709107 -0.1024746849517312 0
0.926469582730892 -0.09385489325244371 0
-0.1459677818126297 -0.0983093775593466 0
1.081305304779799 0.008371888828174264 0
0.1900290983717674 -0.873902947168443 0
74.93021610040158 -40.77379180704207 0
0.118744467860551 0.1210840394209889 0
-15.13542470180046 0.05303606551706064 0
0.1861068299753394 -0.3908838268015145 0
0.3597993507869273 -0.1097015192259769 0
1.248169791827175 -0.1363051779398075 0
-30.51891261475614 13.3109120411032 0
1.0142700020740347 0.19508146433313778 0
-0.2128658294481191 -0.06730008095523532 0
-0.3765200236291575 0.3763786191583601 0
-0.02821675961762289 0.02564827459464737 0
-0.03023474119235505 -0.004534598596142505 0
1.0686494202304628 -0.059566353834006956 0
0.04558667223668133 0.06536793471335028 0
27.70636942344447 -30.98353952318981 0
12.89429487633928 -47.70256577796047 0
-0.110177601139813 -0.06743089176095125 0
0.07152225019963888 -0.1479187473566857 0
0.7214942482442831 0.3000516189275033 0
0.1746692503680797 -0.0944010185934612 0
-0.5760302926918385 -12.88622372776267 0
0.04536031916079 -0.059949000273625985 0
1.054780590853083 -0.1401629480593393 0
-0.1382047702084997 5.83102924329331 0
8.90164418147805 -11.16517587923354 0
0.0019173544353437858 0.02630733702362395 0
-66.11955206089108 17.01965669309817 0
-0.2252605924649787 -0.3987135732265941 0
0.9139113287130864 0.09724793118352347 0
1.12175688186155 -0.1432425675998225 0
3.74969730666882 -3.605266718630763 0
7.871633328059494 -2.536933472604219 0
0.4946331947932093 -0.9544767113949768 0
0.8548776533821492 0.09428722737289603 0
-0.008791762732191113 -0.02152607033370864 0
0.3818485645555795 27.56753318864636 0
0.01157550737727539 0.2052830697652013 0
1.057587569213553 -0.0027953567217183124 0
1.094206479021719 -0.07532509390972054 0
1.188992964181681 -0.1166396693516532 0
0.8762704892243536 0.2893940214945937 0
1.154573103014831 -0.1048076097546835 0
-8.206842682571382 77.27824858457973 0
0.020081060258054718 -0.0407007616521058 0
-0.1574268907267558 -0.0997736314806571 0
0.07567494153416982 0.09134254716606308 0
0.6321041037517249 -0.1060577243532758 0
0.2263792633052455 0.1404697788902598 0
1.223835964293793 -0.05476158497020066 0
-0.010922756988440524 0.0031168754079897295 0
-0.015091651907414147 -0.05563674517835658 0
-0.019005784897413912 0.010344278345070963 0
0.9766559047646004 -0.06500177053354202 0
-20.27673401411388 18.70954968842472 0
0.3785230037269974 -0.2751186724125897 0
-6.053926097656968 6.289175493500448 0
-0.4511548618123679 1.625299696964111 0
62.16769228769693 -14.56004028487639 0
0.8944528031187369 -0.06241411146856321 0
-8.969611206038207 -8.442639896491658 0
-0.1664242497908122 -0.1037440550399766 0
-0.1644336965625508 -0.173172420101627 0
0.7948907352779897 11.1967477896689 0
1.284419646521941 -0.161471211169513 0
1.296936903858083 -0.1279466949723199 0
1.377707669193387 -0.1150694818575288 0
1.175230424407324 -0.1984750130753365 0
1.408372413309748 0.2070247930589008 0
1.0587351652950012 -0.05230652422204564 0
0.1266841457433344 -0.07652256324648243 0
1.123954472281045 -0.08767231726230393 0
1.272804538019724 -0.1148372291847682 0
5.782700481443666 -75.2282908740388 0
-0.045172081830439734 -0.05014580148387735 0
0.8407269838471771 0.8755463436788555 0
0.3488712496085675 0.1378142379433766 0
1.03855053199561 -0.03290659558173151 0
0.2896825605935709 -0.1126835577031168 0
1.0360814541941492 0.05491719859281921 0
1.0494904940424683 -0.006737487519192923 0
0.9517925791058377 0.05408999531984185 0
0.9845488435041783 0.11493000371625262 0
1.12455866146977 -0.004883963955598852 0
-0.1126168590222442 -0.1555451980379874 0
1.253598681205476 0.2856647408743195 0
6.355342272014499 0.03179322778183194 0
-0.06611229190341666 -0.02906157460590881 0
0.9903378379666778 -0.3288011241547004 0
-0.09244705464626415 -0.050224323296489654 0
0.9758568919373015 -0.13399854110888856 0
1.156629234351641 -0.01846708983909038 0
0.7089568553554051 0.1285642357068574 0
-1.520561734108026 -1.415461889357038 0
0.8348411731396533 -0.07463728046684939 0
0.561311774041295 0.1500137577943369 0
0.1698516215740595 0.1136472170462029 0
0.838991014648052 -0.6432504621352448 0
-0.025547182768708772 0.0083866646283453 0
-0.031115898861391954 0.0036433784176320688 0
1.221923030429527 -0.1278982739174261 0
-0.1421784779967 -0.08670652365281159 0
-0.1206417770076865 -0.1232191138892365 0
0.4181494343421531 -0.09566353110905414 0
-0.05814981507102014 -0.1309797328671533 0
-1.215490886222437 -22.60291518987616 0
-0.1227878787196548 -0.07253017073080771 0
-6.133616348179879 2.720322073934331 0
-0.02065692365354104 0.01957429053830095 0
-0.7201103438118412 0.7153551735574185 0
1.0167959390325392 -0.0045556060639523385 0
1.0816272443210813 -0.0684519714614586 0
1.188450411772693 -0.03698191923200805 0
0.1906528833078026 -0.2197336880749418 0
0.00047834066988588245 -0.10946285156973609 0
0.03084133683207047 0.3204428991856803 0
0.6464956372854866 -0.7370415083526685 0
-0.1023522796618775 -0.05509359732577838 0
1.357068070433131 -0.7078657985455481 0
1.101922311229377 -0.902831352772834 0
-0.038389555919385435 0.02283966085340953 0
-55.84175866139182 64.10215220266693 0
-4.965563832072617 11.80175031917653 0
-0.06452686114611211 0.019986382827596426 0
-0.09520670196330877 0.014840527963146836 0
1.0371976409655015 -0.016378187521593212 0
1.140779531873483 -0.09170769629415385 0
-0.3240577754755695 -37.41242370800573 0
-0.00844590226815637 -0.0080143536215539 0
-0.025388562011403507 -0.025049070501572925 0
1.254869760817812 -0.09896819376998603 0
1.246937470345961 -0.08658817235546784 0
1.0928378976835966 -0.0033839263040612347 0
0.4569774704056324 -0.4905287248639847 0
0.4195012887236252 0.1379595274759303 0
1.207621448404071 -0.1171527758872984 0
-3.232129542810817 1.371914897150368 0
1.317608453477538 0.06134961462322023 0
-17.81757865564954 -68.23508209571027 0
1.232189524114553 -0.0758312378679675 0
1.0690716026153184 -0.0029126371888560775 0
1.0799342991976546 -0.005303968268253656 0
-69.66027005906467 -63.09154716652006 0
1.033516442263173 -0.4447332621480724 0
1.0241352362729914 -0.04838189375861673 0
-1.88990295539537 -2.913947010835969 0
-15.68381753996738 49.98113680647505 0
0.4501099724160607 0.4156510315156843 0
12.95190885387468 31.98088152780835 0
-0.07858104074191494 0.016294669733764713 0
0.7038168576645882 -0.07340624576278315 0
-0.1211980077819457 -0.1021162962467466 0
-0.2451245038451205 -0.2792850703752421 0
0.4873497508831899 -0.1114060312126129 0
1.161033034202919 -0.3033653050092663 0
1.43858868278075 -0.4858154863342261 0
1.0212420974093197 -0.08039306568102506 0
-17.34012840342004 -17.70980752740903 0
-26.03587939996682 -13.14897781544599 0
1.038664049820582 0.651578050136126 0
1.073895169580171 -0.2700673017398695 0
1.1078646842949724 -0.004119897147087025 0
1.139326562464117 -0.01545903771130326 0
0.9523421475768026 -0.08882883770026592 0
-0.0911797061374171 0.11363274056854988 0
-0.05494956414618684 -0.07753761647132298 0
0.8595909652090221 -0.215521922868985 0
0.7662168472701212 -0.0813943548264736 0
-29.98986823259975 30.70804731031485 0
1.056586377721027 -0.10696690388205081 0
3.145427351993226 -9.316838756947192 0
-0.1551309090393626 -0.2336209844194134 0
1.0115854894082035 -0.060085568887572174 0
1.169810533364691 -0.03240321573918054 0
1.0518651325265056 -0.045076917247027413 0
0.7691540466158664 -0.4116974299367817 0
1.174069673587168 -0.1057016181276226 0
0.8764476004054367 -0.3194495736000156 0
1.201106564055022 -0.0519602912794522 0
-76.56150282483783 -8.84928304623528 0
42.112533102208 -2.08214360151433 0
0.2460179377534548 -0.3046653039956599 0
1.338361601951675 -0.02016116950922304 0
0.1696139320132063 -0.1516924799845519 0
-0.08826212209476807 -0.08702302925854773 0
-0.05865957005531676 -0.018833817018967663 0
9.311038501683512 64.81125492967806 0
-0.192407358461506 0.24447712835698 0
0.5592785071101529 -0.2410960542422547 0
-8.941643940516418 -0.1774487047953 0
-34.91783518163287 -1.153701251235403 0
0.2296070478145582 -0.0871451872007071 0
0.0065734352953902096 -0.026734585038920018 0
0.09149363675582209 0.2097077455449595 0
-0.012271125512209468 -0.07989135311139359 0
-0.01317543257729345 -0.4814195074917105 0
74.74983761886944 29.50860462246994 0
1.312030613642428 0.5961726376311843 0
1.0365779614961497 -0.026016417050706977 0
-0.1748483029803008 -0.1044710707705029 0
0.3358910499919962 0.8381736142453046 0
45.65964743058176 34.37069399131102 0
0.7777444792919432 0.101149087700779 0
0.5577983653647266 -0.08651649792510846 0
1.258253466878922 -0.193382150062867 0
0.1329231448202313 0.4527543853638614 0
-8.927558446097455 9.881235102483359 0
1.110363669766763 -0.07716894740152719 0
11.69941671890499 0.4735213214008033 0
0.4219918957146358 -1.472072014302647 0
1.0570394918343697 -0.08633043790571115 0
0.7180624522167633 -0.2212418716610488 0
-0.07646284844323435 -0.07629270186584705 0
-0.04865432136073296 -0.011998791366318852 0
-0.06063430079770245 -0.042105556498099966 0
16.01828650429451 10.56979323962406 0
1.0369202590133517 -0.021379836282639085 0
-5.896017417187276 -5.995807843959823 0
1.270574656348463 -0.1468345241902045 0
-0.05388401884834432 -0.2124174654333795 0
-1.354335979022348 -0.331999839414819 0
-1.654194228927291 0.539167651371881 0
2.239548669195322 -1.615871748360864 0
1.243085613303718 -0.3082073783288825 0
-0.1235010809204918 0.001295688107716969 0
1.0406752118970637 -0.07406910326643053 0
0.04812657542523335 -0.2735468820359483 0
-0.02382768922043299 -0.12794077216921063 0
-0.1348881915864063 0.3842409220984283 0
0.2769332208760374 -0.6188300515630238 0
-0.004027760231900553 0.009299206249098944 0
0.2551063714864859 0.3604362693161535 0
1.188639558719836 -0.1665280163999231 0
0.2890706760426657 0.1247446466669293 0
-0.2279906179520162 1.015198416566298 0
9.897818838427387 14.62661372286522 0
48.1874803152557 -39.55134135880833 0
1.240313368728421 -0.1269628163400249 0
-0.025473849715258 -1.677013240297149 0
1.0626950146298562 0.010719624623660644 0
-0.10962274867132984 0.006243395295397957 0
0.4578181030052169 0.2956760427323759 0
-0.08206839908978779 -0.1515874928027022 0
0.01761515333489302 0.1413370466213652 0
-0.141926957393275 -0.489822444682353 0
60.25328148604596 -71.92548981272624 0
1.731513723994134 0.8344835654602093 0
-0.010347567734212568 0.024357383887584325 0
1.0889258516321643 0.08382020334491355 0
0.9665305967989877 -0.1952609036004539 0
-0.0037137242106234794 0.017135029553281934 0
1.0314263905991916 -0.12063880065641441 0
-0.03749275230924706 -0.032002492741297836 0
19.11419807311715 -3.754220967955919 0
-0.08072626771831452 -0.05896892329571295 0
50.31364997321453 76.98607020338439 0
1.0079835286022905 0.021636140301495306 0
1.217966439574451 -0.1526926682039757 0
-81.15831215329456 -36.29443351288092 0
-0.015810790639246727 -0.03458619375832818 0
8.682301213915519 23.145574277328 0
1.125474459486227 -0.1809524949870156 0
-0.029372112043872627 0.019414703764222156 0
-0.1345453285728187 -0.0777787031657669 0
-0.015544518850554783 -0.003716771956692167 0
0.488046964520527 0.1285400820498432 0
0.0019504760416602586 0.062344642503807224 0
0.6320824161707191 0.4390476431614442 0
1.268806972874847 -0.08703925523357134 0
-0.0391833347399926 -0.0030572750696585167 0
-50.77023368224009 37.04894830489463 0
1.049381634465025 0.024370016501051958 0
0.3247329029424593 -4.444668310807936 0
0.5469953507875445 1.022833310175989 0
0.7438089644802099 -1.673716512438814 0
0.012315242117101536 0.041588427466395815 0
-0.05656519894146474 0.10682045972900406 0
-0.030202102708841015 -0.05475778856599267 0
0.9093049419595238 8.41047938137218 0
1.259885650657333 -0.1370999851533049 0
0.2201840428061138 0.2329420346655848 0
-23.16090581272603 6.248405925708577 0
0.7927295959789586 -0.1633067397394843 0
1.0347311669142487 -0.04947764306018326 0
0.9029172291157842 0.06191726240722227 0
0.6330343556978808 0.1158635480486108 0
40.17012293368704 16.76412317383333 0
2.778511549426084 -6.853183171411916 0
1.0333108947522411 -0.00022937680939275464 0
1.092113970615411 -0.1554751474261736 0
0.9961918389635203 -0.061984402162144 0
-0.1347046108792151 -0.09646197873844964 0
1.146778818295337 -0.1330187632001813 0
75.16345816696679 76.36641290302626 0
1.25183556436019 -0.1279416004330979 0
5.149423934096754 5.193276606573862 0
0.06241128073766251 -0.2047889149395337 0
-0.1450553151621801 -0.1222341701306737 0
0.1201434409948213 -0.1792898588292927 0
0.1006874777012135 -0.434049701070905 0
-32.36046199905706 73.45537074948781 0
1.0119094700406057 -0.02793040800935282 0
-0.574517092761697 -3.436739581787893 0
0.03269590268400162 3.921931236064009 0
-1.510103475768912 4.425985969085783 0
-2.586486055297155 5.687050571007886 0
1.261771866274676 -0.1099902188259498 0
-0.05059685265809716 0.019347663222938835 0
-0.1487433130079614 -0.1086579134344076 0
0.5532919714562707 -0.4161319522343293 0
-23.75079897417169 -26.24805883467256 0
-11.21747707336171 -4.624846043037637 0
0.07497470522782605 -0.701356328389543 0
0.3509389968388639 -0.1817989865982271 0
4.870338791780105 9.659969998227472 0
1.223142986038577 -0.2122039424679304 0
1.174628579030804 -0.1436943939483082 0
-46.82142937101131 -47.21135673226172 0
0.7168356535147496 0.2097255797814339 0
0.4215028812694788 -0.383290268334882 0
-0.1518542078249553 -0.09137460721330498 0
-13.37232959747605 -38.0056622615359 0
1.0673920843123026 -0.07474808006875223 0
0.0773431323509408 -0.11022999156233744 0
-81.60105819588257 80.00000000008133 0
-0.09814339214869458 -0.1040955661701066 0
0.943107628682394 -0.03221029989086167 0
0.392498913265678 0.2075148175586813 0
76.67642044820744 6.791296038771316 0
-0.1923188084123429 -0.1191582207344558 0
0.9541918088239636 -0.11055912443822347 0
-0.05332327396401458 0.05104666836734242 0
0.4839501520280918 -0.2124757812600563 0
-0.1136774099656598 0.1843246750127379 0
-5.623447503801775 -2.416661723091877 0
22.0743119109537 43.44939014307637 0
0.1295994188774914 -0.3171884845092686 0
1.0136525795409952 -0.04354976292650899 0
1.0277435051790909 -0.025727747127538957 0
1.0274857219707498 -0.03167398052582334 0
1.0231980307299808 -0.027913874104139876 0
1.041993611146827 -0.013370223035491995 0
1.0448075683660698 -0.011576999126437604 0
1.044990524927755 -0.015660060343372084 0
0.9842758970645469 -0.026577688880566545 0
0.9715154502049088 -0.02091137654780541 0
0.9846148267266266 -0.012420953044467763 0
1.0925302757821835 0.013992781058527054 0
1.0788385216943104 0.018824369740431824 0
1.0895735914205802 0.029062512274414934 0
0.9967965436258991 -0.007787948275089617 0
0.9864443515349806 -0.0010596116072714903 0
1.001637467810099 0.034694936412617644 0
0.9920667536395151 0.016857718885075184 0
0.9831951511507312 0.030507160065814026 0
1.078125027889296 0.04898043542441211 0
1.1024668745601751 0.048473357965286845 0
1.0478625435735955 -0.03865098196699752 0
1.0446078906705005 -0.03599834525692946 0
1.048618852309989 -0.03394540210764596 0
1.0018138031987824 -0.09308395176053239 0
0.9902029659077858 -0.10491162005558131 0
0.9883883586949388 -0.08781080962304222 0
0.9495599003089139 -0.07599232143379947 0
0.924751860228575 -0.042263124806528156 0
0.9423417150523693 -0.04636738094425375 0
0.9257633055965355 -0.0610391395412518 0
1.0014247489000594 0.00876395132674544 0
0.9864492218475789 0.002845558825583794 0
0.9667692861835318 0.07930224246912398 0
0.9922724054925276 0.0729240955709551 0
0.9751553801988528 0.05243155858341587 0
1.0208815247014402 0.02050556377520482 0
1.01911071526267 0.03698623779405409 0
1.0321914744708178 0.03192540835643483 0
1.0421614472992713 -0.032834955739068576 0
1.0402938007692708 -0.02998017502405034 0
1.0434366947427662 -0.029689102087630204 0
1.048321286933972 -0.06997921564239316 0
1.0426462467628286 -0.06429175385037705 0
1.049930357397383 -0.0611053614652141 0
1.0749522223502905 -0.055484348916402124 0
1.0694326234234253 -0.05240070778834598 0
1.0753709031818413 -0.04814868002803918 0
0.9763803195812872 -0.08128359909411563 0
0.9874387501302342 -0.07338358062146778 0
1.0317848963503082 -0.0343652996268347 0
1.0278899786041809 -0.03757549256534626 0
0.9852951825009726 -0.04051186059145542 0
0.9957933892863919 -0.031699483770624 0
1.038862344153808 -0.018393755227386812 0
1.0400556697034133 -0.016077254374153548 0
1.0411478527993268 -0.018297381988990224 0
1.0346913225700327 -0.06764133048053741 0
1.037282202516301 -0.058930675640969196 0
1.0159753915236367 0.08364336874236711 0
1.011019603874048 0.05475481349772279 0
0.9866267056537791 -0.05327096167055172 0
0.9734536802834259 -0.05054253535548445 0
1.0288962826353103 -0.02062562422192228 0
1.0314537991791397 -0.024745824778925646 0
0.9349036823665247 -0.021460023676046002 0
0.9102090110629509 -0.02877298076519569 0
1.009791908838175 -0.08079139553901696 0
1.0152323146621192 -0.09363835291712191 0
0.9554530146167072 -0.018572965489017962 0
0.9492883189481393 -0.003898429857295246 0
1.0559195498029659 -0.008350722283563112 0
1.0604578389657542 -0.00782247501597315 0
1.05833540402989 -0.013012822698502013 0
1.0450249166130192 0.0354176374500193 0
1.0405529846644899 0.02210128101153517 0
1.0123348503016343 -0.036856856438189305 0
1.0075087262189713 -0.04421482878773136 0
1.0050787706949953 -0.03518153989732472 0
1.0184783433127091 -0.023274377849803834 0
1.0132460701212496 -0.01721405196369604 0
1.0207717565186099 -0.014391394328885192 0
1.0404498801942255 -0.036795356472449796 0
1.0643546727049216 -0.049317728756569285 0
1.0597188677043912 -0.046308482551600395 0
1.0647355393645785 -0.043172688833778006 0
0.9964326788256683 -0.055769349706759015 0
0.9893631975905073 -0.06285317421748157 0
1.0181348117332814 -0.039131592773031645 0
1.0177941356955449 -0.0315898762903795 0
1.0242324001244092 0.12079302760903567 0
1.0383687157779515 -0.02056151207069389 0
1.0367985340164547 -0.01926491293544393 0
1.0350806641350816 -0.02115132870345773 0
1.0365339927150723 -0.023348632385155617 0
1.0343152558572308 -0.02389527802539237 0
1.025298209062247 -0.008411756721870927 0
1.0269791313684962 -0.015252599907631968 0
0.9619883687006683 0.030859155637498626 0
0.9966615592998685 -0.0682864955719114 0
1.0372937721529931 -0.02928762269492581 0
1.0390313426779985 -0.027145021525279325 0
1.0127833838504126 0.008886240398027573 0
1.0233231155580471 0.007299596003550863 0
1.0283825797572614 -0.0897140350203813 0
1.023787161829688 -0.103334058245177 0
1.0320502227672652 0.006065422835528063 0
1.0267089983858209 -0.0010289889390642896 0
1.0385403706964629 -0.012750252857318317 0
0.9385364769103308 0.03348515835791501 0
0.9493019961558957 0.01037160108356261 0
1.0731114807294244 -0.07180110081003518 0
1.067540137276687 -0.067047097114809 0
1.0743583469450069 -0.06349129361170003 0
1.0326847210942276 -0.05451435716842374 0
1.038868277470665 -0.05200083376091275 0
1.063462878100758 -0.0559624512443654 0
1.0381836988753674 -0.022566634635998353 0
1.0383162168911373 -0.024739337203040702 0
1.0045177760744728 -0.023669413786325325 0
1.0313601140657134 -0.016513415577733424 0
1.0285887402890075 -0.04364867869766712 0
1.0234173084957319 -0.041655008138163835 0
1.0470979579423945 0.08828908132193494 0
1.0061777625010069 -0.001175401524260004 0
1.099498816217693 0.004666466481511896 0
1.0886694910675825 0.0033924350827109918 0
1.040334930055792 -0.025657369298727417 0
0.957388383843828 -0.033560922382670014 0
1.058131377539907 0.028879609011244388 0
1.057614322158684 0.04365168501553435 0
1.0159422949418153 -0.07040798516136826 0
1.0211681284710297 -0.06161687676200506 0
1.025714667530659 -0.06997985523470257 0
0.9465142244136107 0.10397034402072942 0
0.9362378798487984 0.07469816949880945 0
1.0547278074199842 -0.04846997508698897 0
1.0556885541022194 -0.04323668198729065 0
1.0315963396726546 -0.005569320449065886 0
1.0517985156103964 -0.0407880461266098 0
1.0557647491284854 -0.03844061532963572 0
1.005739796356293 -0.012017812316126685 0
1.0882548079412504 -0.009816125917745274 0
1.0947461609405396 -0.010897344097427344 0
1.0900708868744724 -0.016563801971876124 0
1.0346200646225245 -0.01393624124390309 0
1.034533612042082 -0.018085485883391254 0
1.0810018542575854 -0.058835389446086406 0
1.0483523836330884 -0.010631729534740833 0
1.0519347291370154 -0.00963617595099389 0
1.0507635690275592 -0.013893722026089073 0
1.049114278359773 -0.049134112215618315 0
1.052326888800091 -0.05406715412450473 0
1.0611279101390245 0.06306584302993282 0
1.0478595829516122 -0.043729320446056055 0
1.034232675425743 -0.02754856151371109 0
1.0568965980724463 -0.05877378840949619 0
0.9609074226571748 -0.06255966546467244 0
0.9584001873546384 -0.048326662888132824 0
1.0394969197811612 -0.021768942039159356 0
1.0057384274649623 -0.06983646775448533 0
1.0528795019533774 -0.004575510963560478 0
1.04751866099605 -0.09148202692763927 0
0.9649388656176274 -0.09092891286275735 0
0.9638549889162773 -0.07662210898864415 0
1.0655591346313245 -0.008000559640808829 0
1.070875270289453 -0.00849863992117802 0
1.0675397232070871 -0.013099517867138477 0
0.9129919182425315 0.03707951475625131 0
1.0387255087194434 -0.045988960859858236 0
1.0337093397959873 -0.044799165551685796 0
1.0375769854866141 -0.04074803535165682 0
1.0348744593319419 -0.03161119492830358 0
1.035999975261311 -0.036093001703940225 0
1.0763418641343097 -0.009280936104119742 0
1.0820272453715196 -0.0097436421756141 0
1.0781856653014774 -0.0142516822201193 0
1.1015642065612268 -0.012431589595487699 0
1.0458231247707603 -0.00694207497431697 0
1.0187762562773082 -0.05381438149041534 0
1.0261126201956305 -0.054856417682970636 0
0.9285373030305126 0.052405277288171126 0
1.0544620838826342 0.008705357056186925 0
1.0596615990849156 0.003384289039802882 0
1.0531725413585926 0.0013167087818611346 0
1.0994136337106066 -0.005304481950429643 0
1.0316065718913754 -0.07775591294692072 0
1.0619907096738017 -0.06291115975475367 0
1.0124302883043825 -0.05048324608885073 0
1.0184364667890222 -0.046249487766871655 0
1.0048688725702521 -0.052805056117130614 0
1.0478389324123383 -0.08019361603720176 0
1.0550062332775496 -0.07525214733497333 0
1.063119240163204 -0.002435089164058918 0
1.0390581806620829 -0.08533237317040199 0
1.0438116842851775 -0.047879576565447654 0
1.029863640847672 -0.049333653318053255 0
1.0855827693770934 -0.00401536470017719 0
1.0374050727761166 -0.0038207276307870874 0
1.0357529091078292 -0.00925634589865824 0
1.0477730200812092 0.014805902745068131 0
1.0565038255859331 0.018008349414413143 0
1.0611404318325632 -0.07061968177670097 0
1.0626400719717557 -0.07878687226370777 0
1.0485223755049418 -0.0021413179190443413 0
1.043270021984417 -0.0022104747459865577 0
1.002271069350698 -0.06137159794583233 0
1.0389174466594007 0.0025400669265828904 0
1.0393915479437712 0.010831400428145635 0
1.0750510001753026 -0.0038874554528893004 0
1.080810751425289 0.0004258850553231525 0
1.0742347498591411 0.0026477402678636475 0
1.0666136792328258 0.0036268476907411144 0
1.0718427846902054 0.01056039594279157 0
1.0668219564658405 0.019894133797077856 0
-0.030766028182045886 0.05395413750903784 0
-0.017560466139431664 0.05611588675598172 0
-0.021704524759614496 0.042413697358219385 0
0.048411506887073234 0.09589905485243408 0
0.056168196439185546 0.07577972308866175 0
0.03687388525747721 0.07925985061306245 0
-0.07891460417727647 -0.032644491507269564 0
-0.08488410561258651 -0.03730115843910917 0
-0.08687469026136578 -0.028616593544260924 0
0.01652770576128388 0.032566219293095354 0
0.024659920040382494 0.03987384354966882 0
0.02881362834165202 0.030667168053071236 0
-0.04683289548423299 -0.08732918746959978 0
-0.03270544433778051 -0.009150023143253503 0
-0.026756568719244707 -0.00734971672592378 0
-0.02873947183410644 -0.013463515542041418 0
-0.04949549951193313 -0.06396541086552568 0
-0.05973111716841673 -0.06643773736602407 0
-0.05580197023287785 -0.05530426983399379 0
0.03121293082728319 -0.05004595910990888 0
0.03046560327809138 -0.03604365157094411 0
0.04334544444803892 -0.04286435181516013 0
0.07738555531021143 -0.05469145413808528 0
0.05883927551776472 -0.04879778112312182 0
0.054828236574053335 -0.0318537879336564 0
-0.027569955141116896 0.016988019007923023 0
-0.025704627038257034 0.019621446147938443 0
-0.02365341869673664 0.0165275905023927 0
-0.00797692299435059 0.09030435100476619 0
-0.01648794067779907 0.034310076316238926 0
-0.024630681729868244 0.03375829862980702 0
0.017512968134760203 -0.05352258142827544 0
0.029565030599000605 -0.06626253743104984 0
-0.0492642609051261 -0.019636077936693447 0
-0.04325549822738872 -0.014241442620345407 0
-0.043507430183742146 -0.022416945941300982 0
0.020135267710562565 -0.03005696441146311 0
0.028887081698826478 -0.02513733402722096 0
0.004139638050424762 0.01968482637114026 0
0.009698642360706323 0.025704839709315485 0
0.010877909111172812 0.018806567120975615 0
-0.06037760843854847 0.026197531848158456 0
-0.07163829378844143 0.02710157661142984 0
-0.06542504232831022 0.0345438799031211 0
0.045517872847459465 -0.08043477556517296 0
0.027006971348974985 -0.08613429743444756 0
-0.04256554192637871 -0.07420278773175262 0
-0.0393192406164079 -0.06189338871812804 0
-0.03269243896827219 0.025226387791562728 0
-0.036835366985189154 0.030058633702801416 0
-0.030051199931224574 0.03038713114232204 0
0.0634241860811094 -0.06931511510438375 0
0.012150151647027665 -0.032823338632773244 0
0.012232474880297996 -0.024328062214589136 0
-0.0665667680047984 0.046230619421279755 0
-0.053925585940543336 0.04070943195192763 0
0.020033920912681656 -0.10708070434284371 0
-0.05392516389354902 -0.016035449610313397 0
-0.05538845003789243 -0.023066860891050922 0
-0.028970379363067678 0.022293419750944874 0
-0.02467331197155801 0.02307110495225277 0
-0.015192825363823742 0.007046237160098933 0
-0.015072823559104841 0.011977116994698661 0
-0.010945176366435286 0.008847215978034648 0
-0.02338308970458915 -0.01788337546308351 0
-0.03073138263814018 -0.02066269209483955 0
-0.019856002579350232 0.00596647681110426 0
-0.016504878061483052 0.002439736956046854 0
-0.002839879665649663 -0.0616494916827262 0
-0.006528684268686024 -0.04841407542398479 0
0.004859688774768316 -0.052663320991234525 0
-0.07349684962835981 -0.027209472262559393 0
-0.07102904494531354 -0.035120140716938364 0
0.009501480810421334 -0.0418842417550929 0
3.7944085320796084e-05 0.015434822124292537 0
-0.0013944819137488526 0.020873751484337174 0
-0.017675694872241233 -0.022810969537210988 0
-0.015614513034314735 -0.016039698771030605 0
-0.08431066272998121 -0.04578070656289969 0
-0.0914232021107137 -0.041390452102268604 0
-0.022613554473497846 0.009113532901993812 0
-0.02558447018506154 0.011381236778189339 0
-0.022676876422871133 0.012816291374646158 0
-0.019449840679712678 0.014741079180716137 0
-0.026327817317213793 -0.002015262976963026 0
-0.02199470388530139 -0.004452356583950406 0
-0.017112768663025447 -0.10344423978655552 0
0.006966930178427842 0.07661781699856315 0
-0.00905849634342262 0.06889458735797944 0
0.008847097709555588 -0.0886517989743517 0
-0.04328510881446104 -0.031043081557425117 0
-0.04087941267159377 -0.03922076304495538 0
-0.04836084031772883 -0.038752738528794434 0
0.0035505394315920808 -0.032797163835930926 0
0.01813115717453217 0.050682591523820375 0
0.030650948049499596 0.04977233789925283 0
-0.008554606060932599 -0.013869168127844996 0
-0.0026518211597483608 -0.010056981512352426 0
-0.0017900927736550958 -0.016620196340937376 0
-0.03360483532912087 -0.08372308694642472 0
-0.03071189798824009 -0.000519569646381972 0
-0.026901653326939175 0.0024197460616245513 0
-0.028175647930509314 0.009799701522236267 0
-0.028427025243024272 0.013212447773796359 0
-0.042745522630082765 0.04648171265353727 0
-0.04378561857740064 0.06122906197173362 0
-0.031184155571945177 0.007612232117291064 0
-0.03492097255144849 0.004935502888708349 0
-0.03459913256035353 0.009071127867240049 0
-0.04502018295607757 0.09511086194692442 0
-0.02158993202331147 -0.03789622185661604 0
-0.015080769809794843 -0.04350367407834911 0
-0.0221648319386216 -0.047314151802773693 0
-0.004495120594823383 0.053247349458985335 0
-0.03359021895908436 -0.03649291262096002 0
-0.03591715995370795 -0.04493282087472803 0
-0.03834012324501741 -0.008919662551254091 0
-0.03450477598039547 -0.00409604365533198 0
-0.09557086418279906 0.00599647841672316 0
-0.08815019073700814 0.00835121155801093 0
-0.08937017946298942 -2.1402426969019395e-05 0
-0.044875901097214864 0.027490248348520183 0
-0.043782588818540163 0.03553737242422229 0
-0.009160289377332431 -0.037235931889132434 0
-0.014183521228774046 -0.010098787376005856 0
0.04362885920945349 0.05194622781094789 0
0.05718740756488002 0.057745650937489394 0
0.054755035374967065 0.042040845509124125 0
-0.06833637915739464 -0.022252424401423797 0
-0.07545318667319577 -0.019940047393249463 0
-0.020216705562326312 0.024720377828093446 0
-0.02465351014237064 0.027736702114065193 0
-0.027852975026806753 0.0062005716455762255 0
-0.024009317424726485 0.005478604039895614 0
-0.009702826420987814 0.031267481624592516 0
-0.015342216168339556 0.02754134558283918 0
0.03367227940091621 0.06329304678567832 0
0.005370981766404712 -0.019771686843034125 0
-0.00020713900704364552 -0.02444339873182398 0
0.012753198985515366 0.06244599886693272 0
0.022006284517186853 0.0742534707899493 0
0.06387250374595237 -0.09010343374037856 0
-0.004035793360291426 -0.004309035981878557 0
0.0012535470914372127 -0.006088930905889356 0
-0.04078671997444215 0.017199198888522928 0
-0.03545614874949808 0.017622755024487877 0
-0.03731107983632853 0.012971251045819088 0
-0.03728786404662863 -0.024828103840430077 0
0.010914082758290533 -0.01668512474907402 0
0.07264898666138403 0.06596628343404004 0
-0.035677477184200564 -0.05339654977717218 0
-0.030802282021784116 -0.06055167997353554 0
-0.015451747667215136 0.016820620299799617 0
-0.009144280698915468 -0.0025527895236176863 0
-0.005474669913505754 0.001306858227356135 0
-0.04366407006613193 -0.007452801967476695 0
-0.018014180341423106 -0.001829529605850362 0
-0.01752656068616527 -0.0062428009561474405 0
-0.022296567214310455 -0.07600148936135359 0
-0.021463804427308084 -0.08938762682316015 0
-0.0665813744861169 0.01314126831065514 0
-0.05954469880738483 0.014310568002259553 0
-0.06156025880186533 0.007951989709339413 0
-0.06159957390402234 0.06118075497271523 0
-0.08128917253300873 0.05562753519084555 0
0.006770223302418586 0.05187741766479725 0
0.001535267879336714 0.04213363362544592 0
-0.06315257452997891 0.09219295116750148 0
-0.0636719154602651 -0.01756717320405206 0
-0.0618663351702031 -0.023563686841624343 0
-0.0544127376829861 -0.04546955518374492 0
-0.0559270667700502 -0.0367012826936658 0
-0.004691294695914503 0.025954472367861397 0
-0.0024635727272087774 0.03331863226978961 0
-0.05872899455193349 -0.013496055852870573 0
-0.06417799235411148 -0.011620646272371669 0
-0.06333799297485286 -0.035883168361428366 0
-0.058795632926398986 -0.02957012362005424 0
-0.00727839104539583 0.011255121446234953 0
-0.006837124954310062 0.006430101063009607 0
-0.01270349796256255 -0.028724685887560216 0
-0.020216215403772785 -0.029807871581674212 0
0.006617413474784969 0.03353830787739737 0
-0.0024226605522873475 0.005483115910353683 0
-0.0004870462953124368 0.010379377461841664 0
0.0013160042441313635 0.006496658985469139 0
-0.03911221053048781 0.0018152801535153405 0
-0.0436600574811649 -0.0017668514008985 0
-0.04328062988844974 0.0031540680455068165 0
-0.04846418045279147 -0.005781399644803469 0
-0.05359023150557393 -0.009726054475015688 0
-0.053327241352642024 -0.0038485682762547865 0
-0.07241913171638478 0.018783129001729112 0
-0.08052731716948824 0.02392551821439764 0
-0.031137901088265058 0.017122051073536523 0
-0.02916785787306253 0.014279948385478747 0
-0.03501883333714429 0.0005579982875325302 0
-0.012881565929856575 -0.005489385012699474 0
-0.06548655307704829 -0.076647470295425 0
-0.06945600757838595 -0.06681005716883197 0
-0.06753228413574013 -0.04256152419198445 0
-0.06229604783126635 -0.04919665119602123 0
-0.07036963427932079 -0.05029127071469631 0
-0.08513180382115315 -0.05418045504520569 0
-0.024665143742464795 -0.055358941448304104 0
-0.02949806229962587 -0.0492806926663889 0
-0.006327789985717177 -0.09079180573014863 0
-0.013674989747222949 -0.0012001459376443713 0
-0.0016399312055258258 -0.07586431556117146 0
-0.052816858740040454 0.014906360571901974 0
-0.046662762614246095 0.015917743028201425 0
-0.04863593511936415 0.010839590288426848 0
-0.03291646369571609 0.020829604393282502 0
-0.0732317286506032 -0.058427046807316085 0
-0.07816155162570973 -0.05136804898240883 0
-0.0806301507315873 0.009792652906467395 0
-0.07360478788175276 0.011436282011403965 0
-0.0753110334689503 0.004323199210152229 0
-0.045318077403237275 0.021248626626162836 0
-0.05179767299768811 0.024428073252744383 0
-0.09082599436520214 0.023385125289140947 0
-0.08571213698031066 0.016296145697711588 0
-0.10270599985953935 0.0027926902494709045 0
-0.05198928086550704 0.07637854482915316 0
-0.0047398034391059034 -0.030627482634036612 0
-0.03193392688675625 -0.02849912757360422 0
-0.015468842860062362 0.02195004948798658 0
-0.010915361418465722 0.018920972761785677 0
-0.05672296702658153 0.019874467082496627 0
-0.012709210656395582 -0.06863246486907457 0
-0.022912149777158906 -0.06437139044834429 0
-0.10246401420287748 0.010683771772087678 0
-0.07797040016964957 -0.06551613194387729 0
-0.0071904642564827505 0.015781339897426715 0
-0.0037350162495770637 0.013197203287463741 0
-0.02695510254972959 -0.03299093374407161 0
-0.006442837170477231 0.020534705428679464 0
1.239311224573836 -0.022375230694815444 0
1.2123849295393732 0.0026245221934676644 0
1.2396884619055961 0.00477232629351961 0
-84.83013502953233 -81.54577358326003 0
-64.83013502961366 -81.54577358326003 0
-80.00000000008131 -100.0 0
1.136925941185144 -0.4274137144360515 0
1.0622597175274722 -0.39718126512383356 0
1.165669216449443 -0.3798617174118126 0
-0.01963249544952308 0.04926479205710055 0
-0.013663646653131373 0.04876737969643462 0
-0.01573567596322279 0.04191628499755345 0
-0.02623527647083019 0.04818391743362861 0
-0.02724585909791951 0.04055179001410768 0
-0.0317766108091352 0.046322010089516905 0
-0.024163247160738775 0.055035012132509775 0
-0.029860864089014658 0.06601654089772187 0
-0.023258083067707547 0.0670974155211938 0
-0.2978489595983803 -0.37073462185735256 0
-0.2613424840402485 -0.48322754274771973 0
-0.3339308511736502 -0.4552485913784782 0
-9.047291214953638 13.820941390083119 0
-11.634716310566262 9.496031182930654 0
-11.754449079422445 13.435737470530414 0
-0.20077596625166305 -0.12156497947443755 0
-0.18285406753619765 -0.1258123280603498 0
-0.1913112253755178 -0.12821908680033156 0
0.04652104084833138 0.07751978685086211 0
0.05087743433793344 0.07057382890100602 0
0.04123027874707927 0.07231389266320637 0
0.04264269607227522 0.08757945273274827 0
0.027937666299732447 0.09057658847765372 0
0.03370647711453046 0.09889619059733953 0
0.05228985166312939 0.08583938897054791 0
0.06204322421062153 0.09362080100924858 0
0.06592156898667768 0.08356113512736241 0
1.051720276084016 -0.5211847194922308 0
1.155129775005987 -0.5038651717802098 0
-0.08587939793697615 -0.032958875991685045 0
-0.08873202035424785 -0.03516912039077131 0
-0.08973054667576602 -0.030822664307503352 0
-0.08289464721932113 -0.030630542525765244 0
-0.08401200038576316 -0.026419392443397388 0
-0.08002838803759854 -0.02843800727561935 0
-0.0818993548949315 -0.03497282497318936 0
-0.07764787300747394 -0.0374280353741209 0
-0.08063262372512896 -0.039756368840040704 0
2.0546294730960555 -3.6891965761483068 0
1.2424818236131159 -3.8438511002819533 0
1.4334189666267623 -2.8647346726966236 0
1.0253418763503652 -0.029793927314981608 0
1.0252593577489502 -0.033265907371274606 0
1.0231155121285658 -0.031385854160432866 0
1.0254707679545358 -0.026820810615839415 0
1.023750426160606 -0.024425326138487136 0
1.0260231633851609 -0.023332262650186675 0
1.0276146135749205 -0.028700863826681147 0
1.0295041836657828 -0.02753658171530235 0
1.0293752920616124 -0.030509698414444543 0
2.2425576426525122 -2.1629759484619204 0
2.9983407179078534 -1.5280921101907716 0
3.0013496913650437 -2.075196310291828 0
-0.12802181126692616 1.428506127854998 0
-0.05233045838293582 2.0266388698144864 0
0.2708025921625059 1.8298453007053734 0
1.1137888972380972 -0.09049365841295853 0
1.1256895435296541 -0.09963327946086671 0
1.115523968486706 -0.10245462061152132 0
5.814383047339939 -1.988622972312449 0
5.810665317364157 -3.071100095617491 0
3.7534150366446024 -2.522789595325721 0
-0.1088378162962547 -0.25283245251767733 0
-0.1298143196547641 -0.213368719452326 0
-0.0835212269116562 -0.23258018755058996 0
1.0358902309702849 -0.2119651108298672 0
1.0056196294984745 -0.1942918590903557 0
1.0386237668009835 -0.1751256169742763 0
1.126018013497345 -0.3264972865544305 0
1.2006842371550168 -0.35672973586664836 0
1.0897977816527464 -0.0899017991726217 0
1.0966434373992744 -0.10676692866725797 0
1.082817896856872 -0.10335372827626653 0
0.026736774191017255 0.03527050580137003 0
0.032337426712380365 0.03797884521714048 0
0.0343671271171786 0.033473349060301416 0
0.02267066705146795 0.0316166936730833 0
0.023380349389469757 0.02762721253692746 0
0.017320246139501033 0.028436854270467247 0
0.02059381290083319 0.03622003142138209 0
0.014421473939192707 0.037077323379745585 0
0.018487581078742016 0.04073113550803232 0
-0.05089122981520992 -0.08243340197046138 0
-0.05769218825590028 -0.09217914113996614 0
-0.0617505225868772 -0.08728335564082775 0
-0.04231649807818695 -0.09494078016471497 0
-0.05317579084985423 -0.09979073383508133 0
-0.278505170394265 -1.9848815228431869 0
0.1938635398605477 -1.8483894842360504 0
-0.059167780818459276 -2.1562577667820886 0
80.12664074302297 -85.96274490636313 0
80.12664074302297 -65.96274490644444 0
100.0 -80.00000000008131 0
1.1085440836908313 -0.11590654971516615 0
1.2794172798656702 1.614435318423482 0
1.4915492667541115 1.43465550571108 0
1.0360375276936327 1.197290023265139 0
1.0448990466469124 -0.013618529734904844 0
1.0461310162709978 -0.013152737572928338 0
1.0462084042696773 -0.015156718917334278 0
1.043492068037291 -0.01451514168943204 0
1.0438112639059085 -0.0162538582568474 0
1.0423425945177685 -0.015162175534625098 0
1.0434005897564484 -0.0124736110809648 0
1.0415423672361106 -0.010890905104796544 0
1.0429493458457322 -0.009994293150269349 0
-84.83013502953233 -61.54577358315184 0
-100.0 -79.99999999989181 0
-0.06704327853707123 -9.675408116932484 0
-1.9931637007271163 -10.471454626057408 0
-1.4841766865723491 -7.260639015227222 0
0.585199742925844 1.9025239393212015 0
0.5095083900418536 1.304391197361713 0
-0.07919087455925496 -0.20276695995930905 0
-0.05821437120074556 -0.24223069302466038 0
-0.027748020276675573 -0.0104066161339826 0
-0.02402626724126622 -0.00902929396046855 0
-0.025017718798697082 -0.012086193368527367 0
-0.030722458085943476 -0.01130676934264746 0
-0.032623328359118416 -0.014749732361062607 0
-0.03460631461095545 -0.01259298616166865 0
-0.02973100652851261 -0.008249869934588643 0
-0.03147009276506778 -0.006842310869698004 0
-0.02849565495579988 -0.005942157661033143 0
1.226439295124301 0.08440570773993841 0
1.180615381307447 0.049654166143986406 0
1.194292509560615 0.1042877947021221 0
-0.08212855073053696 -0.327392431090542 0
-0.020269218281112375 -0.31595943559826095 0
-0.039853045458502524 -0.37130794607286166 0
0.9780651384657677 -0.016666164796136588 0
0.9722015629888618 -0.011508686186475305 0
0.9787512512497207 -0.0072634744348064805 0
0.9844453618955867 -0.019499320962517153 0
0.9900479636809248 -0.015627903909536847 0
0.989878498849885 -0.022706271827586236 0
0.9778956736347278 -0.02374453271418598 0
0.9781322701558681 -0.03143788166155326 0
0.9717520467260491 -0.028604725495172692 0
-0.057766543700647294 -0.060871003600008924 0
-0.06234024422716769 -0.06215627225038833 0
-0.06037567075939825 -0.05658953848437319 0
-0.05264873487240549 -0.05963484034975973 0
-0.05048702603165879 -0.05272503565893557 0
-0.04733379067118643 -0.05705560617470151 0
-0.05461330834017493 -0.06520157411577487 0
-0.05222253182905999 -0.07075151366842433 0
-0.057340340657301786 -0.07198767691867353 0
1.0842060565574454 0.023943441007423377 0
1.0752514300112326 0.025050051485583667 0
1.0806189648743674 0.030169122752575224 0
1.0910519336013818 0.021527646666470994 0
1.101728432585471 0.02454402664732962 0
1.1032067747662728 0.01700916103938568 0
1.085684398738247 0.016408575399479437 0
1.0869177902809912 0.01118233494335066 0
1.0800719132370546 0.013598129284303043 0
1.2632312987082481 -0.1313772752942399 0
1.2600907128540635 -0.1300931303293289 0
1.2634362974467022 -0.12437057566619435 0
0.4591231794783782 -0.5857567420437916 0
0.5479941335183294 -0.5046896826290584 0
0.5501398425910752 -0.5999176998088653 0
-0.10933090036178505 -0.07558309143246511 0
-0.10078343086494121 -0.0669592814747873 0
-0.09993673008691327 -0.07511148114630116 0
-0.1689115116113016 -0.15281942774393542 0
-0.186833410326767 -0.14857207915802315 0
-2.319767370749361 -6.280629552267717 0
-0.3936469485593159 -5.484583043142795 0
-1.1502166967176812 2.1807769951251013 0
-2.238447828798192 2.5780440951138797 0
-1.9550754219367081 3.207077268274849 0
1.2651853101743356 0.04556084690251147 0
1.2921116052087984 0.020561094014228364 0
0.3553691738128956 -0.145750252912102 0
0.3203107787162174 -0.14724127215067195 0
0.3247409556902491 -0.11119253846454685 0
0.2334811596239024 -0.7463664993657334 0
0.36910105471358073 -0.6499074053933112 0
0.3256489934614457 -0.7774438531960207 0
-0.5483151837204994 0.5458668963578893 0
-0.4585129726738137 0.6661594649212139 0
-0.2867178125824718 0.4966711877216846 0
0.03690552386306515 -0.03945400169305212 0
0.03524026833123481 -0.03226240525105983 0
0.041680188916208574 -0.03567275537316784 0
0.037279187637661054 -0.04645515546253451 0
0.04435288180441446 -0.05140667604439306 0
0.038286624994036594 -0.05499747969176744 0
0.030839267052687285 -0.0430448053404265 0
0.025646995542668954 -0.04537336038100734 0
0.02527333176807305 -0.038372206611524955 0
0.6679604807081565 -0.08973198505802948 0
0.7117628349317762 -0.10607740064408333 0
0.6759064579753444 -0.12240313993932966 0
10.555200416778444 3.8657610563371465 0
9.55963556396382 1.6901596881828287 0
8.415419261837272 5.082399423119172 0
0.2580750452383147 -0.12840526756485332 0
0.290019157362956 -0.16282254773637267 0
0.25841164200769984 -0.17854425759810916 0
0.8137853845593059 -0.11897201010316685 0
0.7794732216245399 -0.12235054728297895 0
0.8005290102048872 -0.07801581764666149 0
1.0850893600660316 -0.08090684634567541 0
1.098914900608434 -0.08432004673666685 0
-0.027799362928995805 0.2271372850162987 0
-0.01137020755221757 0.17015409786354807 0
-0.050745077858488766 0.1920083131146455 0
28.336836379045316 -21.051930331013672 0
21.835438028446976 -23.113255722893218 0
22.46590498404782 -13.181646530717085 0
0.08336268724383933 -0.06743669685412967 0
0.09214842882875451 -0.04669129562543646 0
0.09812556076238241 -0.05943653834148087 0
0.07359063833514941 -0.04456784596761651 0
0.08831881406154451 -0.03687505349990605 0
21.427441606682066 8.89254137876462 0
16.679601049623948 15.062601795667149 0
22.0887561520115 13.385349934807708 0
-4.413385321520606 -13.85047834105156 0
-5.830518729555884 -11.435709239346298 0
0.9855295891308036 -0.006740282325869627 0
0.9796661350628206 -0.0015843771866768707 0
0.9916204475804398 -0.004423779941180554 0
0.9932223118912016 -0.0005315498090280975 0
0.9983982718129496 -0.0038939741375448003 0
0.9907056851762628 -0.010104450659778691 0
0.9961388221305612 -0.013311401524847773 0
0.04908684051104613 -0.03735906987440826 0
0.04739522297651888 -0.03028369141269316 0
0.056833756045909026 -0.04032578452838911 0
0.06229794670782951 -0.03323042951090838 0
0.06431749843892605 -0.04162100946013478 0
0.05109235998290182 -0.04583106646914097 0
0.05209979733927736 -0.0543733906983739 0
2.3399569272425125 -1.2204995627942719 0
3.098748975955044 -1.1327199246241793 0
0.37054045862434914 -0.07419563468614213 0
0.33829103258161963 -0.07525415457685203 0
0.34903424011284656 -0.03981177043572642 0
55.17758630147631 -27.05569082184236 0
45.35938394014543 -29.24305152013668 0
52.34948992636605 -16.74740098317071 0
0.9794197580889519 -0.4515880552761464 0
0.9976235919097949 -0.5280395126203048 0
1.031566878091128 -0.14880765664705203 0
1.0618374795629384 -0.16648090838656354 0
60.126640742914795 -85.96274490636313 0
79.99999999989181 -100.0 0
0.10573544461005871 0.5870595582279533 0
0.0628849376657197 0.4754730073505028 0
0.035697237455547114 0.6097781802145947 0
0.9452702456491942 0.24223774291386574 0
0.9921311259412048 0.3344822802180427 0
1.0611308823660455 0.2873260016373147 0
-0.153610691699051 -0.15767541191029955 0
-0.1580885067478018 -0.13732241955260796 0
-1.014528725862107 -0.4727703363835456 0
-1.040185515415745 -0.08970192203905264 0
-0.7003782622555041 -0.2304724190077793 0
0.8792358080311233 -0.09712645494351385 0
0.9104611929248144 -0.07813450236050345 0
0.8952441978372009 -0.1128468458354541 0
1.002752341601432 -1.082576892253637 0
1.3100702141949165 -1.032982110611302 0
1.2109002445669714 -1.212727650092105 0
14.655519250998282 82.40562746483903 0
0.552097909556065 71.04475175712889 0
5.896578658870834 88.63912429228986 0
-0.1385252777923975 -0.1643588090698072 0
-0.1085572946462049 -0.174330826261613 0
-0.1344657134163582 -0.1831444372934328 0
-0.024679022867496837 0.018074518325165573 0
-0.02318077534589904 0.019597868343119697 0
-0.022155171175138842 0.018050940520346823 0
-0.02561168691892677 0.01675780475515786 0
-0.024911504919469134 0.015621438886300954 0
-0.026869773141659264 0.015851653139066117 0
-0.026637291089686967 0.018304732577930735 0
-0.02847103359249476 0.01820136138607259 0
-0.027538369541064832 0.0195180749560803 0
1.3799388824058585 0.04489924290419575 0
1.3629904333936431 0.13418720384106053 0
1.4253208623219633 0.11773683212203605 0
0.9876309523951232 0.023682439475444607 0
0.9824772147061651 0.011248507963311415 0
0.9780414134617731 0.018073228553680834 0
0.992416309480415 0.032601048239215835 0
0.9884342649565003 0.03956167214047248 0
0.9976554232861843 0.04165556031387429 0
0.9968521107248071 0.025776327648846416 0
1.0048104982061947 0.028165538357056475 0
1.000025141120903 0.019246929593285243 0
-0.15922232091111627 -0.12735030275845877 0
-0.14392150099886564 -0.1322062869248229 0
1.0407114819863226 2.1398894217671423 0
1.0960202329903777 0.03876793511985089 0
1.1081750741552687 0.03424944949276558 0
1.083849309654938 0.03902147384941353 0
1.0748946831087252 0.04012808432757381 0
1.0902959512247357 0.048726896694849475 0
1.0835254397607301 0.06640031938466283 0
1.0956963630961698 0.0661467806551002 0
1.7332213714601417 1.343142183164816 0
1.489841619288104 0.9259968880064731 0
52.140112694952464 -8.32109194319536 0
48.82770937608169 5.102465286288925 0
58.85528896882616 -1.1364830553921053 0
0.005512262173818549 0.09609883867350559 0
-0.021146422738030562 0.11266473848333053 0
-0.007657237569861421 0.11845922615206993 0
-0.01846631149516701 0.08419164764558604 0
-0.031635811238846984 0.10655203512415037 0
0.8040725306319592 -0.5274739460360133 0
0.8472385602652985 -0.4350701391705011 0
0.8821570442813913 -0.5508466552697326 0
-0.04797495787158052 -0.11676605286349173 0
-0.06335064804929386 -0.11400441383874291 0
-0.8957605894571377 -17.744569458819416 0
-4.733115618285905 -18.708824072108307 0
1.0466133714902448 -0.03497187368228771 0
1.0451070592617486 -0.03382330025459453 0
1.0470907240476137 -0.03282550102166937 0
1.0482406979417922 -0.036298192037321736 0
1.0501807417282443 -0.0350167015893037 0
1.0498162359194183 -0.03734898797158209 0
1.0462352171220481 -0.03732466361196349 0
1.0454589716157061 -0.04002482779629963 0
1.0438316451641587 -0.0386985094412656 0
1.211385636547674 -0.06310536564019742 0
1.2187400368632155 -0.06840020624654702 0
1.2063267026309261 -0.07669261049431397 0
0.9892956623013622 -0.09636121483931176 0
0.9828511669055 -0.10257290330174787 0
0.9819438632990766 -0.09402249808547833 0
0.9951010809468606 -0.0904473806917873 0
0.9933854941917291 -0.08323231062688084 0
1.000098216443651 -0.08586888169562593 0
0.9960083845532841 -0.09899778590805686 0
1.0043056800568873 -0.10370987632801408 0
0.998500261411389 -0.10962371047553854 0
-0.023167603244741368 0.0380859979940132 0
-0.028708937583046382 0.036224090649901494 0
-0.019096232718706783 0.03836188683722916 0
-0.013127383922315076 0.037864474476563215 0
-0.020559311203833655 0.034034187473022975 0
-0.018377243784357004 0.03189451664993821 0
-0.022448614310391593 0.03161862780672226 0
1.2089683977292074 -0.2296281147103483 0
1.2468034457627484 -0.22633843064533354 0
1.232628857453379 -0.24376260288775145 0
0.6348475875080168 -0.1499651299449659 0
0.6786499417316365 -0.16631054553101976 0
1.0383906316239735 -0.250599327342908 0
1.0321165037734246 -0.29943421294728495 0
0.9966119658172269 -0.27996623855032354 0
1.1888414040498376 3.165644188384225 0
1.883058940989664 2.8775555674865054 0
1.1115286195800596 0.12531627122472594 0
1.0745597872009962 0.10627409478885874 0
1.0971625551488917 0.1477701626686711 0
1.4192585919703062 35.377523010222106 0
-7.108967523884811 28.953601463478513 0
-6.071557496470084 36.763591285054254 0
0.9466789485351481 -0.06974077935111436 0
0.9380147415199029 -0.0849236073431216 0
0.9351337897461371 -0.07867206526043648 0
0.9509510239428582 -0.0824105795670327 0
0.9394058651538473 -0.09134186547635481 0
0.9340525103244524 -0.05370326024275278 0
0.9430698559068759 -0.0549283091063415 0
0.9347806511789589 -0.06226418840484052 0
0.9252575829125553 -0.051651132173889974 0
0.9101080543576362 -0.061726625504907505 0
0.9096023316736559 -0.05233861813754569 0
0.9335467876404722 -0.044315252875390954 0
0.9339297444554845 -0.03723671234869491 0
0.9427246718673816 -0.03928884041755771 0
0.1128278851039243 0.08914996518041862 0
0.13476727046423226 0.0934259396491979 0
0.12878204198609922 0.06184545836656899 0
1.0859232105671182 -0.7502337648046116 0
0.9704566629387146 -0.7730409074540394 0
0.9544575622764555 -0.620443319485817 0
0.030388980713141896 -0.05815424827047937 0
0.037462674879895304 -0.06310576885233792 0
0.023538999366880406 -0.059892559429662644 0
0.020751096958305702 -0.06758529528376624 0
0.014725065726185501 -0.061215317282379035 0
0.024362949481021696 -0.05178427026909216 0
0.01879701419640746 -0.04711167154019062 0
0.9939369853738191 0.005804755076164617 0
1.0007123744500297 0.004381975663372729 0
0.9932260022033006 0.0014294294305727817 0
0.989257987743547 0.009851638855329489 0
0.979669758471573 0.004248786442531127 0
0.9967457512697873 0.012810835105910311 0
1.0047041387511748 0.015200045814120374 0
1.2020593237533186 -0.30578634166907437 0
1.2417105267054165 -0.3591507725264565 0
-0.09328306467997668 -0.1723519736439704 0
-0.06397603332124283 -0.16106823584767288 0
-0.07519069891143174 -0.18183271668894108 0
1.2788624384275036 0.10019447546064716 0
1.3242444183436084 0.17303206467848747 0
0.9837138928456902 0.06267782707718549 0
0.9929728921273986 0.060770139893043015 0
0.9844143794805611 0.050523871399273404 0
0.9709623331911923 0.06586690052626992 0
0.9634739796523453 0.053260776951628855 0
0.9592809326446847 0.06669611889448292 0
0.9795208458380297 0.07611316902003953 0
0.975659064843855 0.0971161230926883 0
0.9884106244983529 0.09392704964360385 0
1.2670616100052579 -0.1178649368391288 0
1.2696907423894435 -0.12024589730997154 0
1.2639544584606028 -0.12326627052880212 0
1.0256510948667439 0.03445582307524446 0
1.0275960847284096 0.04595171819343665 0
1.0341364643324835 0.04342130347462702 0
1.026536499586129 0.026215486065819825 0
1.0316832224141728 0.024057342319923063 0
1.026028247529484 0.01834742002930806 0
1.019996119982055 0.028745900784629456 0
1.0144325266518655 0.021070852038350064 0
1.01354712193248 0.0293111890477747 0
-0.043381464205565434 -0.018329194280823195 0
-0.03988134155575956 -0.015138695900214601 0
-0.04000730753393627 -0.01922644756069239 0
-0.046385845544434125 -0.021026511938997215 0
-0.047099426388184436 -0.02568068777225853 0
-0.049977841748876414 -0.02429025376995476 0
-0.04625987956625741 -0.016938760278519427 0
-0.04895929113292953 -0.01581743465150615 0
-0.04595490979406084 -0.01312011699333213 0
1.1186972236879624 0.07667822822554182 0
1.141299991635858 0.1181742961053542 0
0.02451117470469452 -0.027597149219342032 0
0.01912402711414038 -0.025411957307308858 0
0.023436135069346165 -0.023110289857370958 0
0.029676342488458927 -0.030590492799082533 0
0.03442056176231745 -0.02691118040489293 0
0.02530043549432697 -0.033050307991203606 0
0.02010816398430864 -0.035378863031784454 0
-0.3148620429623834 0.07158863587722854 0
-0.38184216024154594 -0.03658098164394851 0
-0.38482955525250145 0.03270546574552004 0
0.010288275735939567 0.02225570341514555 0
0.013905714439212256 0.025006164478577314 0
0.014411284983111727 0.021668368219138756 0
0.007508773580798787 0.019245696746057937 0
0.007572118379357562 0.015666177993523434 0
0.004374132793404671 0.01594176275875091 0
0.006919140205565543 0.022694833040227874 0
0.0030284962428842738 0.022996081697382105 0
0.005807998398025054 0.02600608836646972 0
12.433075407463765 -13.204073900915084 0
10.22459193856197 -7.925694716320944 0
13.756023164547685 -9.964592738002487 0
1.2807033919139654 -0.07050714700224049 0
1.2633765739717053 -0.042884257962053356 0
1.283941574882319 -0.04785031563495063 0
0.8954771365186422 -0.18412901989456246 0
0.861804889076266 -0.17368036064372475 0
0.8976910603858861 -0.1422874576693022 0
1.5951382592988155 -0.5732834977659469 0
1.7275546000901365 -0.3196677170624308 0
1.884104176608202 -0.40713572849415164 0
1.2837557801032728 -0.1373906095812622 0
1.2685758015538129 -0.13624454481268972 0
1.281756925308623 -0.12680063020374738 0
0.8843193354747891 0.1249080912982585 0
0.8243057564375256 0.14023223615369818 0
0.8537474385301655 0.17085310007906063 0
0.9288659889700929 -2.480047536186743 0
1.7410136384530326 -2.3253930120530963 0
0.1701220547777271 -0.4636671291570602 0
0.24739426092261754 -0.40407191381040797 0
0.23140948572500525 -0.4768552161659537 0
-0.9946930349417438 14.16804765359215 0
-7.066293907941219 14.781198998429705 0
-3.095423110810345 17.147496332845325 0
1.0418652477560184 -0.029834638555840273 0
1.04089768227733 -0.02873734356403902 0
1.042430419123022 -0.02862609030292873 0
1.0427990710210189 -0.03126202891334939 0
1.0444995120246787 -0.030693078987351186 0
1.0438838375761341 -0.032241605495664086 0
1.041227624034271 -0.031407565381559456 0
1.0403559896474408 -0.032870775660400045 0
1.0394221663824403 -0.031443385302890925 0
-0.17362308499379409 -0.12277293550503271 0
-0.16622145235796915 -0.11373280906926295 0
-0.16598769402422747 -0.12342630895047405 0
0.7034536059010956 0.7639594247817286 0
0.8333827564836847 0.6892206952262725 0
0.696109378537603 0.5776337763291455 0
-0.06853166805837582 0.03082272825727547 0
-0.07850547530102579 0.03187381749869983 0
-0.07539884957096019 0.03559496914454546 0
-0.06290132538342934 0.030370705875639777 0
-0.05931792604080462 0.03295792216522426 0
-0.05679420909592374 0.028784748137742937 0
-0.06600795111349494 0.026649554229794148 0
-0.062452234792330294 0.02309195733787744 0
-0.06808257746727678 0.023543979719513133 0
0.03626242209821723 -0.08328453649981027 0
0.04541488112233047 -0.09475838420778364 0
0.036159430373088226 -0.09760814514242094 0
0.028286000973987795 -0.0761984174327487 0
0.019472067333292892 -0.0775211752854651 0
0.037541451723230035 -0.0733486564981114 0
0.045439096004124734 -0.07019188791939948 0
-0.04440737006417052 -0.06292939979182685 0
-0.04224566122342382 -0.0560195951010027 0
-0.040942391271393305 -0.06804808822494032 0
-0.03560069609128414 -0.06617549419692922 0
-0.037223846746269544 -0.07233019370374152 0
-0.04603052071915592 -0.06908409929863915 0
-0.04875755303628278 -0.0758702021015378 0
3.1186454616971737 1.555287509514741 0
3.69819753954832 1.1610987871010268 0
2.8912628923015595 0.47228342956410274 0
0.8290518356810839 0.06530153822649928 0
0.8613560483464106 0.05991075750221962 0
0.8355520109069872 0.031055583634470918 0
-3.4537441959101427 -6.125535043811226 0
-2.3632144578971093 -4.3494790717267975 0
0.07382972827679977 0.17375519581572096 0
0.10511905230818655 0.1653958924829742 0
0.08745514382916424 0.12944334275373565 0
44.38356862867056 -66.43888458006785 0
40.12664074283255 -85.96274490636313 0
24.256927885457152 -80.47613967370472 0
-55.15163420761842 -66.40755582271672 0
-50.32149917816741 -84.86178223945669 0
42.321910333621574 -10.50845264148968 0
6.602657475186035 -4.266009632167382 0
9.709586511852692 -3.6115735130062827 0
8.440610658979233 -5.340649672569446 0
-0.033443283458206866 0.030222882422561728 0
-0.03481128021070684 0.03437425818639869 0
-0.031419196683724546 0.034538506906159006 0
-0.03137181944974838 0.027806759466942384 0
-0.02913397977442373 0.028017702868484706 0
-0.03045459929294754 0.02543733119310505 0
-0.03476390297673067 0.027642510747182072 0
-0.03554099744382881 0.024033024322486128 0
-0.03761246145228729 0.026449147278105472 0
-0.22733834727601793 -0.2361521838584649 0
-0.2669402559627302 -0.2092588605421159 0
-0.24915409939362765 -0.1661259740253387 0
0.06811241541398808 -0.05174461763060355 0
0.07040487069566043 -0.062003284621234514 0
0.0763820026292883 -0.07474852733727891 0
0.06113173079943707 -0.05905644811375278 0
0.0543922526209497 -0.06463205768900487 0
-0.11252498007085954 -0.05906590668183816 0
-0.11782828336333934 -0.06331382669778747 0
-0.12017856232855936 -0.05494521331510526 0
-39.52412256080577 6.962698384282479 0
-44.004918691831094 -3.2815736338787396 0
-48.61120607100399 4.834826001639142 0
0.01618387129543028 -0.02719251331302612 0
0.015172630699008094 -0.022547506208871873 0
0.016142709678795115 -0.031440151522118175 0
0.01611560595254119 -0.03676205014243952 0
0.01219131326366283 -0.02857570042368119 0
0.009361793471208937 -0.02977896183584663 0
0.009402955087844103 -0.025531323626754577 0
0.6778267617405361 -0.2075572035988524 0
0.6815367491625632 -0.27346578160562146 0
0.641301058686336 -0.25978111354342504 0
-12.298081623897474 -8.511877760952395 0
-8.61017577819379 -11.628686425416053 0
-11.938646196053057 -11.697924289876791 0
1.046288302080106 -0.06269855765779558 0
1.0437554768873079 -0.05970235387726794 0
1.047397532204585 -0.05810915768468646 0
1.0491258221656774 -0.06554228855380363 0
1.052566605856597 -0.06363877909642984 0
1.0517620706248916 -0.06807570618501937 0
1.0454837668484003 -0.06713548474638512 0
1.044498249415518 -0.07202415945441185 0
1.041660729329946 -0.06918042855840378 0
1.0724017633026333 -0.05027469390819258 0
1.0695570887188453 -0.048974168598760984 0
1.0725206412511619 -0.04686038245482094 0
1.0751615627660658 -0.05181651447222065 0
1.0782305245582315 -0.04941596015971517 0
1.0780251347518064 -0.053074799880659176 0
1.0721924228868578 -0.05394252835237405 0
1.0718008212903767 -0.057525351375204536 0
1.0690410218269442 -0.05598353081117646 0
0.5172361232900881 -2.5195774625026113 0
0.04486741303527536 -2.6560695011097475 0
20.994370422519815 62.37753453390049 0
26.338851171834584 79.97190706906146 0
-4.39258770962712 22.66409043316462 0
1.6790131633723546 22.050939088327066 0
-0.059675314134426775 0.037626655927524365 0
-0.05356819784692117 0.036040698189627525 0
-0.0659959051665543 0.040387249662200427 0
-0.07596971240920428 0.04143833890362479 0
-0.060246176972670866 0.04347002568660369 0
-0.05994502098440649 0.048638643894311086 0
-0.05362442995227896 0.045878050159635024 0
1.319814997388127 -0.0478171870921804 0
1.358034635572531 -0.06761532568337592 0
1.339488031008983 -0.09527134326633328 0
0.21556757117339398 0.49316012405970666 0
0.1883798709632214 0.6274652969237986 0
1.285037682849713 -0.08125622995435455 0
1.2644726819390995 -0.07629017228145728 0
0.9879135544125865 -0.080597195122255 0
0.9929106899093767 -0.07601869612609363 0
0.9823843391381131 -0.08454720435857893 0
0.9759398437422508 -0.09075889282101503 0
0.9819095348557607 -0.0773335898577917 0
0.9765181121729438 -0.07314268481382882 0
0.9820473274474173 -0.0691926755775049 0
1.0298374374772445 -0.03597039609609048 0
1.0322401798783754 -0.03696602366969205 0
1.0302927210053117 -0.038571120138947826 0
1.0276878502874653 -0.0346247365455848 0
1.025461486065666 -0.03621666339103606 0
1.029635309160529 -0.033019640076329015 0
1.0315248792513916 -0.03185535796495022 0
0.32064737548560257 -0.1973802621839278 0
-12.197283408077121 -60.23456000812109 0
-22.734092949175505 -56.11229965038875 0
-17.113797701603083 -48.111777562799574 0
1.1010545420309175 -0.06855021377435436 0
1.0940568853306405 -0.06569324104777631 0
1.1009005805600465 -0.05892907110859405 0
0.9900346431754694 -0.029138586325595274 0
0.9956372449608075 -0.025267169272614964 0
0.9905442858936823 -0.036105672181039716 0
0.9968010893408976 -0.038310150393902134 0
0.9915519859481879 -0.04271633880431785 0
0.9847855397827597 -0.03354477473601099 0
0.978641912874081 -0.03840496751699769 0
0.8511545091722728 0.3961445341341415 0
0.9670151458891241 0.44123279285759054 0
0.01025613079128377 -0.1082717779562899 0
0.017701223519242217 -0.12794021853812904 0
0.00792343339784433 -0.1291312921515752 0
0.03267290515494156 -0.10808134859661901 0
0.030340207761502123 -0.12894086279190434 0
-0.05232635547150927 -0.021351469413872184 0
-0.05303993631525958 -0.0260056452471335 0
-0.05465680696572073 -0.01955115525068216 0
-0.057024010046604595 -0.020950338955009293 0
-0.05629236697443289 -0.01743463331464053 0
-0.051594712399337564 -0.017835763773503422 0
-0.05128974262714099 -0.014017120488316125 0
2.9555900777212045 -0.3735163350386454 0
3.6139738683865454 -0.6811088824351452 0
-0.09396299594154152 -0.11579436863240565 0
-0.08334743658813107 -0.10056233049021955 0
-0.07916704038097801 -0.1122611329525186 0
-0.106544768522094 0.08581606837336164 0
-0.08403983320755648 0.09482256717361418 0
-0.09940489559223338 0.06700589497842593 0
-0.026821845667312844 0.02268226235159882 0
-0.028593569490345284 0.02397084717279612 0
-0.02644503579459045 0.02435968977345007 0
-0.025188969504907524 0.021346275550095606 0
-0.022665117812549526 0.021322697745276863 0
-0.027337503200662354 0.02095743294944166 0
-0.029171245703470152 0.020854061757583517 0
-0.013008999962770064 0.010412166486366656 0
-0.013053145827867478 0.012943184968286128 0
-0.010989322231532702 0.011378234459954121 0
-0.013069000865129514 0.007946726569066791 0
-0.010933966677437904 0.005982045693012189 0
-0.013057791176132132 0.005081556284044331 0
-0.015132824461464292 0.009511677077398797 0
-0.017099305130618827 0.008695257752584947 0
-0.017039304228259375 0.011160697669884811 0
-0.2155127913270036 -1.3002393268094605 0
-0.333591776502733 -1.135154860794423 0
-0.05608507911240264 -1.0241859888592075 0
1.9547239046324187 -19.67221236741647 0
2.274454201397718 -14.813866636359727 0
1.1018413662682185 -0.24952663312928763 0
1.0713947689264827 -0.23143308522682865 0
1.0993409656145299 -0.2108924166162468 0
1.04060176125137 -0.017187318181571886 0
1.0413736237960616 -0.016515691203955872 0
1.0418829549926585 -0.017583158540734445 0
1.0400050984765674 -0.01834556860818852 0
1.040509522534073 -0.01910505684084285 0
1.039431172076904 -0.019196877613693406 0
1.0394590069286107 -0.017235504800770178 0
1.0380299925596548 -0.017385971374490012 0
1.0386266553344574 -0.016227720947873378 0
1.035986762543167 -0.0632860030607533 0
1.0321655822066012 -0.06443734107141172 0
1.0334610221797353 -0.0600820136516276 0
1.0399642246395648 -0.061611214745673125 0
1.0410734547640441 -0.05702181477256401 0
1.0386687846664306 -0.06596654216545723 0
1.037683267233548 -0.07085521687348398 0
68.54895419404926 -27.666916045959233 0
81.08384614384846 -17.280020142594722 0
87.4651080502008 -30.386895903677562 0
-0.07399666622368517 0.15967490048731636 0
-0.09042582160046339 0.216658087640067 0
0.8947628191970758 -0.22604228531440015 0
0.9306489905066959 -0.1946493823399776 0
1.0134974976988422 0.06919909112004495 0
1.026028422858893 0.06928028366759316 0
1.0235505290340985 0.054836006045271 0
1.0016460046832878 0.06383945453433895 0
1.0023464913181588 0.05168549885642686 0
1.004123898508082 0.0782837321566611 0
1.0002621175139075 0.09928668622930986 0
0.022758310703933145 -0.24375369488782134 0
-0.007209074063956725 -0.2727954013259448 0
-0.03257733878525693 -0.24300221417781787 0
-0.0164396893367503 1.1234554876560914 0
-0.33957273988219205 1.3202490567652045 0
0.05841706979842018 -0.12850037010354 0
0.04344538816272083 -0.14835924004505002 0
-0.182341549873139 -0.21332014088055057 0
-0.20012770644224154 -0.2564530273973277 0
0.05228866334242535 0.11685085046945824 0
0.06592038066597364 0.11457259662627274 0
0.03758363356988258 0.1198479862143637 0
0.7040824216234464 -0.46527403516545696 0
0.7390009056395392 -0.5810505512646885 0
0.9793744313921993 -0.045527197973469935 0
0.9727211617653077 -0.043420304899012205 0
0.9859609440773758 -0.04689141113100357 0
0.9922177475245912 -0.049095889343865995 0
0.9800401929686025 -0.05190674851301808 0
0.9816413052091897 -0.05913636610204687 0
0.9750547925240132 -0.05777215294451323 0
1.0295986521791152 -0.025236785953232303 0
1.0313593306658073 -0.027045620540995696 0
1.0283198939072005 -0.02317668567473062 0
1.0265995521132707 -0.02078120119737834 0
1.030175040907225 -0.022685724500423964 0
1.0306625402692604 -0.020734387774706257 0
1.0319412985411751 -0.02279448805320794 0
-0.02973542723612331 -0.017063103818440485 0
-0.03361928376113529 -0.018349320637461673 0
-0.026061280769347793 -0.015673445502562465 0
-0.02233952773393844 -0.014296123329048413 0
-0.027057236171364664 -0.01927303377896153 0
-0.024385825857996327 -0.02146622298232822 0
-0.028059972324771844 -0.02285588129820624 0
0.602144776609258 -0.2833928728962244 0
0.5984347891872309 -0.21748429488945537 0
-0.37028284030600195 -0.10734840124232337 0
-0.3295966674060609 -0.24099416059855036 0
-0.41112349963172296 -0.209109911131884 0
-12.622414421856636 2.2484054120980277 0
-14.738649438417765 4.581931664447505 0
-12.225639158473939 6.777301011028472 0
-0.0158488517126534 0.0047429870580728934 0
-0.013713817524961789 0.002778306182018292 0
-0.018180440320416644 0.004203106883575557 0
-0.01920871885268543 0.001854451437882386 0
-0.020884281111619017 0.0036178213654110888 0
-0.017524413971586987 0.0065063569856015965 0
-0.019430893738382072 0.008155377578087611 0
0.8950157533958913 0.22246148835910734 0
0.9640155098207319 0.17530520977837938 0
1.31145859198485 -0.29504861036926566 0
1.3100835053865485 -0.34599200456683965 0
0.917480435645763 -0.035518052785861925 0
0.9023309070908438 -0.04559354611687945 0
0.9225563467147377 -0.025116502220620847 0
0.917947743024497 -0.017215391242066693 0
0.9302950786762838 -0.01355891269749185 0
0.9298277712975498 -0.03186157424128708 0
0.9390056555244592 -0.026835161783453833 0
1.0731249651622135 -0.11359288082647681 0
1.0662793094156855 -0.09672775133184053 0
1.0085230589304508 -0.09336115233882715 0
1.0110149357885558 -0.10398707690630885 0
1.0058028560184789 -0.08693767364977467 0
1.0040872692633471 -0.07972260358486821 0
1.012512111750147 -0.08721487422806944 0
1.0155170031237475 -0.080592230610021 0
1.0182372060357194 -0.08701570929907348 0
-0.0008344977469588537 -0.05053869820760966 0
-0.003564492777082406 -0.044399273622462175 0
0.002129693744644764 -0.04652389640608704 0
0.0010099045545593267 -0.05715640633698037 0
0.008398426046189558 -0.060785687063858576 0
0.004548641825980568 -0.06527877240960442 0
-0.004684281967167843 -0.0550317835533555 0
-0.008965765786531904 -0.05864311843054139 0
-0.010810168088050085 -0.05202541030117069 0
-0.10242855805153844 0.14897870779064387 0
-0.06274781430956382 0.12432893326522237 0
-0.074971824561295 -0.03388231611210396 0
-0.07370509339149248 -0.0386658599789553 0
-0.07620572690281814 -0.02992698188491448 0
-0.0773195107631402 -0.025720497653264264 0
-0.07226294728683667 -0.031164806489748877 0
-0.06980457076588824 -0.028135523434234103 0
-0.0685706684243651 -0.03209085766142358 0
-1.543891666253228 1.0454557366680066 0
-2.443161885869054 0.9555412742611246 0
-2.3328593231949912 1.46182935955725 0
35.156824986763795 88.49303510169219 0
41.49567615828532 68.46494217075366 0
23.364910655897226 22.97879689572514 0
28.112751212955345 16.80873647882261 0
0.942096000657332 -0.012679226766670625 0
0.9374876863680655 -0.004781998651842246 0
0.9523706667824232 -0.011235697673156604 0
0.9610883291763128 -0.003006581454731142 0
0.9641703451947611 -0.01033948065708158 0
0.9451783484916159 -0.020016494582531984 0
0.9492803216495506 -0.025391632689939814 0
1.196980512820633 -0.10864217089771565 0
1.1886967219748223 -0.10534041471538368 0
1.196686493759752 -0.09733733804142844 0
-0.10967069996532014 -0.1031059312084266 0
-0.10939258457819054 -0.11365734002967154 0
-0.1209198923948161 -0.11266770506799155 0
-0.11563603915170595 -0.07813273091739334 0
-0.1164827399297339 -0.06998053124587948 0
0.01118632845476426 -0.053092951209754984 0
0.007180584792594825 -0.04727378137316371 0
0.004450589762471273 -0.04113435678801623 0
0.013507224472590769 -0.047703411591684175 0
0.014791270534238026 -0.041292501703599355 0
1.1245907483199065 -0.127418404629626 0
1.1057102172324749 -0.13173071268536266 0
-5.2776755591988564 -1.13899506732513 0
-7.282545722159096 -1.2970552139435885 0
-6.936773777556177 -0.01938855817684146 0
9.338497678891473 -61.46542832599964 0
-0.39714383953051735 -63.73116439728536 0
3.1586533579172897 -49.968301849246195 0
0.0013725780683379546 0.02027928892773872 0
0.0002614362607974666 0.023590544253980564 0
0.002088791067872779 0.017559824247716398 0
0.002323285810852688 0.013816760635327049 0
-0.0006782689142140283 0.018154286804314856 0
-0.0018378900626513416 0.016284925838787236 0
-0.002554103062186166 0.019004390518809554 0
67.59174879322377 -56.34964080988416 0
87.4651080502008 -50.38689590360236 0
-19.148165257263244 3.150720995612819 0
-18.75138999388055 7.679616594543264 0
-59.6057771314602 5.8051053382880475 0
-55.12498100043488 16.049377356449266 0
0.6476273654430238 -0.0648944480578003 0
0.611577544372482 -0.06714696325862972 0
0.6271029216424473 -0.02601750943747892 0
1.203664199233025 -0.12761224269041085 0
1.214772239416799 -0.12252552490236224 0
1.210814990245753 -0.13298499170547468 0
-0.019498801369451944 -0.016961537117057057 0
-0.018455239398801233 -0.013374284983021961 0
-0.016645103953277986 -0.019425334154120795 0
-0.012203137883252925 -0.018782884552369622 0
-0.013233728802216172 -0.02216851993545981 0
-0.02052939228841519 -0.020347172500147247 0
-0.021532128441822368 -0.023930020019391957 0
1.059396621497822 -0.010417648857237581 0
1.0615042315738745 -0.0103750959953758 0
1.0604424380974784 -0.012940933417998401 0
1.057127476916428 -0.010681772491032563 0
1.0562312466487356 -0.013150347753446923 0
1.055026381097848 -0.010856400089643385 0
1.0581886943843601 -0.008086598649768132 0
1.0567535595082593 -0.005573039502640712 0
1.0590227040896536 -0.0053089158688457315 0
5.056237519317442 -0.7042596221194235 0
7.113487800036997 -1.2525701224111936 0
1.298701755270123 -0.5589799826347893 0
1.213496090168995 -0.6527509876909686 0
0.1877489755339929 -0.06839030666758592 0
0.1627296617179966 -0.06784762769562104 0
0.17580526994025814 -0.0420318808587169 0
0.7562192040889613 -0.15102764763243393 0
0.7429628297345425 -0.11007145517592856 0
0.8248307951163583 -1.980235801859084 0
-30.32149917824261 -84.86178223945669 0
-40.00000000023785 -100.0 0
0.5956286476463987 -0.1302804028021702 0
0.5983721314026906 -0.1741878083938603 0
1.2419871776485725 -0.06015133714977194 0
1.2452253606169261 -0.03749450578248208 0
-0.07396620740270429 -0.129236451980929 0
1.0363722295676538 0.027013344683985 0
1.0358639775110088 0.019145278647473233 0
1.0386081955419186 0.033671522903227065 0
1.040553185403584 0.045167418021419256 0
1.0427889506387547 0.028759459230777235 0
1.0472032755390221 0.02989382697553563 0
1.0449673095647576 0.023235648756293564 0
-5.509744964864793 9.04546290633849 0
-3.576226605453397 10.043234050036395 0
-4.120407738245572 7.286946637198353 0
-0.034855678386565433 -0.1492448755309271 0
-0.004229581547315107 -0.1383702524513125 0
-0.015257570713447549 -0.15967435581302897 0
1.117098524170817 -0.013604954774282882 0
1.1241469534947566 -0.016353045258043295 0
1.1167323736560633 -0.024957293283209392 0
1.1630933296878085 -0.09609893570490696 0
1.154744000231583 -0.09279196463629814 0
1.1632632087010804 -0.08408586226593795 0
-3.137718048414018 2.4881296327069977 0
-0.15905158507601275 -0.09453667531468793 0
-0.1624966890184328 -0.09726658720716645 0
-0.16408778135617919 -0.09207190120513609 0
100.0 -40.00000000023785 0
0.7523652805457203 -0.2505031330351172 0
0.7158395774915202 -0.3027270429796899 0
1.0062937484569834 -0.03969818434252804 0
1.0026587578071873 -0.04456782290245581 0
1.0014437800451992 -0.04005117845725249 0
1.0087068104983148 -0.03601919816775701 0
1.0084941203678004 -0.03155597395333877 0
1.01212216017112 -0.03239363222377106 0
1.0099217882603027 -0.04053584261296033 0
1.0129937149213148 -0.04020330968234915 0
1.0105806528799832 -0.043882295857120175 0
0.8494299930415816 -0.10323803944265694 0
0.8646469881291952 -0.0685256959677063 0
-0.08815365386165011 -0.039345805270688886 0
-0.09200156860331143 -0.03721376722235103 0
-0.08459738417128386 -0.04154093250100443 0
-0.0803459022838263 -0.04399614290193596 0
-0.08786693242034746 -0.04358557933258415 0
-0.08837885868812267 -0.04800251492969467 0
-0.09193512837848893 -0.04580738769937913 0
1.390315456642927 0.0041438508379741164 0
1.409988490263783 -0.043310305336178766 0
-0.024130673303966337 0.012098764076417749 0
-0.025877030663631586 0.013048262024199274 0
-0.024423233782536382 0.013765789322427684 0
-0.02264521544818449 0.010964912138319984 0
-0.020841330660142522 0.01158028485985856 0
-0.02080966968545588 0.009728905623532388 0
-0.024099012329279693 0.010247384840091574 0
-0.02408036862110331 0.008750098765169556 0
-0.025565826476885156 0.009883950703267318 0
-1.437448856565187 -0.8737308643859285 0
-1.0976416034049459 -1.0145013613546552 0
0.006379286054217857 -0.18138012023655437 0
-0.02424681078503247 -0.19225474331616899 0
-14.103421341095267 88.63912429228986 0
3.469509124442993e-10 100.0 0
22.975397391093388 1.7305342749746293 0
17.934947570465706 0.16325820988010653 0
21.79614688844194 5.648013452810655 0
1.0787997427157126 -0.07747028512154443 0
1.0879168616714001 -0.07188853268558956 0
-32.7183738981945 6.0786053949338985 0
-37.32466127736741 14.19500503045178 0
14.227556893359626 2.277129354558468 0
13.083340591233078 5.669369089494811 0
15.33086888438152 -4.220217260682133 0
17.539352353283316 -9.498596445276274 0
-0.021063358551291905 0.013778685277681148 0
-0.019227812788563295 0.01254267876289355 0
-0.023165147559803888 0.014671940938519428 0
-0.02155162968822466 0.015634334841554416 0
-0.02005338216662686 0.017157684859508544 0
61.55884820782864 -40.1625665829252 0
1.2713365567004316 -0.17742668061619 0
1.2538506403076006 -0.17598192153000292 0
1.26693373012911 -0.1600264520833259 0
0.5051347209309516 -0.453330338549157 0
0.5961513840436485 -0.46749129631423075 0
1.0170089133199296 -0.015802723146290616 0
1.0150210045768944 -0.01088482901382419 0
1.0187838477755746 -0.009473500196418766 0
1.0196250499156596 -0.01883288608934451 0
1.0225372890549205 -0.017664086250859794 0
1.02139058245197 -0.022105578011319113 0
1.0158622067169794 -0.020244214906749936 0
1.0151939066766573 -0.025602392929578326 0
1.0125777700809278 -0.02257222998652443 0
-0.02416126060125759 -0.0032338097804567156 0
-0.024120188480550798 -0.0003730485286225541 0
-0.021953631764594597 -0.001591595332116244 0
-0.024375636302273046 -0.0059010366549370925 0
-0.02164533482429456 -0.007580613889481861 0
-0.02654219301822925 -0.004682489851443403 0
-0.028281279254784422 -0.0032749307865527653 0
-3.186389519141934 57.39619586807655 0
5.8838535605342726 53.99938388073795 0
-6.613574460291174 46.58432481913645 0
-29.230288505910856 -68.97932328731183 0
-18.908789327981296 -84.11754104785513 0
7.117662901895313 -8.580130835482043 0
7.013291438482662 -13.95334271209516 0
10.544722664468377 -15.992240733776704 0
0.1878086783154731 -0.3109268942524642 0
0.160126151092647 -0.2684610862921052 0
0.21833541053062872 -0.26219949603530085 0
1.2898479368428206 -0.18748611488266995 0
1.30293102666433 -0.17153064543599295 0
0.6427532169582565 -0.6279460743734003 0
0.5538822629183053 -0.7090131337881335 0
5.140461190479217 1.1379480474167485 0
4.913078621083603 0.05494396746611031 0
0.4779510416721667 -0.8177307353092876 0
0.3423311465824883 -0.9141898292817099 0
16.386991786054388 7.325265313670096 0
1.4589449550883473 -0.12733823540052613 0
1.4912257761587435 -0.055579058879176114 0
0.007932517041817702 -0.8665022350063065 0
0.12601150221754706 -1.031586701021344 0
0.8350021743586278 0.237785633214547 0
1.0433846689848858 -0.03441665049799902 0
1.0425288854323629 -0.03639685086468963 0
1.0417526399260213 -0.03909701504902577 0
1.0413056637467484 -0.034815156105759186 0
1.039500206094918 -0.034850976027090655 0
0.13250190179979673 -0.787629637778993 0
0.17595396305193173 -0.6600931899762834 0
-0.08982569134241875 -0.07675535022358554 0
-0.09837316083926259 -0.08537916018126335 0
-0.027456434667583175 -0.10299830632319285 0
-0.02047022894172922 -0.11569250597788308 0
-0.030813894946286946 -0.11524657251452039 0
-0.008317213996569782 -0.1064535456781458 0
-0.011674674275273553 -0.11870181186947336 0
1.0622272035344849 -0.0447405856926892 0
1.0597832971863772 -0.04349415928634097 0
1.0622829984056779 -0.04194320543296648 0
1.0645451060347502 -0.046245208795173645 0
1.0672024572672 -0.04437284919650941 0
1.0670181133595933 -0.04743267908287264 0
1.0620367702046565 -0.047813105654084836 0
1.0615449189999615 -0.05081212648930746 0
1.0592270164996962 -0.04930750338682302 0
1.2260151083800754 -0.1458704577331411 0
1.219944735001989 -0.1402954710607009 0
1.2279934038076135 -0.1334732605898663 0
-0.5838704807096 -1.012374516048474 0
-0.424442768494999 -0.7363211780982211 0
18.600496012944525 -29.11459486212726 0
12.729564617947027 -21.24431106183067 0
1.0971844138795106 -0.1868756818504017 0
1.1276310112212464 -0.2049692297528607 0
0.0350664312080777 -0.3167109163082644 0
1.1474905205770614 -0.026549110526862974 0
1.154975025765812 -0.03055422108706935 0
1.1458790051747392 -0.03855663445901358 0
1.0319423828685903 3.9126207850837984 0
-0.05275443376224904 4.87648023967866 0
0.9464920464223396 4.867169788698449 0
0.9879949516221431 -0.058062067944016645 0
0.9830095511775538 -0.0639274723755118 0
0.9915296922397236 -0.05452015568865537 0
0.9971207341105358 -0.05034508336196965 0
0.9928979382080878 -0.05931126196212029 0
0.9963122588945943 -0.05887687593445151 0
0.9927775182770138 -0.062418788189812786 0
0.8513378082251626 -0.04224517662407443 0
0.819033595559836 -0.04450941041658831 0
0.8355314992023593 -0.012135409985581264 0
-0.008517709668886604 0.07959946918137281 0
-0.019007098169703023 0.07348676582219267 0
-0.0005049964079613745 0.08346108400166467 0
0.012984188760207765 0.08925557167040407 0
-0.001045783082497389 0.0727562021782713 0
0.00445870311004405 0.06948122975118519 0
-0.0035540101508811806 0.06561961493089333 0
0.017927034529265286 -0.08739304820439964 0
0.010392130513583193 -0.07877992605541717 0
0.02352044613082832 -0.09660750088864564 0
0.014440509311118621 -0.0978662516585977 0
0.004662719189720735 -0.09905732527204389 0
0.8283742044612342 -0.1475727690789744 0
0.0669667654686507 -0.1763538311481097 0
0.03888990343173264 -0.17679432383647403 0
1.337322286525735 -0.12150808841492435 0
1.2991026483413308 -0.10170994982372883 0
-0.0446201264946613 -0.038986750786874906 0
-0.04302574725101675 -0.04468328226441637 0
-0.04676646107408428 -0.04444927000633589 0
-0.04582297456609494 -0.03489791004310978 0
-0.04952613145517778 -0.03384858406600526 0
-0.046988265703543884 -0.029993755580320594 0
-0.04208226074302741 -0.03513192230119025 0
-0.04038893056185405 -0.03152278714936148 0
-0.03918608249042042 -0.03561162789312661 0
1.2558606075087615 -0.1325207927932014 0
1.256065669705492 -0.1255139379692254 0
-0.7230726978104918 0.4339755844470661 0
-0.5512775377191499 0.2644873072475369 0
0.7290604726454556 0.47097134496756676 0
0.5991313220628666 0.545710074523023 0
0.3032326374849414 -0.07674517381542198 0
1.208836694818215 -0.14538218884874948 0
-9.525524041214613 2.133163026941847 0
-12.038534321158439 -0.062206319639119684 0
0.8811436232147044 -0.03613359212493134 0
33.866979670767726 38.9100420671937 0
27.376007127154907 51.696602140599644 0
39.16867488696894 47.157254064716966 0
-0.12514307478730796 -0.07956083073874747 0
-0.1179912352193591 -0.0851633909253331 0
1.0150644929985897 -0.0342233663642844 0
1.0148518028680753 -0.02976014214986616 0
1.0179644737144131 -0.03536073453170557 0
1.020413564611348 -0.03322385525355268 0
1.0205839026302161 -0.036994713494878755 0
1.015234831017458 -0.03799422460561047 0
1.0158936956371383 -0.041340677849770316 0
1.0422130614471188 0.1247605069209198 0
1.0192512010992218 0.15793724597108671 0
1.0372318624219314 0.16190472528297084 0
1.0043906218142937 0.11786151566264413 0
0.9994094227891065 0.1550057340246952 0
-0.11023289016480615 -0.2875816144484523 0
-0.1298167173421963 -0.34293012492305297 0
87.37491880943472 44.754302311126786 0
68.35018773398036 40.9514291310261 0
80.97526892454565 56.19712681968295 0
-0.04959467953015297 -0.7802289256168564 0
0.5584757784528995 -0.12050978958808653 0
0.5949512345582257 -0.09628711113919214 0
0.0108258162287245 -0.037353790193933076 0
0.006526010121006707 -0.03734070279551191 0
0.0014751190730566462 -0.03659081782843524 0
0.007850345539309873 -0.032810251234352085 0
0.005061987363491146 -0.029765874437425472 0
-37.236018306856394 -45.600436968664475 0
-43.0071810021243 -35.28074944657094 0
-33.42176993796937 -33.6698296829737 0
-0.13171473192161887 -0.1326987588041043 0
-0.11662931801496534 -0.13938215596361195 0
-0.12770227292889771 -0.14886180087847975 0
1.0378304390851314 -0.01882933408141537 0
1.036998087490978 -0.01782155022851857 0
1.0386155299658797 -0.01947763364904035 0
1.039184357888976 -0.020280756035346945 0
1.037583624897203 -0.01991321250306891 0
1.0376444873956516 -0.02097067417666649 0
1.0368593965149033 -0.02032237460904151 0
0.2136039820025758 0.10646603600787427 0
0.24138323041671075 0.10872420358523205 0
0.22858044681577994 0.07506026204638494 0
1.3773393889784096 -1.551919371996493 0
1.070021516384925 -1.601514153638828 0
0.30186709625363783 0.32092370544806037 0
0.3526081719512733 0.38804365041591893 0
0.39936889671842524 0.3485310865478257 0
0.1269754216810892 0.19035734081050915 0
0.14060083723345365 0.14604548774852386 0
-37.05538390743507 -12.251921706057782 0
-30.476857290799842 -7.151339533340696 0
-32.61440601660205 -18.249559988163075 0
12.891350240531407 -87.6141454370194 0
17.148278126369412 -68.09028511072412 0
0.278313550428268 -1.071873583134611 0
-0.166995368550461 -0.0992517989868262 0
-0.170054671921522 -0.10135356504940268 0
-0.17057823105919567 -0.09693013716318077 0
0.5081451001855374 0.534011768700143 0
0.3741609849713087 0.4746084471356181 0
0.43219611274078534 0.5929691843200768 0
1.082449081185971 -0.3098482849197321 0
1.0406704153792243 -0.33921519612714757 0
0.8890217271868115 -0.01931302677324758 0
0.8967618293454006 -0.0077743389635885896 0
-0.059183928567949996 0.6691642436885272 0
-0.102034435512289 0.5575776928110767 0
-17.309304094574475 13.910188475901334 0
-14.72187899896185 18.2350986830538 0
0.024391052612015882 0.05022746471153661 0
0.020649714262764865 0.055321897765821214 0
0.02690960970024858 0.05486677095353744 0
0.027655434044941044 0.04482309072446083 0
0.03533294071693892 0.04292809239193249 0
0.021395538607457333 0.0452782175367446 0
0.015223199645816851 0.0461355094951081 0
20.300332149891876 -39.34305265057514 0
11.194458739391928 -37.47410798951259 0
0.06116748679394628 0.2650753223653199 0
0.05153457206654874 0.2074954076550804 0
0.021208422104672928 0.2628629844754408 0
0.9261164441637137 -0.07744701639684776 0
1.0354246242861516 -0.023621955205273992 0
1.036555977105611 -0.024682524717931295 0
1.0354466086766902 -0.024955847538049674 0
1.0346979599961563 -0.02252330336442505 0
1.0333720268802207 -0.0223692146764413 0
1.033754731019146 -0.02099724001547398 0
1.035807328425077 -0.02224998054430667 0
1.0360004615742167 -0.021265582493048406 0
1.036727125864212 -0.02236423433389735 0
0.9601362555759037 -0.28268188595725785 0
0.9664103834264527 -0.23384700035288097 0
0.1215986799329829 -0.2773767617572994 0
0.15212541214813852 -0.22864936354013599 0
-0.0022209569667017283 -0.013338588926644902 0
0.0009784031883181095 -0.010669632506689673 0
0.001409267381364742 -0.013951239920982149 0
-0.005172349417293847 -0.015244682234391186 0
-0.005290927752923105 -0.01907313333732301 0
-0.008673184396561857 -0.01769761923077682 0
-0.00560321361034048 -0.011963074820098712 0
-0.008500254164544484 -0.010941760874699448 0
-0.0055488617139523655 -0.009035667566953162 0
-0.03808518862774979 -0.07896293733908867 0
-0.032743493447640624 -0.07709034331107756 0
-0.040218865406676935 -0.08552613720801225 0
-0.035702468000630885 -0.09313772990312744 0
-0.044699218705305854 -0.0807659876006762 0
0.0912931219407337 0.07427921905295572 0
0.0972097046973604 0.106213293293526 0
1.233707126655365 -0.15563718060055726 0
1.2417557954609895 -0.14881497012972267 0
1.055683484287055 -0.12356492597069504 0
1.0722220717282416 -0.13019090291512103 0
1.0261386702153716 -0.011832178314751448 0
1.0281007859720515 -0.009836061092435098 0
1.028941247125176 -0.013256482685315618 0
1.023875443943553 -0.01482199711825858 0
1.0256409764798637 -0.018094689040233182 0
1.0230349827904284 -0.01140157552537806 0
1.021047074047393 -0.006483681392911633 0
0.9791752656747921 0.04146935932461494 0
0.9725917599256997 0.030683157851656324 0
0.9674380222367416 0.018249226339523136 0
0.9685718744497606 0.04164535711045725 0
0.956890473903253 0.042474575478670236 0
1.152508993681795 -0.21373048879702114 0
1.185012116913581 -0.22276365001405135 0
1.162290686188052 -0.238019125735736 0
39.99999999970139 -100.0 0
2.0216122692222736 0.850477858719013 0
2.023319916688281 1.3591364764236198 0
-0.026614735322076484 0.00020224154233076269 0
-0.02440710648541349 0.0018444559906712346 0
-0.02851985765272694 -0.001267416311672499 0
-0.03047331959029757 -0.0025270841212622387 0
-0.028806775657589632 0.0009500882076212897 0
-0.03091389842481602 0.0015619043856250484 0
-0.029008776094165564 0.00303156223962831 0
0.8788974412489667 0.07810224489005915 0
0.885375836213228 0.04372577501938274 0
-0.02830133658676679 0.011506074648016312 0
-0.029428644991938653 0.010752543174200713 0
-0.029554692551968437 0.01245945318254207 0
-0.027005747714042905 0.012296842275992849 0
-0.02729865546905131 0.013964388953632719 0
-0.026880059057785427 0.010590469150212802 0
-0.026861415349609043 0.009093183075290783 0
1.2461639575589525 -0.07068616359865536 0
1.228012744204173 -0.06529641141908407 0
-0.037275823379723266 0.05759159974038573 0
-0.03637065928669203 0.06965400312906976 0
-0.036755775406064325 0.05021792508128756 0
-0.037766358033153646 0.04258579766176662 0
-0.0432655706037417 0.05385538731263544 0
-0.04803439829704867 0.04876419051043984 0
-0.04855444627070761 0.05613786516953802 0
0.9920501547150513 -0.07083503809668959 0
0.9975220944941938 -0.07347015360131542 0
0.9884009738603707 -0.06811837741947468 0
0.9930123784451879 -0.06556983489469648 0
0.9964266991316943 -0.0651354488670277 0
1.108794215050819 -0.16821382120659462 0
1.1069354262384805 -0.14935885751299804 0
1.1236156706738885 -0.16209753129341906 0
-0.03476005255590101 0.007003315377974198 0
-0.03671381222013052 0.005678801730934003 0
-0.03655419165888202 0.007748530974443734 0
-0.032891644066149354 0.008341679992265556 0
-0.032641573964361445 0.010390021211570132 0
-0.03093289881265658 0.009658808471728113 0
-0.033052564061696835 0.006273867502999707 0
-0.031150027216668565 0.005627805267461566 0
-0.03301843570642023 0.004289440653170209 0
1.0396625717236345 -0.028562598274664834 0
1.0402664532316939 -0.027319766814653514 0
1.0387937864611319 -0.029633898859488077 0
1.0379221520743016 -0.03109710913832866 0
1.0381625574154958 -0.028216322110102568 0
1.0369358668245714 -0.027652019872816395 0
1.037804652087074 -0.026580719287993153 0
1.0221023201297437 0.013902579889377842 0
1.0272490429577874 0.01174443614348108 0
1.0180532497042298 0.008092918200789218 0
1.020059527295293 0.0013719949697992622 0
1.0147896614414758 0.002165317167037617 0
1.0168324542759264 0.014695902086616197 0
1.0103834562263514 0.01526119034976144 0
1.7936855438054609 -7.8907156315247455 0
1.2846985296506936 -11.10153124235493 0
-46.1424674176333 -14.379794088701118 0
-49.38136025790379 -26.440739756563318 0
-56.33089504229981 -17.470391684384275 0
1.0260848707934747 -0.09652404663277915 0
1.0331480047665307 -0.09450628769981995 0
1.0308502958027441 -0.1013162993122178 0
1.0195097382459037 -0.09848620558114946 0
1.0152923593723402 -0.10883492957033639 0
1.0218074472096903 -0.09167619396875161 0
1.0248123385832906 -0.08505355035070318 0
-87.05473004378513 53.0070243502225 0
-87.05473004378513 33.007024350297705 0
-100.0 40.00000000023785 0
1.131267879941436 -0.08096134639138201 0
1.1234078737359825 -0.07776150036015281 0
1.1307157754507793 -0.07106403676837414 0
-29.040668208737607 -2.0548703913395787 0
-24.599690317904585 -8.052508673444873 0
-0.3077809152884512 -0.3110203704316765 0
6.285118550431855 -42.5574947429831 0
4.585282413484503 -32.32903695453522 0
-0.0369879414760305 0.08659490311666515 0
-0.03966805271889405 0.11506799395440964 0
-0.05079269094877115 0.10096566083796424 0
-0.045440560711587634 0.12092279284544946 0
1.187123905452712 0.1529258377013062 0
-71.34052744286446 4.085186823431445 0
-88.28075141241891 5.575358477038885 0
-83.05977603044553 18.50982834670561 0
0.2730348790608734 -0.07740917262088694 0
0.2865873062220068 -0.04157619145071184 0
0.11455599240397044 -0.6189033799510745 0
0.2155352502280761 -0.5776402415378149 0
0.5215516717845821 -0.18348943125556044 0
0.4856499514556408 -0.16194090623633461 0
0.5232514712121312 -0.13295455623183874 0
-0.01862280087420822 -0.0454089129405614 0
-0.015086210858604496 -0.049570209628352846 0
-0.018628241923017874 -0.05147544849056514 0
-0.021877381980966535 -0.04260518682969487 0
-0.02526283037873622 -0.04432712037557432 0
-0.024975380421081154 -0.0396181554024955 0
-0.018335350916553157 -0.04069994796748258 0
-0.0187003613312791 -0.036241207807472114 0
-0.015445780224520785 -0.039044933918338645 0
1.2174698817871674 -0.16716500581496074 0
1.2332105688680814 -0.1701095182115423 0
1.0742006948009948 0.18094690171883804 0
1.1210615750930055 0.273191439023015 0
1.2567747593953191 -0.2743401485758096 0
1.325147738076451 -0.2611813806161928 0
-23.162203524284187 1.6461831971324117 0
-19.149462968821403 -1.4515017329633466 0
-4.320206076477062 5.988113032254167 0
-2.814896304657187 4.645697469635756 0
-4.548616325837093 4.946759930882037 0
0.2585584991005708 0.2111635560576535 0
0.2844059319134518 0.257176588122776 0
0.3227803882079088 0.2353981095148447 0
0.45226233244304526 -0.19126127579561997 0
0.4539621318705943 -0.14072640077189824 0
1.025016056971934 0.0031353035322432866 0
1.0217524687091801 -0.002792297501508314 0
1.027686669162656 0.006682509419539464 0
1.0316125965623963 0.01112734955946968 0
1.0293796105765431 0.002518216948231887 0
1.0326805587597532 0.0029180230130676542 0
1.0300099465690309 -0.0006291828742285221 0
35.118828494239814 -24.95915060232742 0
35.74929544984066 -15.027541410151285 0
1.040266990921645 -0.013060237946405156 0
1.0398157470109286 -0.010580920015709705 0
1.0410246404251202 -0.014723738704822771 0
1.0392980201999382 -0.014413753615735932 0
1.037869005830982 -0.014564220189455765 0
1.0805041694441027 -0.1741370080699807 0
0.9847083452333818 -0.21319612827320025 0
0.9874418810640804 -0.17635663441760935 0
0.31227047074022607 -0.28989198820412476 0
0.268186845942898 -0.2588134208826442 0
0.3344393789296693 -0.2440401050911091 0
-0.011027793367127524 0.05468161810748352 0
-0.007130973880827233 0.04733311104793642 0
-0.013309481241427142 0.06250523705698058 0
-0.006776808469123001 0.06107096840848239 0
-0.0012723222765815623 0.05779599598139628 0
0.955645182428282 0.020615378360530616 0
0.9610986488214621 0.00802444971748173 0
0.9439192365331133 0.02192837972073881 0
0.9374978677347485 0.012680857306392568 0
0.932111475948187 0.024218909483801267 0
0.9502624228054996 0.03217215699770682 0
0.9451645280080843 0.043787576838878434 0
-0.1597823028009567 -0.2033967022605202 0
0.06132751087407114 -0.10965599220636588 0
0.07443269127528984 -0.12907436945951156 0
1.070949242110847 -0.06526919536325451 0
1.0680947787535748 -0.06330672547440798 0
1.0715038835877349 -0.061528823722853496 0
1.0737349138372156 -0.0676461972108676 0
1.077992795633044 -0.06597163253657931 0
1.077369362525253 -0.07012653613574689 0
1.0703258090030556 -0.06942409896242209 0
1.0702517825208635 -0.07327459043939372 0
1.067466110794495 -0.07089758859178061 0
-42.60029339662454 43.209817604049896 0
-53.305996171815956 50.575550253780776 0
-45.13605588620041 56.73641955293604 0
-29.039370497179448 2.547352337236587 0
-0.034753689456396154 -0.04071286674784402 0
-0.0309755238889676 -0.03891650078466749 0
-0.032138994386279394 -0.04313645491155149 0
-0.03839828631265086 -0.04207679195984171 0
-0.04054462089207384 -0.04753931117930269 0
-0.037234815815339065 -0.0378568378329577 0
-0.03554148563416571 -0.03424770268112893 0
1.1784958300336537 -0.044268217529392556 0
1.1861346443006955 -0.04909889333833245 0
1.176219409495686 -0.05632299062662845 0
1.0745418609198842 -0.07914484979583272 0
1.0716821627113233 -0.08061833942519125 0
0.3328269819924397 0.10844487435723006 0
0.3650764080351692 0.10820819657557634 0
0.3490345865603999 0.0791623993317242 0
-0.16293516588133045 0.038675719692532855 0
-0.18928317430236785 0.07655605745610557 0
-0.14825783932780828 0.0958797339417461 0
-0.033605110159087986 -0.006623033399292742 0
-0.03236975858637526 -0.004315321125737242 0
-0.03552278379139896 -0.009034842847253796 0
-0.0374236540645739 -0.012477805865668944 0
-0.03642244961270644 -0.006507853103293036 0
-0.038761728992505004 -0.005988468810456304 0
-0.036844055360194035 -0.0035766593624952485 0
-58.444892871565585 27.0343024989964 0
-47.45032181110938 26.064023162347496 0
-0.15652598290791406 -0.26837014635018835 0
1.038075239993483 -0.05546575470094098 0
1.041866492241226 -0.053556893832535785 0
1.0349834618052642 -0.05672251640469647 0
1.0311622814686987 -0.05787385441535488 0
1.0357764992824463 -0.053257595464668246 0
1.033707944004238 -0.0519960001143035 0
1.0367997221924568 -0.050739238410548004 0
-0.08876018509999878 0.004164904565520955 0
-0.0852221546067492 0.005300009826328446 0
-0.08583845231439352 0.0011333518182790048 0
-0.09247052182289424 0.0029875379948770702 0
-0.09288866288159006 -0.0012159429399712374 0
-0.09598203448288635 0.001772843794150494 0
-0.0918605274599036 0.007173844987367044 0
-0.09538878307305391 0.010418503189934997 0
-0.09167844635015845 0.011595869760578883 0
0.686053741244864 0.09230057859230292 0
0.7216659276777025 0.08759980059554329 0
0.6987840890996151 0.051497272809994055 0
20.70407532381722 -54.32742256268496 0
28.110112597369813 -45.96790943529963 0
6.0235357667356375 -10.241007318090366 0
4.239554487152901 -7.655962274338869 0
0.27734981481167525 -0.3609626524074807 0
0.34360234779844656 -0.3461893366159456 0
1.2179218282507032 -0.039642309882534026 0
-0.20152278031079301 -0.2912021893281027 0
-0.04432924495787752 0.03151381038637124 0
-0.04904335542525694 0.029431106387923803 0
-0.048496699285919584 0.03345466842577485 0
-0.04030897790186466 0.032798003063511855 0
-0.03828489112738234 0.03711362754710913 0
-0.04085563404120201 0.028774441025660798 0
-0.041632728508300146 0.025164954600964858 0
-34.14680279943682 -56.85654084199031 0
-0.18308782586993932 -0.1161188281791387 0
0.43123657787754455 -0.243797226836323 0
0.39954875829249803 -0.22258272137188664 0
0.02990066336014772 -0.20937471133961405 0
-6.189954157400301 -8.249662710421902 0
0.9502483015166995 -0.8952381606941121 0
0.8187826532260369 -0.7654477153753175 0
-0.007844486823009228 -0.04282500365655861 0
-0.004880295331405609 -0.038810201855035996 0
-0.010804727039240434 -0.04595887475116695 0
-0.012120529593563637 -0.04036980298374077 0
-0.012485540008289579 -0.03591106282373031 0
-77.8552591417264 63.007024350181844 0
-68.7214084286372 72.05107610137412 0
-64.97560937448104 55.058100451474644 0
-0.012084559547623667 -0.0149544334494378 0
-0.01489901713154439 -0.013069243073518231 0
-0.017739743496030885 -0.010403829285509586 0
-0.011369063644853322 -0.011983977751925426 0
-0.011314711748465208 -0.009056570498779878 0
53.80509263983653 43.382473815446644 0
47.314120096223704 56.169033888852596 0
-6.9885845414860635 -24.559933096501418 0
-10.506209273549532 -20.66584197873356 0
0.055971221469923546 0.04989324822330676 0
0.0634915644624837 0.05246558616330543 0
0.062245138148085744 0.044701761939764495 0
0.04919194729221028 0.04699353666003601 0
0.04733825289753213 0.03917818853776467 0
0.041821896296915864 0.04401503734778002 0
0.05040813338716675 0.05484593937421864 0
0.044607765723067405 0.05865708126214909 0
0.051387039900780675 0.06155679282541984 0
1.2189397113617781 -0.27762983264082436 0
1.1779134218113785 -0.2752087959810162 0
-0.07447501815077778 -0.023574759827904426 0
-0.07830138446096424 -0.022080873624461386 0
-0.0718947829152952 -0.02109623589733663 0
-0.0725974264746795 -0.017809316970907884 0
-0.06903518995089795 -0.01897066170515349 0
-0.07091661439287722 -0.024730948331991597 0
-0.06722433553040566 -0.025656999503666303 0
2.8302545639350414 2.047951833960544 0
2.978384485998556 3.0737066005776263 0
-0.018166448201598268 0.2847171997265382 0
-0.1634864851864529 -0.39072725739586844 0
-0.1915908246207221 -0.3509164407537787 0
0.399715500401962 -0.06717664062768075 0
0.38897439256454025 -0.10268252516751553 0
-22.294825922462476 30.523858524312757 0
-22.836842886283566 40.34459205839495 0
-15.141800576146291 40.160403272392855 0
1.5542772598582566 0.2297378398521385 0
1.571225708870472 0.14044987891527372 0
1.0668936480641733 -0.05085921827245763 0
1.0664477507620918 -0.05418157951635569 0
1.0660561491656104 -0.057764402539186174 0
1.0639087754028398 -0.05264009000046734 0
1.0610990216978795 -0.05413448773320552 0
1.6201821736950364 0.05642194885092634 0
1.275703703247433 -0.09392360289305107 0
1.291934413222299 -0.08814057761383429 0
-0.024663411056964325 0.02540390353315898 0
-0.026435134879996765 0.02669248835435628 0
-0.022435107852348476 0.02622853997107932 0
-0.02246002851664279 0.028607829548851348 0
-0.020241626226620627 0.027099667405865474 0
-0.02244500876694216 0.023895741390173107 0
-0.020436814607933677 0.022147334183197198 0
7.3097806489659245 -21.993579873010745 0
-70.11450607423066 31.516852696690265 0
1.0198897779641825 -0.1390455829455896 0
1.0431034907261374 -0.13040087435787684 0
-0.02593114622576662 0.0058395878427359195 0
-0.026700078897757763 0.007293618136960762 0
-0.02477825009671763 0.006932634334120457 0
-0.02545548537583283 0.003949175050760083 0
-0.022960938534307144 0.003373884979806766 0
-0.027377314176872964 0.004310158853600388 0
-0.029484436944099354 0.004921975031604147 0
-0.015915078423069315 0.030925710949539054 0
-0.01780438152962725 0.028510151283238343 0
-0.013095383549393443 0.032788778970415725 0
-0.009734826793909447 0.03634317713074001 0
-0.012522521294663684 0.02940441360371585 0
-0.01002519707760019 0.02781243275608842 0
-0.012844891951276062 0.025949364735211755 0
0.7188856322078636 -0.17999521359321616 0
1.019111973757092 -0.1174873007759551 0
1.0075753611220826 -0.1358940830651303 0
0.03713990362947654 0.05085928285510036 0
0.0321616137252079 0.05653269234246558 0
0.028420275375956885 0.061627125396750186 0
0.038650569305184845 0.057619637298313105 0
0.03962947581879877 0.0643304907495143 0
-30.254390423677947 22.009479675709024 0
-25.133301123356816 24.708798499369784 0
-25.39782331443501 16.010230864763958 0
0.7552847565038258 0.1979514123579671 0
0.7191649508795164 0.2548885993544686 0
0.7576140538685925 0.2431144319310018 0
-26.180230999338104 86.72768537474391 0
-46.180230999420345 86.72768537474391 0
-39.99999999970139 100.0 0
-0.5889223621704032 0.03856592178052834 0
-0.5219422448912406 0.1467355393017054 0
0.5290502265796462 -0.28189006617644374 0
0.5719164960787513 -0.32418688483041347 0
1.302488179445867 -0.02019429805199327 0
0.15067669805570705 -0.08546179091997182 0
0.13873710940562395 -0.05890840002213166 0
-0.7697743308490033 -30.007669448940945 0
-6.54286798611263 -31.964687355566202 0
0.4527495926126715 -0.10353478116083352 0
0.4193619736000759 -0.13285515072011886 0
1.0382499578832523 -0.023652985919519528 0
1.0388870927460387 -0.023085537181847124 0
1.0389533517539236 -0.024171888465368295 0
1.0374251048031047 -0.02404398479409816 0
1.0374470891936434 -0.025377877126873838 0
1.0373588457952199 -0.022957633510576985 0
1.0375519789443595 -0.02197323545931872 0
0.9830299289225437 -0.11945508058223495 0
0.9756781299202579 -0.11711636382840149 0
0.9913272244261468 -0.12416717100219217 0
-0.02824698643285569 -0.21318898658653695 0
-0.0009986158903493706 -0.02053179753638068 0
-0.004499450869617379 -0.02298473453276631 0
0.001790444496374808 -0.018195941591985752 0
0.004989804651394645 -0.015526985172030522 0
0.002581921379680533 -0.022107542787429053 0
0.005972208530897461 -0.02325313594097707 0
0.003183148144173282 -0.025588991885372 0
0.9289164452795772 -0.1232955050862918 0
-15.050903300084865 -22.113379265267852 0
-12.795434376884707 -16.26227024087474 0
24.040750703881656 -7.43727105339673 0
27.901950021857893 -1.9525158104661808 0
-0.1328485460849333 -0.12272664200995509 0
-0.14086791555600944 -0.1154101878086649 0
-0.12866114647876264 -0.1159026596879463 0
15.692675206318606 54.130322536377214 0
12.265490265169367 43.31845148743711 0
1.2289371641056734 -0.12052358408023964 0
1.221442616169786 -0.11748612420704299 0
1.22845869533784 -0.11010663450281022 0
-53.19560862679081 -38.371347042254094 0
1.2540277212422541 -0.1367025815465562 0
1.2546667321968061 -0.14784083907522186 0
1.248808802781727 -0.14744343546847316 0
0.11679772404531599 -0.057606850179635044 0
0.10801198246040081 -0.07835225140832826 0
0.9711937443681447 -0.16462972235467122 0
0.9921050286332374 -0.14572545317182667 0
-0.12413342215326024 -0.0658634661827157 0
1.3787696199296846 -0.1984796621335888 0
1.460006905824645 -0.21074841567658614 0
0.5403227848478507 0.11040546228695511 0
0.576181379517267 0.10709717559766656 0
0.5552102122364779 0.06768183038794323 0
0.12741237864066415 -0.4852500662917555 0
0.14339715383827645 -0.41246676393620973 0
1.237613395439403 -0.1875097467444064 0
1.2848707209389034 -0.12139196207854405 0
1.2777024858198716 -0.10782258986864951 0
1.2897686687390508 -0.11437732276242535 0
1.0004360799906937 -0.03344051183397436 0
1.0001555826804323 -0.027684448778474664 0
0.999999438354848 -0.02125213428046563 0
1.004798273384734 -0.029425476841825022 0
1.0082136230575394 -0.025799910897839073 0
1.18193499156358 -0.1825015147376298 0
1.20280644135986 -0.17408267991293447 0
1.1961018742036038 -0.19005617825064114 0
1.2505979151975974 -0.1232786308475077 0
1.2548282518663243 -0.12085040261045289 0
2.997631961389261 -3.1576734335968704 0
0.014486607347807347 0.07543564389425622 0
0.02050386592958727 0.08807339856609714 0
0.01737974175135111 0.068349734828441 0
0.02258727793409221 0.06710733739888568 0
0.017960735168256463 0.06120360143737739 0
0.009860064581971605 0.06953190793274794 0
0.007351837513587812 0.06239532068536997 0
1.0279377070019033 -0.017939112064777125 0
1.0291696227171048 -0.015883007742682698 0
1.0311317384737846 -0.013886890520366346 0
1.030128198350512 -0.01856951989982785 0
1.0318944559844618 -0.018678283452611827 0
-2.3866877170656657 6.985884175952072 0
0.2405043187200719 -0.21634761292228516 0
0.20856020659543056 -0.1819303327507658 0
1.0256536435499564 -0.039615250351755046 0
1.0232251510114412 -0.03825642117744485 0
1.0282393594465942 -0.040612085631506686 0
1.030642101847725 -0.04160771320510826 0
1.0260030243923697 -0.042651843417915475 0
1.0263619882809993 -0.046015286228141924 0
1.0237762723843615 -0.045018450948390284 0
-7.537630144348148 1.2714366845695155 0
-5.532759981387908 1.429496831187974 0
-21.718819913419956 12.478977807066649 0
1.1454102985795924 -0.26617563476398604 0
9.027379495459744 0.2526572745913176 0
9.785525023482242 -1.031706075601708 0
0.014595330356084206 0.17331005819328327 0
-0.008350384573408755 0.13818108629163003 0
37.946924869350084 -35.26744044099907 0
38.35066804327543 -50.251810353108894 0
1.0877672679803216 -0.06225667982364534 0
-1.9066506657763904 -0.27830198988867244 0
-1.9897635433192296 -0.820033014859782 0
0.06364834491353089 -0.07970927442238115 0
0.07660616146170979 -0.08514268665527633 0
0.054695188296705916 -0.08526910465277576 0
0.05459219657157692 -0.09959271329538644 0
0.054471029464284434 -0.07487494533477836 0
1.0356651790334017 0.10454105446548531 0
1.0536458403561113 0.10850853377736944 0
1.0315366747330157 0.08596622503215103 0
1.041589706068272 0.07160313995737708 0
1.020103895824023 0.10221819817570138 0
-0.02734094083054641 0.03207271488606453 0
-0.02464209593611944 0.030747500371936104 0
-0.02735235503679761 0.029061916628193615 0
4.1395658581110695 -24.924282695470435 0
1.0094805731757097 0.0038554194368837845 0
1.0114868507667731 -0.002865503794106171 0
1.0038012557005331 0.0037942749012427183 0
1.0030888812505034 -0.0005877007621299937 0
1.007104066375236 0.008825095862386508 0
-0.12893926186589225 -0.10535125086670136 0
-0.0976457266487686 -0.041656584554367895 0
-0.09823403393257973 -0.03746727544500628 0
-0.09815765291654382 -0.04607352015147842 0
0.5705644160393479 -0.8457591098738226 0
0.678768595239946 0.19512390582227462 0
0.6810978926047128 0.24028692539530933 0
1.0905998834248831 0.008692608070619022 0
1.0849873979236908 0.005882161955442628 0
1.0960145459999384 0.009329623770019474 0
1.1066910449840277 0.0123460037508781 0
1.0940841536426378 0.004029450782111444 0
1.0961683569506449 0.0006412700887253305 0
1.0907536943755896 4.254389324878519e-06 0
4.541689464490698 -4.800176255180654 0
1.2229168167735955 -0.07893503269543045 0
-0.0498838432005211 -0.19148322216301156 0
0.9901348126382865 -1.807211193991015 0
0.8236956682268484 -1.468019472086627 0
-0.0013911231344271068 -0.005198983443883956 0
-0.002017896680145713 -0.0021545179909392784 0
0.0003148710846545555 -0.0031087137768963657 0
-0.000699137034155574 -0.00807295620912089 0
0.0027242679184382723 -0.008821118793491678 0
-0.0033438072600198935 -0.007183008747115491 0
-0.006240847814223898 -0.006161694801716229 0
0.12883632788531862 -0.04023840064932793 0
-0.036383614292913306 0.015297003035153483 0
-0.03380931498159518 0.015721498672887912 0
-0.034738264471457114 0.013404751224779687 0
-0.03904889990538534 0.015085224967171008 0
-0.03988077240597221 0.012519596041475012 0
-0.04161696518729406 0.014624500122547074 0
-0.038121434361970116 0.017410976956505404 0
-0.03958813794691379 0.020019429870966228 0
-0.03692285233444176 0.020231207938948705 0
0.9084142789144354 0.07958259679537287 0
0.8843944910476178 0.09576757927820975 0
1.0942126165124342 -4.556490657270786 0
0.47300211004314097 -3.732028753819103 0
1.2411167845064375 -0.13767671260105702 0
-88.28075141241891 -14.424641522927214 0
-100.0 3.469509124442993e-10 0
0.7779110777452718 -0.3457309121729837 0
0.7070825463621148 -0.3686935607434879 0
-0.12910448728912693 -0.07000908111650575 0
-0.13047523880513504 -0.06331217600030842 0
-0.2623702386997735 -0.03249894623373766 0
-0.2508109187642295 -0.10326636583211252 0
-0.3003153280158839 -0.06846523111061487 0
0.0044154272068143 -0.42064722903614554 0
-0.057443905242610276 -0.4320802245284266 0
-2.056579790728862 0.15728175550467757 0
-2.845547447670625 0.5736553783939211 0
0.6834837423994555 -0.04856870876255397 0
-15.3809883717786 -4.264039779948036 0
-19.395026638799546 -5.768577578428443 0
-0.1086123193318918 -0.05289725946425172 0
-0.10626494040084525 -0.06126224454336482 0
0.29280745637296657 -0.5180450261911627 0
54.220380900650824 -55.738415585767285 0
6.887598340518574 1.4692956413733431 0
-0.043396269499101595 -0.026730013749363048 0
-0.040397647115185384 -0.02362252489086553 0
-0.036897524465379514 -0.020432026510256936 0
-0.04028648643054483 -0.0279355926989276 0
-0.03739030817793784 -0.028415298290863956 0
-0.1742666985162663 -0.10171707291466583 0
-0.17693238407863085 -0.10310220132890585 0
-0.1762941956379631 -0.10045573204622649 0
-0.10521218837103748 -0.1253561424919706 0
-0.10119972937831634 -0.14151918456634605 0
1.198307206292876 -0.1168962226194758 0
1.1943499571218301 -0.12735568942258824 0
-0.26090496941461444 0.08011356323679471 0
-0.2462276428610923 0.13731757748600795 0
0.027839281959051533 0.06877325878781382 0
0.029440084887332033 0.07675666070150589 0
0.03527308232919671 0.07127644869937039 0
0.008142532262347622 -0.018228405796054073 0
0.007592078166680949 -0.014183096005467632 0
0.011573278819294264 -0.020506593481831578 0
0.014441142875398327 -0.018854851098112135 0
0.008801728323351354 -0.02204987452881163 0
-0.143390963119559 -0.08107001548230656 0
-0.1476000435800606 -0.08474515393890127 0
-0.14880946931688155 -0.07911214458670462 0
-0.04261872048897546 -0.5499580981755914 0
0.07048092350141068 -0.5089349695021582 0
0.041037635589728665 -0.5774735601860392 0
0.0712223540107357 0.05657590241158075 0
0.08978014450434081 0.0615910871869442 0
0.08825384938335645 0.05257132686081345 0
0.07416196409777692 0.07865441530005156 0
-0.03506076131909601 -0.06122253434583179 0
-0.03134221679397225 -0.06550463982463298 0
-0.03749835890030423 -0.05764496924765011 0
-0.04042477950732015 -0.05177117563052477 0
-0.03323987960299234 -0.056974114875353865 0
-0.03293978994652079 -0.05407716917158242 0
-0.030502192365312566 -0.057654734269764106 0
1.0393255734734645 -0.02519835325088406 0
1.0398936189644417 -0.024656239532170332 0
1.0396831363668952 -0.02640119541200337 0
1.0408790097127678 -0.026601089971649117 0
1.0386737797845678 -0.025942179364160014 0
0.9634842324108079 -0.019742171018411685 0
0.9644519170243684 -0.02723614946523771 0
0.9646885135455087 -0.034929498412604995 0
0.9564206992302675 -0.026066943935843988 0
0.9502480062631109 -0.032885611136765844 0
0.699107783383348 -1.1083995715647084 0
0.6466037432986156 -0.9210608400051835 0
0.8510783318887544 -1.074983700174915 0
0.1221479226590964 -0.09878179947853866 0
0.1034757593761628 -0.1006114876403845 0
87.37491880943472 24.754302311044544 0
100.0 39.99999999970139 0
0.5674135986616743 0.21915398914289885 0
0.522276917941068 0.17642831798252628 0
0.5283787425614473 0.24556854933108824 0
-7.108649759434693 -87.6141454370194 0
-3.469509124442993e-10 -100.0 0
0.9396955168338795 0.7635621969074908 0
0.9323512894703869 0.5772365484549077 0
-0.6589995758342826 2.2175549326250907 0
-0.9423719826957665 1.5885217594641214 0
1.1871677645463916 -0.14088305172091575 0
1.1818107716062425 -0.1301670316499807 0
0.44144320038977036 0.9305034622106467 0
0.5565877893712792 0.8376029080302954 0
0.45103563897350507 0.7452730600649531 0
1.020838187021345 -0.025594125976971853 0
1.020496083212763 -0.02975187519725969 0
1.018136239504127 -0.02743212707009167 0
-6.017439087102938 -71.73168648487453 0
-0.029679901751227245 0.008705966819763666 0
-0.028014311478658033 0.008000136583906246 0
-0.029518565299375965 0.006906401881433644 0
0.6010066555032187 0.16526799482872612 0
0.607108480123598 0.23440822617728807 0
-0.26017517240485044 2.6188941054754666 0
-90.80052909794128 70.00000000012199 0
-0.24899456608566156 -0.1316021944617045 0
-0.2093926573989493 -0.1584955177780535 0
25.731608813897385 34.92578679140821 0
37.52427657371141 30.38643871552553 0
0.18959492386524895 3.1749546393644357 0
1.132367002077264 -0.08969000677822889 0
1.1341020733258729 -0.10165096897679167 0
0.5592158493256127 -0.19779956774665963 0
1.0513196193858516 0.039534661232776824 0
1.0468478881764165 0.04928444180417678 0
1.0578728498492955 0.03626564701338937 0
1.0646393302434194 0.03746370912313493 0
1.0648978579340307 0.03007767112098995 0
1.0515781470764631 0.03214862323063185 0
1.053756506002466 0.026624812756148173 0
0.43361909319282127 -0.06580006039876549 0
0.41518888454410185 -0.03740527430002118 0
-0.015262285613159988 0.014398868647249138 0
-0.013242607881922625 0.015364936620836607 0
-0.017261332119408758 0.0133590980877074 0
-0.01745079417346391 0.015780849740257875 0
-0.01805433566037809 0.018197455419050282 0
0.5744246751789828 -0.057376350044546054 0
4.13518302374025 -13.029174150951986 0
1.2569270595553084 -0.111384280277862 0
1.261545274132734 -0.1154414316597196 0
1.256719699589425 -0.11681360324462275 0
88.33821022410372 -6.6043519807708675 0
88.33821022410372 13.395648019195232 0
100.0 -3.469509124442993e-10 0
1.0234413980008443 -0.06579836599835381 0
1.0254039851570997 -0.06142511421214553 0
1.0276772546869144 -0.06560660344849428 0
1.0208284812362372 -0.07019392019803541 0
1.0234783824699893 -0.07518646045786381 0
1.0185921961755675 -0.07540052542119666 0
1.0185552117064225 -0.06601243096168666 0
1.0137638921750094 -0.06524677702447021 0
1.0163768089396166 -0.060851222824788616 0
1.0063285358420735 0.04472487495517022 0
1.0150651595683589 0.04587052564588844 0
1.0103740915363844 0.03584058710333587 0
-11.88340379806751 24.050158707996772 0
0.4913860490386156 -0.26757992968534455 0
0.4386724748880684 -0.29890137526161126 0
1.1709465290692846 -0.1332861900105805 0
1.1781287216447232 -0.11975882771225299 0
1.1503524419467754 -0.18971375403117605 0
1.1399715240334136 -0.17034625545171025 0
1.1648495064939621 -0.1791075144958707 0
-4.6828729454953475 2.0461184855423493 0
-4.588461451098549 3.162333221098979 0
0.9515035830161651 0.07700020598396672 0
0.9440152294773181 0.06439408240932565 0
0.9413760521312045 0.08933425675976944 0
0.9250746042809423 0.08597305034116645 0
0.9302127765633486 0.10060913760212645 0
0.9566417552985712 0.0916362932449267 0
0.9655315339588945 0.10945017386849101 0
1.0577037109033052 -0.04477258226944553 0
1.0577681403852912 -0.0419582590041861 0
1.0572233375621876 -0.04738922881929468 0
1.0567314863574926 -0.050388249654517304 0
1.0552081807611018 -0.04585332853713981 0
1.0532964699732448 -0.046773446167008195 0
1.0537768433143624 -0.04415679961715903 0
-0.007309475306210612 -0.0006229656481307757 0
-0.010033518843677997 0.0002820429421860216 0
-0.008198713450973139 0.0022118668176729322 0
-0.00475523163689859 -0.001501088877261211 0
-0.002737334956752877 0.0006534291136780675 0
-0.006590037029603447 -0.0034309127527481216 0
-0.00879509148353592 -0.005283571572585794 0
0.6938611673173608 0.9491898269274223 0
-7.432814311612741 -7.21922387022574 0
-4.653157262974835 -7.026246684155984 0
1.0284472743674509 -0.0069905385854684065 0
1.0312498512772552 -0.008414842956032578 0
1.0260036037240339 -0.004720372830467608 0
1.0291526690292376 -0.003299154694065088 0
1.0324536172124479 -0.0028993486292293205 0
1.053781632369441 -0.03961433072812276 0
1.0517842219378188 -0.03841752005138824 0
1.0537539682597092 -0.03726614612667145 0
1.0557266516153523 -0.040838648658463185 0
1.0577972029530027 -0.03957671747740621 0
1.053743534856308 -0.042012364056950226 0
1.051831824068451 -0.04293248168681861 0
1.005128786215383 -0.017843613051226004 0
1.000610448495758 -0.015426333545366308 0
1.0094929332387714 -0.014615932139911362 0
1.011267867694416 -0.008286709190039512 0
1.0088819230978612 -0.020441732875010683 0
-2.0482947655330337 5.056518270046834 0
-1.3623454127528274 5.759039907150598 0
-0.8241541229887058 5.1285076061895465 0
-6.840972611473312 -2.7783408653175266 0
-8.500070829830634 -1.658734356169238 0
1.1254677351519677 0.05900480553572847 0
1.1311759347470614 0.0447808970632072 0
0.15539816215131197 -0.19951177345211724 0
0.1448786865040138 -0.1654911694069223 0
0.18013340766050445 -0.18571308402974684 0
-0.04079781073620307 -0.01158055258579975 0
-0.04345978414676033 -0.01084712229391105 0
-0.046159195713432445 -0.009725796666897773 0
-0.04100209665557467 -0.008186232259365394 0
-0.04142370240306227 -0.005255038518567606 0
-20.51146842008876 -40.99758973330157 0
-9.974658878990375 -45.11985009103391 0
1.150675960655084 -0.1189131864774324 0
1.1371017165368 -0.1223065024298054 0
1.140998858896547 -0.1082009257070565 0
1.206294754931828 -0.10889872416553825 0
-0.01976063228573333 -0.005347578770048923 0
-0.0194112632247265 -0.00847583607558038 0
-0.020004442113362247 -0.0031409430949003838 0
-0.019963369992655453 -0.0002801818430662221 0
-0.01777037051379419 -0.004036165280998901 0
-0.016779349595988945 -0.0027731507812712645 0
-0.016535539768360027 -0.004979786456419804 0
-20.83121572086178 -10.86504672042956 0
1.157021648701551 -0.12794837463651704 0
1.160918791061298 -0.11384279791376815 0
12.714635309473204 8.913897015448775 0
69.42205636795218 -3.884372123052537 0
-0.1031102654243505 -0.048508157166122785 0
-0.10937451549911684 -0.04630654390152012 0
1.092408523907506 -0.013730573034651734 0
1.0955055851446587 -0.014518469775541701 0
1.0931751363860231 -0.017323459367936556 0
1.0891628474078614 -0.0131899639448107 0
1.0869526508896334 -0.015863406243832756 0
1.0860379292188227 -0.012520753634236007 0
1.0915004844408949 -0.010356735007586309 0
1.0905463528124235 -0.006600026110903255 0
1.093792029312068 -0.0071406352007442895 0
-62.43984688490517 41.53149850258849 0
0.36473100028293065 -0.2284588295054084 0
0.3857567548484313 -0.17592287846470533 0
1.0329468630538976 -0.01729945073056234 0
1.033481204972646 -0.01946431860544074 0
1.032990089344119 -0.015224828410818257 0
1.0327617137521903 -0.01259830335345118 0
1.0345768383323033 -0.01601086356364717 0
1.035908852794013 -0.015157214382748151 0
1.0358656265037918 -0.01723183670249223 0
0.948946952313625 -0.1739985102602969 0
0.9482326349920586 -0.2159117756801346 0
0.1982590229996889 -1.574542627299898 0
0.018260028174034364 -1.433141847585697 0
0.24199290088898126 -1.330671234588446 0
1.4092101267233659 -0.38385266437193744 0
1.3394620614439323 -0.4479548265291283 0
-16.48334022258839 -13.145461576411082 0
-8.556747245274494 -5.31032694349873 0
-9.63798739625328 -3.882433025290407 0
-6.977257568166062 -4.567913925751499 0
1.0348071380885817 -0.01961840729342449 0
1.0356660730292684 -0.018675199409417594 0
1.035939599075768 -0.02020812081945083 0
1.521772168818281 0.7153281015456968 0
1.61187983679419 0.6213561426412157 0
1.402138281618337 0.5022006787267033 0
55.15682498668859 88.49303510169219 0
40.00000000023785 100.0 0
0.1603208473209865 0.08970752846180491 0
0.18534016113698282 0.09305475508584582 0
0.1757633426693097 0.06946049941933308 0
-0.0710207305375991 0.4412162757177862 0
-0.16590189656109622 0.5006023391917187 0
1.0813145492893335 -0.0636436804537725 0
1.0874545729485736 -0.05744838881595925 0
1.0810499507054536 -0.05475032014550132 0
1.087491626565474 -0.053389571263247226 0
-44.101110330224444 68.77876147607736 0
-57.920879330587724 82.05107610133346 0
1.171554073650218 -0.163134016158164 0
0.0974774159628996 -0.11563551363646617 0
0.083341475764204 -0.09520596556625577 0
0.5033417732687981 -0.07189274092860908 0
0.46821925146333965 -0.07367131045054487 0
0.48421510600491746 -0.034233482782584035 0
1.0513491490822873 -0.011764948988541482 0
1.0530339707648726 -0.011499126923358775 0
1.052443341735156 -0.013595660386072517 0
1.0495579763303238 -0.012262725780414954 0
1.0490979328436651 -0.014266933741009957 0
1.0479034239045073 -0.012680102777079951 0
1.0501435563850519 -0.010133952742867361 0
1.0489214388377783 -0.008684608526966878 0
1.0507126115897418 -0.008186831735093407 0
1.1476763174441569 -0.09825765302441868 0
1.147847214660909 -0.08624200790603331 0
-0.027534319878214475 -0.08655535688479243 0
-0.02963195254972449 -0.09596999984149515 0
-0.027950701271715662 -0.07986228815388915 0
-0.027089359390235417 -0.073229544518542 0
-0.02188018582080927 -0.08269455809225687 0
-0.017283846363259962 -0.07794642123637359 0
-0.016867464969758775 -0.08463948996727687 0
3.923258276984617 13.09715749311762 0
2.8326147635290475 10.428358893948186 0
1.8855342487335598 13.865546388838336 0
33.50335982137833 11.989706345869253 0
41.141328017947515 7.3409897861595 0
34.47456490563881 2.5665729581954237 0
1.073327906239319 0.5155742945388089 0
-31.471865803704482 -24.799100497776358 0
-25.700703108436578 -35.118788019869896 0
1.0535273481100376 -0.05126856460574685 0
1.0555310270475462 -0.053186839173275186 0
1.050720583579932 -0.05160063317006153 0
1.0485957979059388 -0.05459005401433178 0
1.04698949268578 -0.052123533059888566 0
1.0519210428898784 -0.04880204365130364 0
1.0504897054431392 -0.047105514731322864 0
1.06786967502399 0.046316060219973226 0
1.0593711161488542 0.05335876402273358 0
1.0486046821665869 0.058991520811376014 0
1.0696264690141604 0.05602313922717246 0
1.0750268808855945 0.07344302318742318 0
0.8315578546400569 -0.2996069840046006 0
0.8228008235106515 -0.36557350176839865 0
-68.06564535370407 -19.190310199240876 0
-64.82675251343358 -7.129364531378679 0
2.8066948183756146 -4.1367898611822 0
34.77951432526405 21.583153306786684 0
0.7190959288322941 -0.04623228565822838 0
0.698764318519042 -0.02141767642693077 0
68.55699800802904 64.38033327130427 0
87.5817290834834 68.18320645140494 0
1.0568129347776982 -0.09664867089388099 0
1.0665058664723568 -0.08640951834367071 0
-0.161925570258784 -0.10175884326031684 0
0.03689048656633524 0.1395698463539238 0
0.033870663587526426 0.17154285792584184 0
4.532074889235549 25.35655373298718 0
5.829239488052324 19.839959632667885 0
0.25964480420406455 -0.09991437245191195 0
0.2429971226713671 -0.06463998736968209 0
0.34471593433035286 0.19844994750420175 0
0.37068508143712275 0.17266452775102897 0
0.3229021025017976 0.16359965769654938 0
-0.06055247880462508 0.011131278855799483 0
-0.05717383497553942 0.01191691829379605 0
-0.05818537011280567 0.008753779643002169 0
-0.06407081664399111 0.010546629009997276 0
-0.06492727127888687 0.007117718585751387 0
-0.06743369996703746 0.009696031801423755 0
-0.06306303664675086 0.013725918156457347 0
-0.0655541178161145 0.016563825569125782 0
-0.06203577997674847 0.01714847541492799 0
1.0478610632626038 -0.04119015120652679 0
1.0454574913047145 -0.0425639970358289 0
1.049830529591996 -0.039719514046803656 0
1.0498290492810043 -0.04225868328633293 0
1.049862357739059 -0.04440311884654173 0
1.2492721232369381 6.125699013101922 0
2.3339689398677774 5.1618395585070616 0
-17.43825881321954 24.52460971336769 0
1.239563497230257 -0.08120970511171767 0
1.2535379306746566 -0.07606463084240553 0
-11.945330111269381 63.62969269552739 0
1.0746552846476487 -0.059487821264051076 0
1.077977038303938 -0.057159869181244265 0
1.0776801006012962 -0.06116334152889322 0
0.21521787425723216 -0.06476239097120887 0
0.20213814909131894 -0.09077310289708415 0
1.2959531561468194 -0.21103149926260478 0
1.3506369887363505 -0.23173996105606087 0
-0.28446369104533176 0.31042787375767 0
-0.25512839821742245 0.19267610581183853 0
-0.34718473080124823 0.2586268512125286 0
0.5829004300974229 -1.5728942633707304 0
0.5785049469582817 -1.8467411203068829 0
0.4175964125754946 -1.7459188712387994 0
0.9008853371600836 -0.388946211002118 0
-0.07392797026890356 0.05092907730606265 0
-0.08333091467330944 0.04613679678840769 0
-0.07144437321851553 0.05840414508178039 0
-0.07909456640535228 0.065819964484762 0
-0.0692497670908591 0.06859657437569684 0
-0.06408317095441037 0.05370568719699749 0
-0.05746142393401846 0.05611371167002882 0
1.1815313188844245 -0.11117064373963789 0
1.181235076677566 -0.09987138910336837 0
1.2000209364282886 -0.06170471879482319 0
1.2124712641744075 -0.05336093812482643 0
-1.1625470745213382 7.057873512094784 0
0.14429804471730526 0.11736562823359589 0
1.1091331374034394 -0.06947214052025767 0
1.102285074394241 -0.07624702065562386 0
1.0328432373024414 -0.026147193146318366 0
1.032748768789109 -0.02844698890838842 0
1.0328845275181853 -0.02432055140215901 0
1.034273965641487 -0.02572191976955173 0
1.0354053184609464 -0.026782489282209034 0
1.172841614973977 -0.0965459398913765 0
1.1643213883009995 -0.10525461394115306 0
1.1800080938204975 -0.09071299502352409 0
-0.16250515558960735 -0.10906511877734044 0
-0.15800647605757917 -0.10707990699768069 0
0.9491549305358038 0.1352294794699368 0
-6.0937712229184235 4.504748783717389 0
0.9536100998827819 -0.14336732901451424 0
-0.13336134490705714 0.030904914032393233 0
-0.1743866798816167 0.011581237546752686 0
-33.395407555033024 61.41302882634649 0
-24.02213976951222 61.71825377798143 0
-25.057085325488185 49.67591185484011 0
15.406807396011072 -1.640349823277558 0
11.62347820727544 -2.1063461160037713 0
0.7896988524268179 -0.22153556707433497 0
0.8261602805939904 -0.18941433130423466 0
0.8231295370418497 -0.24764315863908531 0
0.755396024097861 -0.19227430570026655 0
-0.097342629056016 -0.1535663454203448 0
-0.0014799263577433346 0.04769049154221563 0
-0.004115779643747184 0.041776253131166716 0
0.0011375513537976016 0.05256238356189129 0
0.004360349672039423 0.05711103008430224 0
0.00415274559087765 0.04700552564512159 0
0.009542732709760061 0.04673292256559653 0
0.006925254998219125 0.04186103054592087 0
-0.1341569699139176 0.0025530599971650154 0
-0.12985576117629213 -0.00946564680231925 0
-0.14051165016971795 -0.008208274912871204 0
0.7904852486359809 0.06873246839044077 0
0.8163110663370462 0.09771815753683752 0
0.7988823687343183 0.2947228202110485 0
1.0534134777349147 -0.05993957493735515 0
1.0560497261941286 -0.06247299256857089 0
1.051128623098737 -0.057586257794859416 0
1.0546117434362685 -0.05642047126700046 0
1.0578158816837238 -0.05554015631577092 0
1.1342678500784436 -0.1381306654000019 0
1.0908887616094054 -0.13784700259853822 0
1.073447280734247 -0.14781904774275645 0
0.22860866676172797 -0.04240627233275335 0
-0.1235479454764769 -0.00622729160173527 0
-0.1168751907180579 -0.0032534626150763886 0
-0.11696127805607198 -0.010688381406845027 0
1.2200581550192304 -0.19692064294693812 0
1.1991867052229503 -0.20533947777163344 0
1.1396804097376552 -0.08297903590730697 0
1.1467440962477833 -0.07752335490369586 0
1.330985547257612 0.24634476696661015 0
1.3729223153998609 0.3469467303482708 0
1.4503091814519968 0.3076267564405615 0
-3.4505229679901355 -44.823230814268825 0
1.3279850277146066 0.020594222556998595 0
-0.4740504808819287 0.8652767950618583 0
-0.21245310974390114 0.8160810864256536 0
-0.059858886735721824 0.09950670544825277 0
-0.07716614033369801 0.10291284586802568 0
-0.07387245253944091 0.11022660014877697 0
-0.07002626740383738 0.08410267247308997 0
-0.06510135716379888 -0.022908055621524072 0
-0.06398931353680988 -0.026312630723766578 0
-0.06600414730882986 -0.019909798802737928 0
-0.06670295810233318 -0.016628036106467625 0
-0.0627691253152341 -0.0205654300228382 0
-0.06116574275779093 -0.01820049511150986 0
-0.060262952612759935 -0.021198751930296002 0
0.11962329315464774 0.2479337896175421 0
0.08929714319277193 0.3033013664379025 0
-0.05214395354388952 -0.03772701061123011 0
-0.053309244681338464 -0.03282285614844094 0
-0.051386789000357466 -0.042111146856269675 0
-0.04979240975671292 -0.04780767833381114 0
-0.05516990222651815 -0.04108541893870536 0
-0.057523519240344274 -0.04378755584092244 0
-0.058280683783876325 -0.03940341959588288 0
0.9596538050059066 -0.05544316417640263 0
0.9523527097092785 -0.06302445136655084 0
0.9510990920580105 -0.05590795007828103 0
0.9659269338190322 -0.049434599121808635 0
0.9651944153009139 -0.0423123686653364 0
0.9671805514703004 -0.05655110041007844 0
0.9687816637108876 -0.06378071799910723 0
1.2448368173817128 -0.1227892388009712 0
1.2381323332551204 -0.12005585529153906 0
1.2426568302175696 -0.11587970673446474 0
0.1981154424396525 0.12705849796823135 0
-0.006083199574098296 0.03229305694719106 0
-0.0061151999470199295 0.03736875245333856 0
-0.00357743371156164 0.029636552318825504 0
-0.0002731091459324958 0.02981298464670678 0
-0.0013869701302853584 0.026130904695742675 0
-0.0071970605584511585 0.02861097699622696 0
-0.007519431215063535 0.02515592812772286 0
1.247747301916264 -0.10104731895888966 0
1.2534760068268764 -0.10587326774988012 0
1.2463807383413066 -0.1079201172712363 0
0.7560597396459716 0.07389222659250408 0
0.7688225149944987 0.041622411982769836 0
1.2468575522914724 0.21235203858619678 0
-0.1706362763855565 -0.10410756290523974 0
1.6349529764886686 -0.9119421888237189 0
2.0960265105532923 -0.7429394432126737 0
1.9792916512250796 -0.9941301228387247 0
-0.06392495390718829 -0.014593909738211864 0
-0.06695962151279249 -0.01364982204070364 0
-0.061453493453022486 -0.01255835106262112 0
-0.061389128610002675 -0.00960142535195355 0
-0.058661038671448375 -0.010544108647865452 0
-0.061200455006099296 -0.015531614528461316 0
-0.058694282303625125 -0.016164936435919118 0
0.06491819711313203 0.06185596718576472 0
0.05667780200203278 0.06676268701307557 0
0.06440859155028479 0.0708730032613509 0
-0.09687077012597348 -0.06079063425720087 0
-0.09739966715407083 -0.05265896031113401 0
-0.0919181576181668 -0.0583559972425565 0
1.214291825157058 -0.11211337519197914 0
1.2129675850837796 -0.10385322016734341 0
17.51311038241419 37.71513583544236 0
7.704288736629857 37.5841971798031 0
1.0389328177795565 -0.02116522705492662 0
1.039675802278559 -0.020863648386693967 0
1.0388403093282643 -0.022167788337578855 0
1.0394710680829107 -0.022690591156248274 0
1.0382762073266596 -0.02156407335334612 0
-4.082016578703377 0.7552932427959926 0
-0.1869929436347331 -0.18309585872165735 0
0.7427433259667693 -0.6901459852439567 0
87.5817290834834 88.18320645151313 0
67.58172908356471 88.18320645151313 0
80.00000000008131 100.0 0
1.1938650343667154 0.2262385399894289 0
-0.06106681295062592 -0.03272664599074131 0
-0.06472514243913477 -0.03247237148366859 0
-0.062453962414907825 -0.029315849112981525 0
-0.057361349848224594 -0.03313570315686002 0
-0.054743527759512856 -0.029257276611635158 0
-0.05963252987245153 -0.03629222552754709 0
-0.061986146886277654 -0.038994362429764166 0
0.3669553456408349 -0.5546793882135043 0
0.38282958113776405 -0.4538943628416431 0
1.1166124724788413 -0.07250981542976442 0
1.1153836339970675 -0.06480883418455463 0
0.018308300338440355 0.1216151864818051 0
-0.008891150660372674 0.0076386585205221276 0
-0.008879940971375294 0.004773488235499668 0
-0.009111783705915557 0.010051168712134802 0
-0.009155929571012973 0.012582187194054274 0
-0.0070577579998529465 0.00884261125462228 0
-0.005653075638648191 0.01027716384766695 0
-0.005432442593105307 0.007864653656054276 0
-0.01894595513800701 -0.0263094205594426 0
-0.022802388707588148 -0.02742847104162357 0
-0.01518959641740189 -0.025767827712385602 0
-0.010747630347376831 -0.02512537811063443 0
-0.016459856683167667 -0.029266278734617214 0
-0.014257144300904637 -0.0316554398229442 0
-0.018013503021509756 -0.032197032670001194 0
0.6475048357631683 0.29417291970948206 0
0.21606238386439708 -0.3477745653985872 0
0.23764520714629986 0.29668915199086915 0
0.013113174060995101 0.029135529501205418 0
0.008158027917745645 0.029621573793356427 0
0.004267383955064378 0.02992282245051066 0
0.011572559618034425 0.033052263585246364 0
0.009466327795943252 0.037563367671896594 0
0.15785312442641541 -0.3540361556553916 0
0.4003914275926981 0.10828084134185319 0
0.4342950203835573 0.10681418605013762 0
0.4151958218140166 0.07737902848583156 0
0.00041447897440946335 0.008438018223655402 0
0.0020607906205360716 0.011289038304101613 0
0.00277764117629431 0.00945596101269075 0
-0.000553328154077992 0.005989887447911411 0
0.0003440326586883202 0.0033129400546272336 0
-0.0012113302761436737 0.0027415579551768416 0
-0.0014548534237998922 0.007931246686097675 0
-0.0032252103920939502 0.0073911610797263135 0
-0.0022574032636064945 0.009839291855470304 0
-0.04347034368480732 0.0006936083223041583 0
-0.04584862163285138 -0.0009530628451448779 0
-0.045661160749402505 0.0015106508082407336 0
-0.04119642020946877 0.0024846740995110783 0
-0.04089573789205084 0.00479114781384944 0
-0.03880943120965018 0.004118690363337499 0
-0.04138613400582636 2.4214376308420238e-05 0
-0.039147772635240205 -0.0006209974580715881 0
-0.04142169611057875 -0.0024120632352785084 0
-0.05345873642910798 -0.006787311375635237 0
-0.056091657148268595 -0.00865910795893801 0
-0.055963251009996426 -0.005716019809247349 0
-0.050895710902716745 -0.004814983960529128 0
-0.0506851712829923 -0.0019897029393057195 0
-0.048250683118664664 -0.0029603369670973623 0
-0.0510272059791827 -0.007753727059909578 0
-0.04855925090676221 -0.00889009550556116 0
-0.051122276433153445 -0.01086242292066727 0
-0.23519254815504959 -0.3389993218009181 0
0.9138361731402578 0.1263884432035722 0
0.7847214326250699 -0.047887947596400415 0
0.7502959236350606 -0.050226340190073604 0
0.7688017547356942 -0.016738271991009374 0
1.117159071023904 -0.08242063233191556 0
-5.759732460494526 -4.20623478352585 0
-4.5603193934298325 -3.305523143181092 0
-4.696604350122584 -5.095096203615064 0
0.4583125452539225 -1.2132743628488118 0
-0.07608280547896484 0.02551354741291374 0
-0.08294998699154921 0.03028578830018373 0
-0.0720287127524131 0.022942352806579476 0
-0.06847299643124845 0.01938475591466277 0
-0.07647322444293651 0.021354323608063375 0
-0.07550008622914986 0.017538899367746913 0
-0.07955417895570159 0.020110093974081176 0
0.27665918450652127 0.44700106603585277 0
1.012867101889995 -0.07559969035019261 0
1.0077651681515687 -0.07531393164675115 0
1.0020605285767408 -0.07424513969260241 0
1.010840361203389 -0.07012222645792679 0
1.008661958436583 -0.06496101832102875 0
0.2727289367854209 0.1008616374735668 0
0.3029266952094888 0.10191007871900641 0
0.28657348302657937 0.07836012079622723 0
0.1980407309481324 -0.14790972870557084 0
1.878883393177889 -1.389502308405317 0
1.7380046649958425 -1.7782888119520401 0
-0.07472143677606505 0.8682815738291716 0
-0.05709204148214571 -0.02631849225555258 0
-0.06033098404830105 -0.026566905230839294 0
-0.05862739260404777 -0.02331527386633763 0
0.4539640377106388 0.3556635371240301 0
0.40322296201300334 0.28854359215617154 0
35.539918218427076 -6.601232370175935 0
-0.040988752145726566 -0.12946025251818197 0
1.0119271401149255 -0.3867671931513864 0
1.1336205689636556 0.014267332016770263 0
1.1509132299603548 0.039022688059733156 0
1.229495190831254 -0.805348575659191 0
-32.21011067180437 40.039367106760004 0
1.2702943178644155 -0.10865595706824971 0
1.275192265664563 -0.101641317752131 0
0.11687069099164785 -0.20842744891731144 0
0.9031911367952831 -0.27800611067991543 0
0.8680192828072294 -0.2674857482345003 0
-13.067003897112869 -32.261306632331284 0
-18.56156428582387 -32.12686054810423 0
-18.25623858546069 -26.382504918899613 0
3.590306398574967 4.548293470338725 0
4.5375020215203445 3.7186897368127636 0
-0.15626524362511252 -0.09033716318101187 0
-0.15464054927585555 -0.09557411934698104 0
0.15510507807991486 0.22858338488309177 0
0.5385660805095664 -0.059447974284856854 0
0.5551953740575001 -0.030359380953285494 0
1.2033029991471436 -0.1596103423019494 0
1.1941732543909076 -0.1522998629467232 0
-37.06013908628921 22.893572665057604 0
1.2672882021472 -0.112413724005359 0
15.14641222441403 25.768145939759293 0
21.170407285357875 29.191532483774196 0
-26.839909213741084 9.779658983405888 0
1.1087515355834183 -0.013222921370026968 0
1.1162116728823712 -0.004501930551342938 0
1.0543995258781718 -0.006463116623561795 0
1.0552335355834652 -0.003685433842639395 0
1.0539271394699905 -0.0089934491172785 0
1.0524071155451964 -0.007105843457277184 0
1.0511849979979229 -0.0056564992413767005 0
1.042716045385925 -0.09539028365344893 0
1.0520525193585386 -0.09922446540484503 0
1.0472499037484133 -0.1031327221306547 0
1.05227907641521 -0.08890623241667521 0
47.85650429182121 14.525598673962755 0
0.9701176542487823 -0.07895285404137989 0
0.9702554468404389 -0.07081193976109308 0
0.9706595925994573 -0.08610625597843649 0
0.9702191167604208 -0.09558154970533589 0
0.9643969272669524 -0.08377551092570075 0
0.958640506597215 -0.08987887528151164 0
0.9580985682465399 -0.08272547334445504 0
1.2578722216104041 -0.08681371379451959 0
1.2618383668463296 -0.09300372450177868 0
1.2509036155818865 -0.09277818306272693 0
-1.00679061141268 -1.4133350440508572 0
0.001456348413584288 -0.6599265086245076 0
-0.12311303634439474 -0.7387991058518212 0
0.9333927191860573 -0.324125348877358 0
-90.57915607664728 -28.147216756250035 0
-90.57915607664728 -48.14721675633228 0
-100.0 -39.99999999970139 0
-0.028368906507089713 0.015633983696700885 0
-0.027669178249198012 0.014500725071229681 0
-0.030152879480663794 0.015700999729507635 0
-0.03066563272602707 0.014053107001728904 0
-0.03165019115097867 0.015471146697412237 0
-0.029353928114690977 0.017055035040729773 0
-0.030255006566068842 0.01826837741887934 0
1.13153090399193 -0.021640582135895498 0
1.1388391846332995 -0.025045084462969415 0
1.1310965497970438 -0.03111288371264076 0
1.06920749674827 -0.010799078894158248 0
1.071694633085833 -0.01100778697806003 0
1.0700292361213934 -0.013280011082121401 0
1.0665494289192057 -0.010550038753973652 0
1.0650463343930703 -0.01298019916349391 0
1.0640548794066598 -0.010464138307793639 0
1.0682172024603886 -0.008249599780993424 0
1.0673153686233214 -0.005456598414832453 0
1.0699734364523859 -0.005705638555017049 0
66.10965304908142 9.539185106431749 0
0.7350168524673547 -0.07740030029462838 0
1.1807952219317661 0.3326176399079056 0
-0.03701659154096815 0.003375391521111845 0
-0.03496990294429639 0.0027467505881204396 0
-0.03306736609926812 0.0021006883525822996 0
-0.03706552193381605 0.0011866392205239352 0
-0.037101084038568446 -0.0012496383910629932 0
-0.01353254357931531 -0.007794086194352665 0
-0.010663734099006473 -0.006751869317126687 0
-0.01585504095746966 -0.008170794166076648 0
-0.015204063308010923 -0.0058660929844234575 0
-0.014213042390205679 -0.00460307848469582 0
0.02337711219106281 -3.2280643893090817 0
-0.5530267919174845 -2.864744693588559 0
2.228442851344613 -0.4893236625091575 0
1.349575038000053 -0.14832978078000086 0
1.309189655332401 -0.1547683873373964 0
0.22803728884880836 -0.11563608231364846 0
0.2005683901255691 -0.1192639980100255 0
1.264358686182921 -0.21692753444280183 0
-0.06459356237340134 -0.06662389726742801 0
-0.0672026894321523 -0.062342432151792276 0
-0.0626088351227325 -0.07154260383072453 0
-0.06021805861161757 -0.07709254338337398 0
-0.06747128032771713 -0.07172876373212848 0
-0.07097470076014131 -0.07647008608063602 0
-0.07295942801081015 -0.0715513795173395 0
100.0 79.99999999989181 0
-0.06633284105529356 -0.04974396095535877 0
-0.0636227095585925 -0.0535357291653869 0
-0.06765950278261973 -0.05408303892472445 0
-0.06895095920753046 -0.04642639745334038 0
-0.0733753880584961 -0.04625142497783427 0
-0.07195671298670576 -0.04238655171647834 0
-0.06491416598350323 -0.04587908769400284 0
-0.06408329246672129 -0.042333540345042206 0
-0.061465174314484394 -0.0456511038470606 0
1.0440063841601093 -0.11380285226923262 0
1.0346699101874957 -0.10996867051783651 0
50.60126654026857 23.3288840827016 0
60.204742524725596 31.93964930689048 0
65.14636163441241 20.897839398281057 0
-0.08878942923370865 -0.05220238917084767 0
-0.0882605322056113 -0.06033406311691452 0
-0.08292903576973384 -0.05657468917045932 0
-0.08605776415419197 -0.06272829724216815 0
-0.02123477852642404 0.007540004856549036 0
-0.02193266000203836 0.005722540425499937 0
-0.023311435949112166 0.007296068470944713 0
0.3189709628256166 0.13127944230515295 0
-0.14701634291082766 -0.08904056543305829 0
-0.15243790849418826 -0.08707919571914796 0
0.14614047497146904 -0.10772102715202805 0
0.9079545736791579 0.04949838858173679 0
0.8904131807766017 0.03130690119389726 0
0.9193391966142872 0.026016087682969417 0
0.8967802794556974 0.02035183819379327 0
0.7433506673236742 0.1148566617038182 0
-0.4522523648969343 -4.474620945495612 0
0.38333831928007767 -5.454630408455118 0
-0.10331379586622584 -0.09391542863704277 0
-0.1148411036828514 -0.09292579367536279 0
1.0276067762144399 -0.1119864294507957 0
1.231118199578974 -0.12743054512872548 0
-0.12741680498201444 0.012217124529673565 0
-0.11596529098172817 0.039311606675453734 0
0.7225349645447543 -0.8123432384840293 0
56.132093911152914 64.69016192148332 0
-0.0976967039351478 0.028634937779351943 0
-0.10364124386019052 0.04732272728207161 0
1.1615656752723371 -0.03752228403711443 0
1.1691758908296526 -0.0419788657829788 0
1.1609709556445829 -0.04702978869155755 0
1.2372975927846661 -0.08965178610766869 0
1.2437811566803385 -0.09485730825163058 0
1.2341733825243928 -0.09788093777861784 0
-0.025831447119123736 -0.0482974222345813 0
-0.028929445559238355 -0.04531039080738193 0
-0.023414987840543196 -0.051336546625538895 0
-0.01987839782493947 -0.05549784331333034 0
-0.027081603021045335 -0.05231981705734651 0
-0.027433623225652903 -0.05505836500714839 0
-0.029850082504233443 -0.05201924061619079 0
1.0012681699910961 -0.009902880295608152 0
1.001487153063453 -0.004481674899674811 0
1.00595877942865 -0.006596606920193345 0
-0.1243481393184534 -0.09435389349671691 0
-90.80052909794128 90.00000000004067 0
-100.0 80.00000000008131 0
-0.011720279324371311 -0.09711802275835207 0
-0.002924724657915647 -0.10012732864994237 0
-0.019288286545166768 -0.09641593330485784 0
-0.013895797206512631 -0.09008971627665438 0
-0.009299457748963322 -0.08534157942077111 0
-0.0460641252594617 -0.0066171008061400825 0
-0.046062118966978184 -0.0037741255228509844 0
-0.04366206377364842 -0.004609826684187598 0
1.2460744665443055 -0.1274522083865614 0
1.146342213320533 -0.0034749573490035213 0
1.1319426119669433 -0.010171500833451055 0
1.1389582628233597 0.0018125795288486827 0
-0.12866660364623675 -0.0751544369482873 0
-0.13498321221570891 -0.07263334733398534 0
1.1924627204418599 -0.056588079362054525 0
1.1914154424762473 -0.06627586929524139 0
-0.01725952920145308 0.0003051036750982461 0
-0.015089933904353 0.0006197955092012414 0
-0.012298873367831736 0.0009583647351726791 0
-0.015844585044323026 -0.0015148377717473667 0
-0.014609754298888866 -0.0024584589471682693 0
0.003603583252014881 -0.08225805726776159 0
0.005148616056042487 -0.07238618434882704 0
0.0012596538619192056 -0.08972180235225016 0
-0.003983860595621501 -0.08332806064566003 0
-0.006955528358867647 -0.07787783433628252 0
-43.73221386359174 -58.467460605587554 0
-0.05632707922274126 -0.014765752731591985 0
-0.05615961302875371 -0.01161105516394313 0
-0.05375769769956147 -0.012880752042664543 0
-20.28365234081422 75.36680966703378 0
-70.8005290978331 90.00000000004067 0
-79.99999999989181 100.0 0
0.2577249696739556 0.13260721277859455 0
1.0444482492146254 0.9465282771157962 0
0.8323162623261844 1.1263080898281983 0
-0.04764934886680512 0.013378666658314137 0
-0.04455498650719604 0.013983772192386322 0
-0.045544155347034376 0.01145790459957663 0
-0.0507263969297023 0.012872975430164411 0
-0.05172229300445608 0.010194734296763208 0
-0.05380991494186723 0.012214814578617261 0
-0.049739810677143274 0.0154120518000517 0
-0.051706855699068806 0.017127011897420406 0
-0.048629807636171626 0.01763270312557013 0
-0.2557041076077819 0.3803097706283942 0
0.19132062470623507 0.2019744853708218 0
0.22328165305567965 0.18670590677792231 0
0.1944182349558009 0.15573835748315928 0
-6.84819368647581 -37.70904298477082 0
-0.13957438840761835 -0.07660610523878422 0
-0.14002402525192634 -0.07144718163681256 0
0.3170515237592765 0.6858697385004282 0
6.284639171559701 4.050037330769358 0
7.280204024374325 6.225638698923676 0
1.0356431626413007 -0.042773600451671306 0
1.033202401601215 -0.0421829566321176 0
1.0351362244465283 -0.04015739153210311 0
1.0381512471030288 -0.043368498105757526 0
1.0403161925722155 -0.04107335448862928 0
1.0408904541886301 -0.043693817242729985 0
1.0362174242577153 -0.045394063205772016 0
1.0367283378168461 -0.04773330196002075 0
1.0342202533551181 -0.04713840430593453 0
0.5156667631436352 0.29198513161191836 0
0.5118126978490571 0.35197262600357254 0
0.5991515087823169 -0.3709108218922617 0
0.5260569587527051 -0.36940801517248106 0
-2.38876460041864 -1.607590900456669 0
-2.857966409629843 -1.012162025959413 0
1.229923619668962 -0.08427331886391853 0
1.2206859974386477 -0.08733106571237226 0
0.390186931822463 -0.13987414477858023 0
0.5225740581239582 -0.09896126456886067 0
1.0338924358058095 -0.03522915066538746 0
1.0343477193338768 -0.03782987470824481 0
1.0333296778411252 -0.03298824727756914 0
1.0330696607422083 -0.030478305615684664 0
1.0354372172966264 -0.033852098316121904 0
1.0367124956637759 -0.032258895255017545 0
1.0372752536284606 -0.034499798642835866 0
-0.03329702491888157 0.0173724030490122 0
-0.034186306222607085 0.01922617970888519 0
-0.03565300980755076 0.021834632623346013 0
-0.03202718239199057 0.018975827733409514 0
-0.031144287869794358 0.020122154078752327 0
1.117464101891545 -0.2867163033745679 0
-0.15683053562883387 -0.0860633338400667 0
-0.07426559295251525 -0.05082965984855257 0
-0.07727134673169056 -0.04678981411169053 0
-0.07180068146496199 -0.05435915876100619 0
-0.06909054996826093 -0.058150926971034335 0
-0.07569664013815647 -0.05489754789486245 0
-0.07697899818445886 -0.058697985051514516 0
-0.07944390967201212 -0.05516848613906089 0
-0.09320275712173132 -0.09555929771432717 0
-0.0784068015611678 -0.09202606203444011 0
-21.688003901693428 -15.429392671427511 0
-0.2579175744036589 0.01082711584732615 0
1.0801064553364985 -0.0119976621978667 0
1.0829241479339573 -0.01248451176317042 0
1.081008211770457 -0.014710470932959296 0
1.0772637647178935 -0.011766309162119522 0
1.0753539573496758 -0.013852498128823054 0
1.0744279300082613 -0.01139893506953089 0
1.0791845547529146 -0.00951228913986692 0
1.078138081665982 -0.007292452186186699 0
1.0809807722845872 -0.007523805221933878 0
-0.07445791067535153 0.007879740610778098 0
-0.0709454066648554 0.008843538651798169 0
-0.07180352106547871 0.00530519075386815 0
-0.0779705921002688 0.007057926058309812 0
-0.07880807399250944 0.0033045134239712004 0
-0.08146213460403878 0.006020730500556679 0
-0.07711746930667003 0.01061446745893568 0
-0.07960559573675112 0.013043661320116053 0
-0.07609291431183385 0.01386547587258434 0
0.4685678582820082 0.10210446333709408 0
0.5036903800874666 0.09966862441470825 0
0.48422598579685205 0.07344470647098592 0
6.66687870921513 29.774207358227358 0
1.280100064112251 0.8068414240919606 0
-58.240849715037996 -55.15145194939089 0
-64.61502897081749 -46.31144225938326 0
0.07580285293420673 -0.3385317175449246 0
0.11514344828935245 -0.3756190927900868 0
0.06134688234606778 -0.3969623258257428 0
1.1479778984078788 -0.01696306377519682 0
1.154993549264295 -0.004978983412897081 0
1.1970593237160685 -0.01844711812892313 0
1.1974365610478284 0.008700438859411925 0
-0.10103121241083665 0.3166162111829122 0
-0.05202342737716792 0.35234191064205433 0
0.4000129424982381 -0.32920447037373585 0
0.3650922865696873 -0.40027513457709174 0
-10.079560506939064 -2.401147373916469 0
1.0989146079550025 -0.01528559252457188 0
1.1056012967165454 -0.017378767594227306 0
1.102988748593421 -0.020114565968241127 0
1.1047144454280997 -0.008275743371287362 0
0.38418626916609633 0.13788688270965344 0
0.26550114463525587 1.0349430864955949 0
0.20721939719594115 0.7797691726686748 0
0.13682949183920085 0.9765386449189651 0
0.6480924914161017 0.08595023476317962 0
0.670995605526643 0.1222138918777341 0
0.9301376209905199 0.1297496496221752 0
3.7535439042312406 8.040169390569003 0
5.00988136293843 7.426623302400667 0
3.8930864753895653 5.806822694742198 0
1.61022764252189 -6.658887838757108 0
2.9619694507096552 -8.085010964179554 0
1.046579975999579 -0.011104364330589218 0
1.045315346568415 -0.009259537050377287 0
1.0434571240480772 -0.0076768310742090316 0
1.0470877542019243 -0.0087869022545289 0
1.0476568094066143 -0.006839781246754947 0
0.17214159119064298 -0.12304674928900655 0
0.1839684961797936 0.25955093417785474 0
-0.06701901705230792 -0.08683828255287876 0
-0.07250716473540095 -0.08666089833808978 0
0.524679369280911 0.13927691992209007 0
-6.946561139085036 10.841492710829945 0
-3.6954344835631847 -0.04296627596045441 0
-4.094435540662595 -0.8305241615573415 0
1.0390134328404197 -0.0387716959120533 0
1.0367884803739624 -0.03842051852779852 0
1.0382249277277682 -0.036444179088195014 0
-0.6387922184373265 8.34759858113422 0
0.3855500858755121 7.120754312332745 0
1.1677344097007365 -0.0019310392248413268 0
1.183060015524041 0.01914060109754947 0
0.7737663886822376 0.40147333285059633 0
-40.38005095741992 33.87849780760474 0
-0.170140546559174 -0.1084117453318991 0
-0.21104947676955116 -0.09563590958482732 0
1.200229051990153 -0.030752477013437717 0
1.1852806834986085 -0.024676560347493458 0
-0.08592549941208813 -0.13954033194870347 0
1.3978283766069404 -0.5968406424398871 0
1.2906782751900119 -0.14470895307091644 0
1.0360841157424674 -0.030449408811614696 0
1.0345535673788424 -0.029579878221007334 0
1.0357632237893681 -0.02841809210431845 0
0.6420109213696947 -0.42227016597216316 0
1.258320813546244 -0.10447920629796792 0
-0.1530423842135829 0.21440090168485892 0
-0.1297907958483865 0.24673431431218806 0
0.6120426703455599 0.0900220707248035 0
0.6271207093031232 0.060284858985676204 0
1.0224444382364695 -0.05433539958669299 0
1.0214557462751497 -0.05109813762451604 0
1.025123928234311 -0.05161915572079368 0
1.02364037433333 -0.05823664722248785 0
1.0278762310194 -0.05804488467262832 0
1.019972192374169 -0.0577156291262102 0
1.0151808728427558 -0.05694997518899376 0
-0.048336787047451486 0.025959160800632285 0
-0.05250424137549356 0.0279000188400359 0
-0.045096989250226066 0.024369437487341508 0
-0.041853816661311355 0.022044143739786182 0
-0.04855787520046269 0.02283834993945361 0
-0.047957465030667216 0.020298144924550836 0
-0.05119726282789264 0.02188786823784161 0
0.043756022561960026 -0.45773460428130774 0
1.1693700947880825 -0.015419145651034624 0
-0.08809932558940614 0.030015591837555384 0
-0.10042337271094379 0.022004471230937506 0
-0.09301634816425546 0.019112826626143893 0
-0.10261372650999712 0.01773217256794045 0
0.4392401758375556 -0.43690949659943334 0
-0.011409635223069209 -0.001876467730631029 0
-0.011012923314386022 -0.00402108726815858 0
-0.013278277838539762 -0.0033447654751719226 0
-0.13836190328475934 -0.08224261340928925 0
0.5971730648695879 0.13293865292147386 0
5.67271725898329 2.5754504610082596 0
-0.25924666921629597 -1.5441107195209125 0
3.598686976197493 -5.331699397732091 0
0.14361281579403234 -0.1363667578475734 0
0.9335368899704217 0.04294521782304307 0
0.9401649410681752 0.05324763630400649 0
0.9257641975764311 0.03528233655708316 0
0.920764610636522 0.04474239602221122 0
0.9157272660731484 0.0571612698476967 0
0.09456697488724863 -0.1344798915336403 0
1.4376430937967934 -0.935499333497659 0
7.384078815103746 12.143291860546347 0
6.436998300308258 15.580479355436495 0
0.07060781804844658 -0.100166712651358 0
1.1192209676100662 0.007570788532322728 0
0.2616561093501366 0.164927428169991 0
-0.003948665232896551 0.003394987068854909 0
-0.006155897433907908 0.003868479645182871 0
-0.004629892753298705 0.005956608486681645 0
1.1607036986630703 -0.13835657857424477 0
-0.16364777502395617 0.31435902522770415 0
0.6627871338440613 -1.3671972230185434 0
1.0564170702217541 0.0023504989108320083 0
1.0586245841492343 0.0002944661590422847 0
1.0553800552860728 -0.0007393239699285889 0
1.0538173126206134 0.00501103291902403 0
1.0498946018381483 0.0030529932442076146 0
1.050539373100169 0.00674731738137051 0
1.057061841483775 0.006044823047994904 0
1.0585785492562452 0.009712490839923784 0
1.061178306857386 0.007051956831731763 0
1.1506237034379685 -0.1463793895582931 0
1.1381127352210751 -0.1514912917581137 0
1.09945622496415 -0.00031900773445887355 0
1.0961257656971015 -0.004344204127245439 0
1.1036817502563327 0.0002732846672124354 0
1.1108739790226672 0.007952821936578642 0
1.1036391590027894 -0.004712189548758334 0
-1.210719723234321 -2.6033484081125966 0
-1.705232344751698 -2.1647044500965036 0
-1.026049112590649 -1.8541058473731313 0
-0.07010910708040397 -0.14128361283492774 0
-0.06928066454052684 -0.038840832454461405 0
-0.0671835189600832 -0.035501654539183365 0
-0.0654351385552965 -0.03922234627670641 0
-0.08439017073429772 0.009071932232239163 0
-0.0869311638586594 0.012323678627861259 0
-0.09045941947180972 0.015568336830429212 0
-0.08317114385594898 0.01304439930208949 0
-0.0821465888611128 0.01629540771573815 0
-0.1061643742654346 0.0045180427724344305 0
-0.10647765018758168 -0.0025049615441994208 0
-0.10993602459347693 -0.0007796090212358947 0
-0.0995496023212565 0.00017094971052436622 0
-0.10335381660451237 -0.005042349914822553 0
0.3705633671432339 0.24446297956932428 0
1.163219883858166 -0.02543515278913546 0
-0.05679442738476469 0.06877964990093419 0
-0.06444462057160144 0.0761954693039158 0
-0.04788744972145384 0.06880380340044338 0
-0.04047249043074523 0.07722874455777953 0
-0.05269259624071149 0.06120490847222443 0
1.028660619711017 -0.07386788409081164 0
1.0264243346503474 -0.07907448931397289 0
1.0302029950503457 -0.06881059285761999 0
1.033148947230704 -0.07269862171372907 0
1.0361408918942194 -0.07591250810667563 0
1.06272679388728 -0.059436805499559535 0
1.0653200649521324 -0.06123875679438032 0
1.059443653873124 -0.060842474082124925 0
1.0585967819948063 -0.06454167824119963 0
1.0601797380866023 -0.0573681198269308 0
-0.055107353957931975 -0.050386912508869355 0
-0.059049009032072095 -0.05225046051500751 0
-0.05835439275712623 -0.04733310318988307 0
-0.0005946320037569113 -0.03171232323498377 0
-0.002670052362292346 -0.035505977227488085 0
-0.0024734712230747745 -0.027535440682930297 0
-0.006765783085648508 -0.026076776483872625 0
0.0016717002122742177 -0.028620281283877454 0
1.858351311903144 0.049465469427370345 0
1.7783513791914154 -0.1465634683670795 0
0.48739742636287475 -0.39971111028460565 0
0.4601624136593091 -0.3529871732227574 0
-0.03579731856895425 -0.04916468532595011 0
-0.03270761112666691 -0.047106756770558464 0
-0.032587769741913214 -0.05133862122178054 0
1.0186063615331653 -0.0500319346286435 0
1.0212858515310068 -0.047315690762744195 0
1.0156032722908455 -0.052148813789633035 0
1.0120078888562931 -0.05528440748821145 0
1.0154333775467024 -0.04836636692786119 0
1.0130414339226887 -0.04701650450767986 0
1.0160445231650086 -0.04489962534669033 0
0.009761711143966977 0.05716170826586499 0
0.015442178080023766 0.05656429519537655 0
0.012450690238475377 0.051280004594308815 0
0.08188224082615088 0.38659864227477087 0
0.14033804718685233 0.36945710952699307 0
-0.08392605451665189 -0.0713901865272352 0
-0.08236248526900121 -0.0816578655621974 0
-0.032865365662692186 1.9214320575279087e-05 0
-0.03260833698431778 -0.0023078066508569763 0
-0.03476180465876988 -0.001769022683899725 0
2.8898218668698146 9.035224689799826 0
1.7730269793209499 7.415424082141358 0
-0.5122779898953029 -1.8519790020669504 0
0.54109619429339 0.42734933733856423 0
0.6027989197263863 0.3636709318264525 0
1.179130472568692 -0.034692567485594294 0
-1.2322100240785334 -3.1753432963119312 0
-0.1279513093305804 -0.09928913749259813 0
-0.13110144086708808 -0.09152673474256842 0
0.002076920373788096 0.033428470073593494 0
-0.0004641524239360317 0.037726132947617765 0
0.004076340677060842 0.037835970751421644 0
1.164548583805702 -0.15171720493235658 0
1.18163406887532 -0.15511120517411564 0
-0.13102179971388989 -0.08218509695622706 0
-0.13483837442583055 -0.08664900719974941 0
-0.0340096233423844 -0.022745397967634813 0
-0.03133265476244822 -0.024580909834221884 0
-0.02866124444907988 -0.026774099037588574 0
-0.03461089546669244 -0.026663615707017148 0
-0.03471333959800166 -0.030250810157451027 0
-0.14414162885725273 0.15904237335902835 0
-0.18350660310517586 0.1891186000311494 0
7.140661453216 8.458985394750481 0
9.654401476539642 10.942307257069356 0
-0.013183554542840429 0.017870796530792647 0
-0.010974414757547919 0.016415112851829637 0
-0.015460295263638749 0.0193853348938931 0
-0.0180628832568017 0.020762170013143767 0
-0.013192102139264042 0.02043551112488613 0
-0.012908205297137465 0.02315371668778545 0
-0.010631464576339145 0.021639178324685003 0
-0.05618077877371264 0.014608464287080763 0
-0.05813383291698318 0.01709251754237809 0
-0.06062491408634682 0.019930424955046527 0
-0.05476991288331099 0.017390413827199303 0
-0.05365990984233934 0.01961106515271773 0
-0.07755119498528422 -0.4856209760870317 0
-0.12181966765060104 -0.43628169312374787 0
0.6767883322075011 0.36954963104447375 0
1.5543779531250062 -0.6843086538716079 0
1.1947784879138577 -0.04447110525573013 0
-0.18359377492912685 -0.44426800895447355 0
1.0086495804373175 -0.05164415110299067 0
1.0082271809892278 -0.056445312502351394 0
1.0061887993946117 -0.04850994245243098 0
1.0013388309828277 -0.04886293656715544 0
1.009969507261677 -0.04734903743829104 0
-0.02260435849573468 -0.07018643990484894 0
-0.027397150671659643 -0.06741449506203735 0
-0.017810680216777244 -0.06650192765870944 0
-0.019001900842286527 -0.06000406781335044 0
-0.013900431281904865 -0.062134605023715574 0
-0.01750288893535302 -0.07231697711521408 0
-0.012490168084302526 -0.07426190899023408 0
-0.04326405572431147 0.04100954253887978 0
-0.04885408737954175 0.03812340218807496 0
-0.048335554285313054 0.04359557230273245 0
13.01160840443445 21.35049231451912 0
10.8171050338951 27.563227902568173 0
0.20142966051997965 0.3232980515031391 0
-0.13844154443795753 -0.09158425119563061 0
0.05526892808144793 -0.239167898487741 0
-0.18474319200808792 -0.593119100564159 0
-0.2357942199518252 -0.7134215175565077 0
42.9148851821344 25.567408582572178 0
1.0516637601057608 -0.07261568148868325 0
1.0551045437966804 -0.07071217203130947 0
1.051422582844944 -0.07772288168608754 0
1.0560228625559596 -0.08079129262034224 0
1.0524392121233541 -0.08326202697145646 0
1.0480801096731551 -0.07508641583979747 0
1.0442570721547009 -0.07713135965181614 0
1.0630084867985392 -0.00791151732839099 0
1.061788539564479 -0.005128782090016035 0
1.0603534046883785 -0.0026152229428886152 0
1.0643391873972643 -0.005217824402433874 0
1.066095421389261 -0.0026738631764574978 0
-0.1328927769431314 0.12369640613693435 0
-0.21967566650439668 -0.5287819784755992 0
-0.10699448289696623 -0.5541595667709127 0
9.290060026171453 18.88609400009661 0
1.2065571281313177 -0.0382416630371598 0
0.1661544140902079 0.14232707656113086 0
-10.093544139699958 -6.533742969764647 0
0.11887757028483985 -0.1501654472699438 0
0.0958328455972301 -0.16360430309298918 0
-0.08472123327556719 -0.04998058080405269 0
-0.08123610717784546 -0.04857437777265426 0
-0.08164667772343144 -0.052774252013807255 0
0.5216143295691223 -0.2267859177511555 0
1.265230153502898 -0.1419672546717547 0
1.260011235042371 -0.15270810859367168 0
0.40600010099465156 0.1727371725173058 0
0.4378704875532595 0.2051788478646985 0
0.4513716752822331 0.170401202823323 0
-75.40929110617961 -49.692990339700486 0
-70.36405001793243 -32.9128854325637 0
-7.490742271877211 8.085205297991903 0
-4.440207485265514 -2.1081908173240884 0
-3.3770793748935723 -2.9970522374133033 0
1.0337203802096722 -0.08752320409539165 0
1.0384858052189414 -0.0923154567748303 0
1.0299945758243183 -0.08373497398365101 0
1.0353323762767292 -0.08154414305866135 0
1.0398666962795733 -0.07970073821841625 0
0.942777558326113 -0.13164762067918168 0
0.9650243503806326 -0.12227883277355601 0
0.45377412662207606 0.13324980476288675 0
1.0412685965023103 -0.046934268712652945 0
1.0434335419714973 -0.0446391250955247 0
1.0413399808779213 -0.04994020516318021 0
1.044338195648482 -0.05149626523480324 0
1.0387968930950542 -0.04899489731038549 0
-1.187152286369566 0.6272614124646498 0
-1.0768497236955032 1.1335494977607752 0
0.9648455883635889 -0.10539665549306895 0
-0.04305239868883971 0.019223912757342882 0
-0.04372474129434412 0.016558470958362177 0
-0.045990420008741685 0.01858318482718213 0
1.0292261905683397 -0.046491166007860185 0
1.0269994385603316 -0.048857773538334995 0
1.0311490400424974 -0.04422392212467646 0
1.0317864903218297 -0.047066409434869526 0
1.0322974038809605 -0.04940564818911826 0
0.9578304559407043 -0.39362198627946043 0
0.9578942855992332 -0.04094379263540142 0
0.9503709512035039 -0.04734702191619329 0
0.9498650494480987 -0.039964151663461886 0
-20.545463688795863 -21.978933181040794 0
-24.893339187069255 -19.698518325059275 0
1.1706670763474665 -0.1142898021002377 0
1.282814647423952 0.4409186892527519 0
1.086918788659172 -0.0069157453089612325 0
1.0892103335303451 -0.003699645502119212 0
1.085141026656385 -0.009779884046679687 0
1.0838050073743064 -0.0068795034378956454 0
1.082758534287374 -0.004659666484215423 0
1.1753473317315049 0.6238753438836552 0
1.210011188150242 0.48787158828633803 0
1.2682955352919771 -0.09475697009265127 0
-0.1530851018673586 -0.10421577245753236 0
-0.15366468719818194 -0.11152204797455595 0
1.1528180328500526 -5.566452754917968 0
1.2500026780936824 -0.13212338918645272 0
1.244241580277798 -0.1316339971399162 0
1.0541129340407096 0.07567746217593388 0
1.0680119047872794 0.08605464233342425 0
-0.008721650700834227 -0.029676084260798416 0
-0.006950046408219167 -0.03393170726158452 0
-0.010931893669947491 -0.03298030888834633 0
-0.007774545161022623 -0.06514097827590039 0
-0.002239905435587744 -0.06875690362194883 0
-0.007174570930960704 -0.07224839021512301 0
12.95805267136095 12.59820348124464 0
1.036578990941973 -0.006538536764722664 0
1.0392480980507555 -0.00611615740244409 0
1.0384220162166118 -0.008833966536379667 0
1.033674624390242 -0.007412833173862063 0
1.0333281359948425 -0.010258355680828755 0
1.0345007062243856 -0.0046950240399264865 0
1.0353579837641789 -0.002025052220089921 0
-0.02378864675981185 -0.059865165948324195 0
-0.02685721589947151 -0.06246153521093992 0
-0.027733712882124457 -0.05795531071091982 0
-2.2767050148930656 4.015165168674705 0
-1.1884738828125547 3.617898068685927 0
-13.176450887581085 -2.2859049887602882 0
-13.422014557559226 -6.602980834225385 0
0.485644513180684 0.16569148011027945 0
0.4251585081354474 0.2515954301455286 0
0.47053008242302896 0.2492594604515458 0
1.047678796704194 -0.08583782148242051 0
1.0432884208290665 -0.08840720004902063 0
1.0434485565372107 -0.08276299460380188 0
-0.5856326028121046 1.1703274352607647 0
-0.048504731910792305 0.08574470338803879 0
-0.057570927697742975 0.08428574799832732 0
-0.05408637874302824 0.09365190655721295 0
1.0554829547342837 0.013356853235300035 0
1.0595994201078947 0.014363987019036894 0
1.0511175519819216 0.011755629900627527 0
1.0471948411994565 0.009797590225811113 0
1.052138422833571 0.01640712607974064 0
1.0485773272731171 0.019587959623060043 0
1.052942730025479 0.02118918295773255 0
1.0588231526246528 -0.07701950979934055 0
1.0598397819030627 -0.08255865508470947 0
1.0580733325550564 -0.07293591455583714 0
1.0581716430741872 -0.06839593925217329 0
1.0618902519021596 -0.07470327702020438 0
1.064266258072433 -0.0726838809227266 0
1.0650160781420293 -0.07676747616623 0
1.143416782201328 0.8345441303444314 0
-0.09901743919283827 0.00834012509440542 0
-0.09883535808309313 0.012762149867617256 0
-0.0991384320211692 0.004394584333097033 0
-0.10258500703120842 0.006738231010779291 0
-0.10604338143710366 0.008463583533742818 0
-0.1489109948187925 -0.09484199238632579 0
-0.14407312990466487 -0.0925079506060791 0
-9.518481294005133 7.162504930581177 0
-0.20841316515200453 -0.023974018874171506 0
-2.573435211062312 -2.3568334611961346 0
0.9595653372207955 -0.1007440186504904 0
0.9532669782003831 -0.0996939810692447 0
1.106993495980956 -0.08524197348257016 0
-2.6935471192266305 -3.5541657870531376 0
0.9403306957774278 -0.1022070088453336 0
0.9552336614830443 -0.06927599344923596 0
0.962381205786726 -0.0695908872266583 0
0.9567074446125956 -0.0763072152112218 0
-0.12489209490961886 -3.9407039462979148 0
-0.06950025310125084 0.015962198656192125 0
-0.07009308118393483 0.012288775161029553 0
-0.07301195979906877 0.01510970550656654 0
75.71312903353844 18.149950330620626 0
1.0615655707531824 -0.06676542076572732 0
1.0647654234752444 -0.06497912843478133 0
1.0643402845546253 -0.06883338944575498 0
1.0445465733775887 -0.004576274860151764 0
1.0421805726549058 -0.005311030960043825 0
1.0458961987446793 -0.0021758963325154493 0
1.0449433421510606 0.0012894014802837684 0
1.047569518911323 0.0013239798937548766 0
1.0471727501378512 -0.004541696446680656 0
1.049006434773705 -0.004439402719118632 0
1.2406982264587496 -0.20279304626539868 0
-0.07934833394398205 -0.06224252761979512 0
-0.0846798303798595 -0.06600190156625033 0
-0.07721662430644197 -0.07090441690486217 0
-0.13569256341452696 -0.10252409211255287 0
-0.05201674131185901 -0.15076435587989845 0
-1.559570294065849 -3.709260295509629 0
1.0006507756979603 -0.05428720291194482 0
1.003569970960475 -0.05708832703148147 0
1.0069282793794507 -0.06072858341670225 0
0.9993518740881832 -0.05857047382629567 0
0.9992314541571091 -0.061678000053988165 0
1.0410937343219089 0.00016479609029816634 0
1.0427670544885523 0.0036646723165684927 0
1.040337547380267 -0.0030156011883868223 0
1.0381612597177585 -0.0006403303521020985 0
1.036114170705821 0.001155345058595068 0
-78.85990748906619 -22.5718582795581 0
1.2613269292634595 -0.10072143936085862 0
-1.1901146403682166 0.3458818233542974 0
1.0207760601145066 -0.04039330045559774 0
1.0209268876423772 -0.043952247952517745 0
1.0182856392611517 -0.04269054026995165 0
0.0912773608662419 -0.1920393868844132 0
0.29300181571884676 0.15706486205832576 0
-0.005506703647486446 0.012226162366849348 0
-0.003881388240738808 0.011248204768281343 0
-0.00723442765093929 0.013518230671830833 0
-0.009111966176556434 0.014845296419650156 0
-0.005462740253029907 0.014489271592445228 0
-0.005452094233553115 0.016458184725354326 0
-0.0037243702301002716 0.015166116420372838 0
-0.02944451471824292 -0.030745030658837914 0
-0.026171832280566548 -0.02902000212282227 0
-0.030272660754406974 -0.034741923182515816 0
-0.027657965684290214 -0.037165511346223284 0
-0.032762072922920306 -0.03249602009728212 0
0.1940147581533586 0.4065953273400075 0
-8.081665119784889 5.366475126089721 0
0.37105329503303003 1.1272729344609371 0
1.0435822840124902 0.012818651586606883 0
1.0430041051307377 0.007810339067349865 0
1.0399722663041304 0.016466340719840402 0
1.0352832591506496 0.013510338355778466 0
1.0441630023728496 0.018453591878301652 0
-0.02427251728652053 -0.03544357780034382 0
-0.02358565897675119 -0.03139940266287291 0
-0.02090307371354213 -0.03385204671914513 0
0.7857391693924225 0.14366316631763965 0
0.7513453574241535 0.15737074032067885 0
-0.14271191447890008 -0.10862205946053186 0
-0.14735554741029555 -0.10348364549687711 0
-0.14132414888123424 -0.10344779152300135 0
-0.0882690656727564 0.019840635493426267 0
-0.08567665576734519 0.023655321751769293 0
-0.08311972707489945 0.020110831956054613 0
1.0357208853555182 0.00844841163183685 0
1.039154497301586 0.006685733677364263 0
1.0354838347133328 0.004302744881055477 0
-0.15169733626969276 -0.09904150452000185 0
-0.9018773627490124 -3.970656580985591 0
-1.5042651039748196 0.10358390597853104 0
1.0981551837508832 -0.01166446684645752 0
1.097079897325573 -0.008100913023928492 0
1.1004889201359167 -0.00886803577295867 0
-0.1403361963459224 -0.09738567814889812 0
-0.009052912837474236 0.017351156329606196 0
-0.008679099294471478 0.01972783909523257 0
-0.008395202452344899 0.022446044658131895 0
-0.006816650713479991 0.018158022663053087 0
-0.005078280690550356 0.0188348674909807 0
4.05609658586933 -6.424134481571231 0
2.3211019397542465 -5.760748087572777 0
-0.4170741935860978 3.36587070217504 0
0.9323875914396555 0.06355172339349029 0
0.9195775544822913 0.06830771595301585 0
1.0464629813224753 -0.04850684439053299 0
1.045835633618395 -0.045804448505751855 0
1.0484869306556925 -0.04643171633083719 0
62.73855407009066 76.67624155320533 0
-0.14689931408507073 -0.11544604178254064 0
-0.1518206882752913 -0.118310176322689 0
1.5962140280005055 0.33033980323379913 0
1.0736085672118814 -0.008889788012648881 0
1.0729631352323779 -0.00619304768703366 0
1.0720613013953106 -0.003400046320872689 0
1.0756964321548061 -0.006584195778504521 0
1.0774926496864787 -0.004595711860571478 0
0.08800461086306845 -0.22117697697243194 0
0.08086225820685387 -0.2555559605206392 0
-0.11676091598858862 0.010959752640225518 0
-0.07134386811449459 -0.06261855198807403 0
-0.07371320387401775 -0.06616309455635463 0
-0.07560106441012639 -0.061971589375596686 0
1.2371885729570604 -0.1330055318011657 0
0.08886299715136238 -0.29536768327260843 0
1.0746428750172219 -0.0006198575925128265 0
1.0716531762372297 -0.00013244846049621502 0
1.0775227506422151 0.0015368126615934 0
1.07777002731947 0.005509814548018956 0
1.081058028102544 0.004398886941748709 0
1.0779308758002957 -0.001730785198783074 0
1.0803725253114718 -0.002439041606465252 0
-8.121510245046345 3.582048416306663 0
1.035186486865177 -0.011596293571280666 0
1.037146639902146 -0.011003299377988279 0
1.0365802176594938 -0.013343247050610704 0
-0.17435257315391828 -0.10877525319716225 0
-0.11656191479591083 0.0037695417015574627 0
13.619367216690383 17.09101203728773 0
1.277497151435202 -0.15415286767985875 0
1.2647779819918914 -0.1062324518888405 0
1.06930615654105 -0.08263773552266901 0
0.6368679463315117 0.14819288995586305 0
0.6748291961602737 0.15454323378498636 0
1.0648664596980149 0.0005958792633410982 0
1.0678426409240722 0.0003571052509425184 0
1.0613904196240598 0.00047459993787198193 0
1.0631376391588707 0.003505568365271998 0
1.064654346931341 0.007173236157200879 0
0.011844033671639293 0.40931726426141224 0
1.00400474840783 -0.06560403285015884 0
1.0011999933824154 -0.06906148166319837 0
0.9994663143252833 -0.06482904675887186 0
0.8520978386187568 9.80361358552054 0
0.7128962544350774 0.16914490774414565 0
-0.7387037865424552 4.173958602574896 0
0.685450445796368 1.1999515730767651 0
1.0730387672746733 0.006604068105327609 0
1.0765740447350023 0.009466142385482917 0
1.0704242145459835 0.0031372939793023807 0
1.0692282319615156 0.0070936218167663425 0
1.0672688996600308 0.010640010283226108 0
-0.01784277421119434 0.023335213658040012 0
-0.017779460865332934 0.026130861705466316 0
-0.015405529514200959 0.02474569753541288 0
1.0508474584317673 -0.0004123045685916033 0
1.053026021655985 -0.0016294010908496715 0
1.0507009387291597 -0.003358414441302409 0
-0.00022455110499582036 0.0129070997930671 0
-0.00211103127244475 0.011788290374652703 0
-0.0018485360821281337 0.01431601270587814 0
-0.03280445133199414 0.023027996092422613 0
-0.030831409165669933 0.023759903771253803 0
-0.030943421529391883 0.021561512072113688 0
1.029398670644929 -0.05468538742569719 0
1.0279881305216514 -0.05209503550051195 0
1.0312741809709498 -0.051924005243238494 0
-0.058550287732565 0.023035999465327542 0
-0.05608764071811829 0.02531280255045142 0
-0.05426032001213482 0.022151270167620505 0
-0.005567065933195867 0.02324458889827043 0
-0.003042888304831678 0.023414111926099285 0
-0.003918659542113042 0.02070422845650832 0
1.1759607442946076 -0.022387208601079706 0
1.0728302390800755 0.01935925176875484 0
1.0692431473969974 0.025584933513906685 0
1.0753406531922578 0.014692382841611697 0
1.069332370578023 0.015227264869934714 0
1.0647584855478485 0.01530687921036925 0
1.0847401212464356 0.001909160069017072 0
1.0871261302223378 -0.00031146480873309916 0
1.0831967604011912 -0.001794739822427019 0
1.0624766670028738 0.024386871404161122 0
1.061662891025887 0.0189512416057455 0
1.0573176015629202 0.023443979212828765 0
-0.10624238262978147 0.015653794472410873 0
-0.10982174986400764 0.01343360623406601 0
-0.17919212313747507 -0.10369348227345024 0
-0.18123057346790006 -0.10249209801969883 0
-0.18792737585349611 -0.1110370572554267 0
-0.1897646695609962 -0.11076750817961706 0
-0.18540490568768853 -0.10287999966705996 0
-0.17869639331109255 -0.1079976647001096 0
-0.19115940420617145 -0.1095791103672279 0
-0.1887711349357204 -0.10137982366669007 0
-0.1920093592858145 -0.10756175902336329 0
-0.19104593448889418 -0.09806318583637008 0
-0.20046651712513466 -0.10996851776334504 0
-0.2006934730846199 -0.10729001279183148 0
-0.19209356408959266 -0.09329989302089814 0
-0.20250982576318785 -0.0789541841622395 0
-0.20211330830400737 -0.0757019470040165 0
-0.19189624797707783 -0.08733866610211294 0
-0.2010789461458845 -0.07198704732165695 0
-0.19045073777726174 -0.08035408781295761 0
-0.19938449360768956 -0.06793607226262248 0
-0.18771662868531447 -0.07257314079796551 0
-0.1970057685046439 -0.06368321355625955 0
-0.18364263255512192 -0.06425302424955359 0
-0.19392215277021924 -0.059363104720709214 0
-0.17818003297433993 -0.05566200250315212 0
-0.1894694884741047 -0.016037042639645394 0
-0.1856687493103178 -0.011778732374077108 0
-0.1712932069042854 -0.0470647054045491 0
-0.18115107549330925 -0.007701002199072665 0
-0.16296857737150883 -0.03871067208861012 0
-0.15157725451903598 -0.015471807859212289 0
-0.14635855776140783 -0.01167984753244725 0
-0.1532219632598606 -0.030825734692118634 0
-0.14211660438592366 -0.023598371480958558 0
-0.12994915386577677 -0.01689793681183649 0
-2.085336548397314 11.499249054422716 0
-0.6959993217780935 9.740732785282578 0
2.7436677437761148 -0.0377126203201234 0
2.1641156659249683 0.35647610209359065 0
2.0059464604285893 0.5594615193115965 0
1.7158479152004495 0.5434672260527927 0
-0.563265572616765 -0.34450249256396465 0
-0.522579399716824 -0.4781482519201916 0
-0.4860729241586922 -0.5906411728105588 0
1.489385461882029 -0.3127112376388748 0
-0.10159950171988982 0.05681346568450948 0
$EndNodes
$Elements
8 8954 1 8954
1 1 1 104
1 1 1881
2 1881 1209
3 1209 1879
4 1879 6
5 6 2473
6 2473 1264
7 1264 2471
8 2471 11
9 11 2828
10 2828 16
11 16 2722
12 2722 21
13 21 4001
14 4001 26
15 26 3730
16 3730 31
17 31 2513
18 2513 36
19 36 4053
20 4053 41
21 41 3683
22 3683 46
23 46 3517
24 3517 51
25 51 1896
26 1896 56
27 56 2985
28 2985 61
29 61 3840
30 3840 66
31 66 2539
32 2539 71
33 71 3384
34 3384 76
35 76 1872
36 1872 81
37 81 1888
38 1888 1433
39 1433 1886
40 1886 86
41 86 2098
42 2098 1446
43 1446 2096
44 2096 91
45 91 3440
46 3440 1557
47 1557 3438
48 3438 96
49 96 3381
50 3381 1552
51 1552 3379
52 3379 101
53 101 3974
54 3974 1594
55 1594 3972
56 3972 106
57 106 2108
58 2108 1449
59 1449 2106
60 2106 111
61 111 1732
62 1732 1420
63 1420 1730
64 1730 116
65 116 3155
66 3155 1536
67 1536 3153
68 3153 121
69 121 3450
70 3450 126
71 126 2037
72 2037 131
73 131 3669
74 3669 136
75 136 2805
76 2805 141
77 141 4022
78 4022 146
79 146 3078
80 3078 151
81 151 3969
82 3969 156
83 156 4318
84 4318 161
85 161 3286
86 3286 166
87 166 4388
88 4388 171
89 171 3110
90 3110 176
91 176 3897
92 3897 181
93 181 2182
94 2182 186
95 186 4166
96 4166 191
97 191 3044
98 3044 1304
99 1304 3042
100 3042 196
101 196 2052
102 2052 1226
103 1226 2050
104 2050 1
1 2 1 106
105 202 2910
106 2910 1512
107 1512 2908
108 2908 207
109 207 2934
110 2934 1517
111 1517 2932
112 2932 212
113 212 3983
114 3983 1597
115 1597 3981
116 3981 217
117 217 3992
118 3992 1600
119 1600 3990
120 3990 222
121 222 3906
122 3906 1584
123 1584 3904
124 3904 227
125 227 3165
126 3165 1538
127 1538 3163
128 3163 232
129 232 1688
130 1688 1417
131 1417 1686
132 1686 237
133 237 3360
134 3360 242
135 242 3628
136 3628 247
137 247 2216
138 2216 252
139 252 3404
140 3404 257
141 257 4250
142 4250 262
143 262 3444
144 3444 267
145 267 4286
146 4286 272
147 272 2572
148 2572 277
149 277 2821
150 2821 282
151 282 3427
152 3427 287
153 287 4915
154 4915 292
155 292 4918
156 4918 297
157 297 4921
158 4921 302
159 302 4923
160 4923 307
161 307 4926
162 4926 312
163 312 4929
164 4929 317
165 317 4931
166 4931 322
167 322 4933
168 4933 327
169 327 4935
170 4935 332
171 332 4937
172 4937 337
173 337 4940
174 4940 342
175 342 4942
176 4942 347
177 347 4945
178 4945 352
179 352 4946
180 4946 357
181 357 4947
182 4947 362
183 362 3843
184 3843 367
185 367 4469
186 4469 372
187 372 3103
188 3103 1529
189 1529 3101
190 3101 377
191 377 4311
192 4311 1626
193 1626 4309
194 4309 382
195 382 3749
196 3749 1571
197 1571 3747
198 3747 387
199 387 4239
200 4239 1620
201 1620 4237
202 4237 392
203 392 3389
204 3389 1555
205 1555 3387
206 3387 397
207 397 4093
208 4093 1604
209 1604 4091
210 4091 202
1 3 1 108
211 403 1814
212 1814 408
213 408 3302
214 3302 413
215 413 3884
216 3884 418
217 418 3272
218 3272 423
219 423 3917
220 3917 428
221 428 2479
222 2479 433
223 433 3801
224 3801 438
225 438 2568
226 2568 443
227 443 3847
228 3847 448
229 448 2970
230 2970 453
231 453 3942
232 3942 458
233 458 2291
234 2291 463
235 463 3675
236 3675 468
237 468 2246
238 2246 1241
239 1241 2244
240 2244 473
241 473 2692
242 2692 1279
243 1279 2690
244 2690 478
245 478 3586
246 3586 1334
247 1334 3584
248 3584 483
249 483 1981
250 1981 1217
251 1217 1979
252 1979 488
253 488 2143
254 2143 1235
255 1235 2141
256 2141 493
257 493 3462
258 3462 1321
259 1321 3460
260 3460 498
261 498 3923
262 3923 1353
263 1353 3921
264 3921 503
265 503 2349
266 2349 1250
267 1250 2347
268 2347 508
269 508 1756
270 1756 1201
271 1201 1754
272 1754 513
273 513 3688
274 3688 1344
275 1344 3686
276 3686 518
277 518 2528
278 2528 1267
279 1267 2526
280 2526 523
281 523 4104
282 4104 1361
283 1361 4102
284 4102 528
285 528 4302
286 4302 1370
287 1370 4300
288 4300 533
289 533 3633
290 3633 1338
291 1338 3631
292 3631 538
293 538 4337
294 4337 543
295 543 2565
296 2565 548
297 548 4099
298 4099 553
299 553 2709
300 2709 558
301 558 4182
302 4182 563
303 563 3073
304 3073 568
305 568 4214
306 4214 573
307 573 1988
308 1988 578
309 578 4270
310 4270 583
311 583 4185
312 4185 588
313 588 3895
314 3895 593
315 593 3527
316 3527 598
317 598 2073
318 2073 403
1 4 1 10
319 604 1651
320 1651 608
321 608 2544
322 2544 609
323 609 3480
324 3480 610
325 610 2894
326 2894 611
327 611 1905
328 1905 605
1 5 1 10
329 605 1747
330 1747 612
331 612 2573
332 2573 613
333 613 3530
334 3530 614
335 614 3475
336 3475 615
337 615 4137
338 4137 606
1 6 1 10
339 606 3930
340 3930 616
341 616 3666
342 3666 617
343 617 2610
344 2610 618
345 618 3230
346 3230 619
347 619 4231
348 4231 607
1 7 1 10
349 607 4198
350 4198 620
351 620 2967
352 2967 621
353 621 3400
354 3400 622
355 622 4089
356 4089 623
357 623 1762
358 1762 604
2 1 2 8596
359 698 1648 1647
360 702 1646 1648
361 780 1647 1646
362 1646 1647 1648
363 608 1651 1650
364 604 1649 1651
365 1000 1650 1649
366 1649 1650 1651
367 638 1654 1653
368 730 1652 1654
369 1001 1653 1652
370 1652 1653 1654
371 691 1657 1656
372 1411 1655 1657
373 1410 1656 1655
374 1655 1656 1657
375 711 1660 1659
376 1409 1658 1660
377 1411 1659 1658
378 1658 1659 1660
379 812 1663 1662
380 1410 1661 1663
381 1409 1662 1661
382 1661 1662 1663
383 1409 1661 1658
384 1410 1655 1661
385 1411 1658 1655
386 1655 1658 1661
387 836 1666 1665
388 649 1664 1666
389 886 1665 1664
390 1664 1665 1666
391 701 1669 1668
392 757 1667 1669
393 1064 1668 1667
394 1667 1668 1669
395 683 1672 1671
396 684 1670 1672
397 1187 1671 1670
398 1670 1671 1672
399 872 1675 1674
400 1414 1673 1675
401 1413 1674 1673
402 1673 1674 1675
403 751 1678 1677
404 1412 1676 1678
405 1414 1677 1676
406 1676 1677 1678
407 904 1681 1680
408 1413 1679 1681
409 1412 1680 1679
410 1679 1680 1681
411 1412 1679 1676
412 1413 1673 1679
413 1414 1676 1673
414 1673 1676 1679
415 730 1683 1652
416 635 1682 1683
417 1001 1652 1682
418 1682 1652 1683
419 237 1686 1685
420 1417 1684 1686
421 1416 1685 1684
422 1684 1685 1686
423 232 1689 1688
424 1415 1687 1689
425 1417 1688 1687
426 1687 1688 1689
427 851 1692 1691
428 1416 1690 1692
429 1415 1691 1690
430 1690 1691 1692
431 1415 1690 1687
432 1416 1684 1690
433 1417 1687 1684
434 1684 1687 1690
435 634 1695 1694
436 722 1693 1695
437 827 1694 1693
438 1693 1694 1695
439 712 1698 1697
440 1198 1696 1698
441 1197 1697 1696
442 1696 1697 1698
443 713 1701 1700
444 1196 1699 1701
445 1198 1700 1699
446 1699 1700 1701
447 782 1704 1703
448 1197 1702 1704
449 1196 1703 1702
450 1702 1703 1704
451 1196 1702 1699
452 1197 1696 1702
453 1198 1699 1696
454 1696 1699 1702
455 641 1707 1706
456 722 1705 1707
457 1080 1706 1705
458 1705 1706 1707
459 852 1710 1709
460 742 1708 1710
461 915 1709 1708
462 1708 1709 1710
463 756 1713 1712
464 801 1711 1713
465 929 1712 1711
466 1711 1712 1713
467 889 1716 1715
468 641 1714 1716
469 890 1715 1714
470 1714 1715 1716
471 646 1719 1718
472 843 1717 1719
473 1029 1718 1717
474 1717 1718 1719
475 745 1722 1721
476 648 1720 1722
477 845 1721 1720
478 1720 1721 1722
479 730 1654 1724
480 638 1723 1654
481 1012 1724 1723
482 1723 1724 1654
483 672 1727 1726
484 725 1725 1727
485 801 1726 1725
486 1725 1726 1727
487 116 1730 1729
488 1420 1728 1730
489 1419 1729 1728
490 1728 1729 1730
491 111 1733 1732
492 1418 1731 1733
493 1420 1732 1731
494 1731 1732 1733
495 1133 1736 1735
496 1419 1734 1736
497 1418 1735 1734
498 1734 1735 1736
499 1418 1734 1731
500 1419 1728 1734
501 1420 1731 1728
502 1728 1731 1734
503 784 1739 1738
504 1023 1737 1739
505 1421 1738 1737
506 1737 1738 1739
507 784 1738 1741
508 1421 1740 1738
509 644 1741 1740
510 1740 1741 1738
511 833 1744 1743
512 741 1742 1744
513 1096 1743 1742
514 1742 1743 1744
515 612 1747 1746
516 605 1745 1747
517 1103 1746 1745
518 1745 1746 1747
519 756 1748 1713
520 672 1726 1748
521 801 1713 1726
522 1726 1713 1748
523 819 1751 1750
524 630 1749 1751
525 820 1750 1749
526 1749 1750 1751
527 513 1754 1753
528 1201 1752 1754
529 1200 1753 1752
530 1752 1753 1754
531 508 1757 1756
532 1199 1755 1757
533 1201 1756 1755
534 1755 1756 1757
535 823 1760 1759
536 1200 1758 1760
537 1199 1759 1758
538 1758 1759 1760
539 1199 1758 1755
540 1200 1752 1758
541 1201 1755 1752
542 1752 1755 1758
543 604 1762 1649
544 623 1761 1762
545 1000 1649 1761
546 1761 1649 1762
547 831 1765 1764
548 633 1763 1765
549 879 1764 1763
550 1763 1764 1765
551 630 1767 1766
552 742 1710 1767
553 852 1766 1710
554 1710 1766 1767
555 843 1719 1769
556 646 1768 1719
557 1077 1769 1768
558 1768 1769 1719
559 689 1772 1771
560 1424 1770 1772
561 1423 1771 1770
562 1770 1771 1772
563 816 1775 1774
564 1422 1773 1775
565 1424 1774 1773
566 1773 1774 1775
567 870 1778 1777
568 1423 1776 1778
569 1422 1777 1776
570 1776 1777 1778
571 1422 1776 1773
572 1423 1770 1776
573 1424 1773 1770
574 1770 1773 1776
575 680 1781 1780
576 653 1779 1781
577 698 1780 1779
578 1779 1780 1781
579 778 1784 1783
580 645 1782 1784
581 843 1783 1782
582 1782 1783 1784
583 6 1787 1786
584 1204 1785 1787
585 1203 1786 1785
586 1785 1786 1787
587 822 1790 1789
588 1202 1788 1790
589 1204 1789 1788
590 1788 1789 1790
591 844 1793 1792
592 1203 1791 1793
593 1202 1792 1791
594 1791 1792 1793
595 1202 1791 1788
596 1203 1785 1791
597 1204 1788 1785
598 1785 1788 1791
599 697 1796 1795
600 1427 1794 1796
601 1426 1795 1794
602 1794 1795 1796
603 932 1799 1798
604 1425 1797 1799
605 1427 1798 1797
606 1797 1798 1799
607 1023 1802 1801
608 1426 1800 1802
609 1425 1801 1800
610 1800 1801 1802
611 1425 1800 1797
612 1426 1794 1800
613 1427 1797 1794
614 1794 1797 1800
615 682 1805 1804
616 1207 1803 1805
617 1206 1804 1803
618 1803 1804 1805
619 776 1808 1807
620 1205 1806 1808
621 1207 1807 1806
622 1806 1807 1808
623 857 1811 1810
624 1206 1809 1811
625 1205 1810 1809
626 1809 1810 1811
627 1205 1809 1806
628 1206 1803 1809
629 1207 1806 1803
630 1803 1806 1809
631 408 1814 1813
632 403 1812 1814
633 1137 1813 1812
634 1812 1813 1814
635 754 1817 1816
636 647 1815 1817
637 991 1816 1815
638 1815 1816 1817
639 761 1820 1819
640 727 1818 1820
641 875 1819 1818
642 1818 1819 1820
643 684 1672 1822
644 683 1821 1672
645 920 1822 1821
646 1821 1822 1672
647 830 1824 1823
648 633 1765 1824
649 831 1823 1765
650 1765 1823 1824
651 671 1827 1826
652 733 1825 1827
653 771 1826 1825
654 1825 1826 1827
655 702 1648 1829
656 698 1828 1648
657 995 1829 1828
658 1828 1829 1648
659 936 1832 1831
660 863 1830 1832
661 1171 1831 1830
662 1830 1831 1832
663 647 1835 1834
664 858 1833 1835
665 1087 1834 1833
666 1833 1834 1835
667 625 1838 1837
668 868 1836 1838
669 967 1837 1836
670 1836 1837 1838
671 86 1841 1840
672 1430 1839 1841
673 1429 1840 1839
674 1839 1840 1841
675 880 1844 1843
676 1428 1842 1844
677 1430 1843 1842
678 1842 1843 1844
679 902 1847 1846
680 1429 1845 1847
681 1428 1846 1845
682 1845 1846 1847
683 1428 1845 1842
684 1429 1839 1845
685 1430 1842 1839
686 1839 1842 1845
687 796 1850 1849
688 905 1848 1850
689 1008 1849 1848
690 1848 1849 1850
691 749 1853 1852
692 629 1851 1853
693 1066 1852 1851
694 1851 1852 1853
695 700 1856 1855
696 789 1854 1856
697 936 1855 1854
698 1854 1855 1856
699 1025 1859 1858
700 952 1857 1859
701 1140 1858 1857
702 1857 1858 1859
703 801 1725 1861
704 725 1860 1725
705 897 1861 1860
706 1860 1861 1725
707 685 1864 1863
708 627 1862 1864
709 895 1863 1862
710 1862 1863 1864
711 847 1867 1866
712 785 1865 1867
713 873 1866 1865
714 1865 1866 1867
715 76 1870 1869
716 834 1868 1870
717 1431 1869 1868
718 1868 1869 1870
719 76 1869 1872
720 1431 1871 1869
721 81 1872 1871
722 1871 1872 1869
723 849 1875 1874
724 744 1873 1875
725 1073 1874 1873
726 1873 1874 1875
727 729 1877 1876
728 831 1764 1877
729 879 1876 1764
730 1764 1876 1877
731 6 1879 1787
732 1209 1878 1879
733 1204 1787 1878
734 1878 1787 1879
735 1 1882 1881
736 1208 1880 1882
737 1209 1881 1880
738 1880 1881 1882
739 822 1789 1884
740 1204 1883 1789
741 1208 1884 1883
742 1883 1884 1789
743 1208 1883 1880
744 1204 1878 1883
745 1209 1880 1878
746 1878 1880 1883
747 86 1886 1841
748 1433 1885 1886
749 1430 1841 1885
750 1885 1841 1886
751 81 1889 1888
752 1432 1887 1889
753 1433 1888 1887
754 1887 1888 1889
755 880 1843 1891
756 1430 1890 1843
757 1432 1891 1890
758 1890 1891 1843
759 1432 1890 1887
760 1430 1885 1890
761 1433 1887 1885
762 1885 1887 1890
763 656 1893 1892
764 641 1706 1893
765 1080 1892 1706
766 1706 1892 1893
767 56 1896 1895
768 51 1894 1896
769 863 1895 1894
770 1894 1895 1896
771 710 1899 1898
772 916 1897 1899
773 1094 1898 1897
774 1897 1898 1899
775 635 1901 1682
776 738 1900 1901
777 1001 1682 1900
778 1900 1682 1901
779 648 1722 1903
780 745 1902 1722
781 881 1903 1902
782 1902 1903 1722
783 605 1905 1745
784 611 1904 1905
785 1103 1745 1904
786 1904 1745 1905
787 797 1908 1907
788 806 1906 1908
789 1063 1907 1906
790 1906 1907 1908
791 696 1911 1910
792 866 1909 1911
793 899 1910 1909
794 1909 1910 1911
795 683 1913 1821
796 668 1912 1913
797 920 1821 1912
798 1912 1821 1913
799 650 1916 1915
800 643 1914 1916
801 1078 1915 1914
802 1914 1915 1916
803 855 1919 1918
804 717 1917 1919
805 917 1918 1917
806 1917 1918 1919
807 783 1922 1921
808 707 1920 1922
809 977 1921 1920
810 1920 1921 1922
811 901 1925 1924
812 617 1923 1925
813 1044 1924 1923
814 1923 1924 1925
815 646 1928 1927
816 920 1926 1928
817 942 1927 1926
818 1926 1927 1928
819 966 1931 1930
820 1436 1929 1931
821 1435 1930 1929
822 1929 1930 1931
823 202 1934 1933
824 1434 1932 1934
825 1436 1933 1932
826 1932 1933 1934
827 1120 1937 1936
828 1435 1935 1937
829 1434 1936 1935
830 1935 1936 1937
831 1434 1935 1932
832 1435 1929 1935
833 1436 1932 1929
834 1929 1932 1935
835 926 1940 1939
836 660 1938 1940
837 995 1939 1938
838 1938 1939 1940
839 196 1943 1942
840 1212 1941 1943
841 1211 1942 1941
842 1941 1942 1943
843 748 1946 1945
844 1210 1944 1946
845 1212 1945 1944
846 1944 1945 1946
847 1114 1949 1948
848 1211 1947 1949
849 1210 1948 1947
850 1947 1948 1949
851 1210 1947 1944
852 1211 1941 1947
853 1212 1944 1941
854 1941 1944 1947
855 668 1913 1951
856 683 1950 1913
857 1155 1951 1950
858 1950 1951 1913
859 820 1749 1952
860 630 1766 1749
861 852 1952 1766
862 1766 1952 1749
863 776 1807 1954
864 1207 1953 1807
865 1214 1954 1953
866 1953 1954 1807
867 682 1956 1805
868 1213 1955 1956
869 1207 1805 1955
870 1955 1805 1956
871 1106 1959 1958
872 1214 1957 1959
873 1213 1958 1957
874 1957 1958 1959
875 1213 1957 1955
876 1214 1953 1957
877 1207 1955 1953
878 1953 1955 1957
879 819 1750 1961
880 820 1960 1750
881 1104 1961 1960
882 1960 1961 1750
883 690 1964 1963
884 916 1962 1964
885 1038 1963 1962
886 1962 1963 1964
887 685 1967 1966
888 751 1965 1967
889 1437 1966 1965
890 1965 1966 1967
891 685 1966 1969
892 1437 1968 1966
893 812 1969 1968
894 1968 1969 1966
895 738 1972 1971
896 955 1970 1972
897 1033 1971 1970
898 1970 1971 1972
899 784 1741 1974
900 644 1973 1741
901 962 1974 1973
902 1973 1974 1741
903 729 1876 1976
904 879 1975 1876
905 963 1976 1975
906 1975 1976 1876
907 488 1979 1978
908 1217 1977 1979
909 1216 1978 1977
910 1977 1978 1979
911 483 1982 1981
912 1215 1980 1982
913 1217 1981 1980
914 1980 1981 1982
915 853 1985 1984
916 1216 1983 1985
917 1215 1984 1983
918 1983 1984 1985
919 1215 1983 1980
920 1216 1977 1983
921 1217 1980 1977
922 1977 1980 1983
923 578 1988 1987
924 573 1986 1988
925 907 1987 1986
926 1986 1987 1988
927 632 1991 1990
928 1220 1989 1991
929 1219 1990 1989
930 1989 1990 1991
931 809 1994 1993
932 1218 1992 1994
933 1220 1993 1992
934 1992 1993 1994
935 837 1997 1996
936 1219 1995 1997
937 1218 1996 1995
938 1995 1996 1997
939 1218 1995 1992
940 1219 1989 1995
941 1220 1992 1989
942 1989 1992 1995
943 711 1659 1999
944 1411 1998 1659
945 1439 1999 1998
946 1998 1999 1659
947 691 2001 1657
948 1438 2000 2001
949 1411 1657 2000
950 2000 1657 2001
951 813 2004 2003
952 1439 2002 2004
953 1438 2003 2002
954 2002 2003 2004
955 1438 2002 2000
956 1439 1998 2002
957 1411 2000 1998
958 1998 2000 2002
959 724 2007 2006
960 655 2005 2007
961 1173 2006 2005
962 2005 2006 2007
963 796 2009 1850
964 732 2008 2009
965 905 1850 2008
966 2008 1850 2009
967 946 2012 2011
968 845 2010 2012
969 1018 2011 2010
970 2010 2011 2012
971 774 2014 2013
972 820 1952 2014
973 852 2013 1952
974 1952 2013 2014
975 631 2017 2016
976 829 2015 2017
977 1106 2016 2015
978 2015 2016 2017
979 746 2020 2019
980 677 2018 2020
981 894 2019 2018
982 2018 2019 2020
983 855 2023 2022
984 767 2021 2023
985 1221 2022 2021
986 2021 2022 2023
987 855 2022 2025
988 1221 2024 2022
989 1021 2025 2024
990 2024 2025 2022
991 767 2028 2027
992 1224 2026 2028
993 1223 2027 2026
994 2026 2027 2028
995 917 2031 2030
996 1222 2029 2031
997 1224 2030 2029
998 2029 2030 2031
999 1184 2034 2033
1000 1223 2032 2034
1001 1222 2033 2032
1002 2032 2033 2034
1003 1222 2032 2029
1004 1223 2026 2032
1005 1224 2029 2026
1006 2026 2029 2032
1007 131 2037 2036
1008 126 2035 2037
1009 860 2036 2035
1010 2035 2036 2037
1011 955 2040 2039
1012 635 2038 2040
1013 977 2039 2038
1014 2038 2039 2040
1015 880 2042 1844
1016 1441 2041 2042
1017 1428 1844 2041
1018 2041 1844 2042
1019 755 2045 2044
1020 1440 2043 2045
1021 1441 2044 2043
1022 2043 2044 2045
1023 902 1846 2047
1024 1428 2046 1846
1025 1440 2047 2046
1026 2046 2047 1846
1027 1440 2046 2043
1028 1428 2041 2046
1029 1441 2043 2041
1030 2041 2043 2046
1031 1 2050 2049
1032 1226 2048 2050
1033 1225 2049 2048
1034 2048 2049 2050
1035 196 1942 2052
1036 1211 2051 1942
1037 1226 2052 2051
1038 2051 2052 1942
1039 1114 2054 1949
1040 1225 2053 2054
1041 1211 1949 2053
1042 2053 1949 2054
1043 1211 2053 2051
1044 1225 2048 2053
1045 1226 2051 2048
1046 2048 2051 2053
1047 730 1724 2056
1048 1012 2055 1724
1049 1081 2056 2055
1050 2055 2056 1724
1051 766 2059 2058
1052 646 2057 2059
1053 1100 2058 2057
1054 2057 2058 2059
1055 653 2061 2060
1056 926 1939 2061
1057 995 2060 1939
1058 1939 2060 2061
1059 748 2064 2063
1060 1229 2062 2064
1061 1228 2063 2062
1062 2062 2063 2064
1063 939 2067 2066
1064 1227 2065 2067
1065 1229 2066 2065
1066 2065 2066 2067
1067 940 2070 2069
1068 1228 2068 2070
1069 1227 2069 2068
1070 2068 2069 2070
1071 1227 2068 2065
1072 1228 2062 2068
1073 1229 2065 2062
1074 2062 2065 2068
1075 403 2073 2072
1076 598 2071 2073
1077 930 2072 2071
1078 2071 2072 2073
1079 937 2076 2075
1080 1232 2074 2076
1081 1231 2075 2074
1082 2074 2075 2076
1083 679 2079 2078
1084 1230 2077 2079
1085 1232 2078 2077
1086 2077 2078 2079
1087 1114 2082 2081
1088 1231 2080 2082
1089 1230 2081 2080
1090 2080 2081 2082
1091 1230 2080 2077
1092 1231 2074 2080
1093 1232 2077 2074
1094 2074 2077 2080
1095 816 2085 2084
1096 1444 2083 2085
1097 1443 2084 2083
1098 2083 2084 2085
1099 773 2088 2087
1100 1442 2086 2088
1101 1444 2087 2086
1102 2086 2087 2088
1103 1071 2091 2090
1104 1443 2089 2091
1105 1442 2090 2089
1106 2089 2090 2091
1107 1442 2089 2086
1108 1443 2083 2089
1109 1444 2086 2083
1110 2083 2086 2089
1111 829 2093 2015
1112 680 2092 2093
1113 1106 2015 2092
1114 2092 2015 2093
1115 91 2096 2095
1116 1446 2094 2096
1117 1445 2095 2094
1118 2094 2095 2096
1119 86 1840 2098
1120 1429 2097 1840
1121 1446 2098 2097
1122 2097 2098 1840
1123 902 2100 1847
1124 1445 2099 2100
1125 1429 1847 2099
1126 2099 1847 2100
1127 1429 2099 2097
1128 1445 2094 2099
1129 1446 2097 2094
1130 2094 2097 2099
1131 659 2103 2102
1132 652 2101 2103
1133 686 2102 2101
1134 2101 2102 2103
1135 111 2106 2105
1136 1449 2104 2106
1137 1448 2105 2104
1138 2104 2105 2106
1139 106 2109 2108
1140 1447 2107 2109
1141 1449 2108 2107
1142 2107 2108 2109
1143 884 2112 2111
1144 1448 2110 2112
1145 1447 2111 2110
1146 2110 2111 2112
1147 1447 2110 2107
1148 1448 2104 2110
1149 1449 2107 2104
1150 2104 2107 2110
1151 639 2115 2114
1152 847 2113 2115
1153 883 2114 2113
1154 2113 2114 2115
1155 702 2118 2117
1156 703 2116 2118
1157 763 2117 2116
1158 2116 2117 2118
1159 717 2121 2120
1160 792 2119 2121
1161 1024 2120 2119
1162 2119 2120 2121
1163 752 2124 2123
1164 804 2122 2124
1165 1013 2123 2122
1166 2122 2123 2124
1167 403 2127 2126
1168 923 2125 2127
1169 1076 2126 2125
1170 2125 2126 2127
1171 758 2130 2129
1172 695 2128 2130
1173 892 2129 2128
1174 2128 2129 2130
1175 722 1695 2132
1176 634 2131 1695
1177 841 2132 2131
1178 2131 2132 1695
1179 788 2135 2134
1180 719 2133 2135
1181 862 2134 2133
1182 2133 2134 2135
1183 757 2138 2137
1184 708 2136 2138
1185 980 2137 2136
1186 2136 2137 2138
1187 493 2141 2140
1188 1235 2139 2141
1189 1234 2140 2139
1190 2139 2140 2141
1191 488 2144 2143
1192 1233 2142 2144
1193 1235 2143 2142
1194 2142 2143 2144
1195 935 2147 2146
1196 1234 2145 2147
1197 1233 2146 2145
1198 2145 2146 2147
1199 1233 2145 2142
1200 1234 2139 2145
1201 1235 2142 2139
1202 2139 2142 2145
1203 731 2150 2149
1204 683 2148 2150
1205 811 2149 2148
1206 2148 2149 2150
1207 642 2153 2152
1208 795 2151 2153
1209 933 2152 2151
1210 2151 2152 2153
1211 765 2156 2155
1212 1452 2154 2156
1213 1451 2155 2154
1214 2154 2155 2156
1215 787 2159 2158
1216 1450 2157 2159
1217 1452 2158 2157
1218 2157 2158 2159
1219 981 2162 2161
1220 1451 2160 2162
1221 1450 2161 2160
1222 2160 2161 2162
1223 1450 2160 2157
1224 1451 2154 2160
1225 1452 2157 2154
1226 2154 2157 2160
1227 704 2165 2164
1228 1454 2163 2165
1229 1453 2164 2163
1230 2163 2164 2165
1231 755 2044 2167
1232 1441 2166 2044
1233 1454 2167 2166
1234 2166 2167 2044
1235 880 2169 2042
1236 1453 2168 2169
1237 1441 2042 2168
1238 2168 2042 2169
1239 1441 2168 2166
1240 1453 2163 2168
1241 1454 2166 2163
1242 2163 2166 2168
1243 932 2171 1799
1244 1456 2170 2171
1245 1425 1799 2170
1246 2170 1799 2171
1247 824 2174 2173
1248 1455 2172 2174
1249 1456 2173 2172
1250 2172 2173 2174
1251 1023 1801 2176
1252 1425 2175 1801
1253 1455 2176 2175
1254 2175 2176 1801
1255 1455 2175 2172
1256 1425 2170 2175
1257 1456 2172 2170
1258 2170 2172 2175
1259 803 2179 2178
1260 640 2177 2179
1261 805 2178 2177
1262 2177 2178 2179
1263 186 2182 2181
1264 181 2180 2182
1265 892 2181 2180
1266 2180 2181 2182
1267 728 2184 2183
1268 830 1823 2184
1269 831 2183 1823
1270 1823 2183 2184
1271 860 2187 2186
1272 716 2185 2187
1273 1051 2186 2185
1274 2185 2186 2187
1275 610 2190 2189
1276 759 2188 2190
1277 1103 2189 2188
1278 2188 2189 2190
1279 810 2192 2191
1280 608 1650 2192
1281 1000 2191 1650
1282 1650 2191 2192
1283 916 1899 1962
1284 710 2193 1899
1285 1038 1962 2193
1286 2193 1962 1899
1287 639 2196 2195
1288 723 2194 2196
1289 890 2195 2194
1290 2194 2195 2196
1291 711 2199 2198
1292 1459 2197 2199
1293 1458 2198 2197
1294 2197 2198 2199
1295 869 2202 2201
1296 1457 2200 2202
1297 1459 2201 2200
1298 2200 2201 2202
1299 978 2205 2204
1300 1458 2203 2205
1301 1457 2204 2203
1302 2203 2204 2205
1303 1457 2203 2200
1304 1458 2197 2203
1305 1459 2200 2197
1306 2197 2200 2203
1307 661 2208 2207
1308 658 2206 2208
1309 1010 2207 2206
1310 2206 2207 2208
1311 81 1871 1889
1312 1431 2209 1871
1313 1432 1889 2209
1314 2209 1889 1871
1315 834 2211 1868
1316 1460 2210 2211
1317 1431 1868 2210
1318 2210 1868 2211
1319 880 1891 2213
1320 1432 2212 1891
1321 1460 2213 2212
1322 2212 2213 1891
1323 1460 2212 2210
1324 1432 2209 2212
1325 1431 2210 2209
1326 2209 2210 2212
1327 252 2216 2215
1328 247 2214 2216
1329 875 2215 2214
1330 2214 2215 2216
1331 793 2219 2218
1332 721 2217 2219
1333 1048 2218 2217
1334 2217 2218 2219
1335 91 2095 2221
1336 1445 2220 2095
1337 1462 2221 2220
1338 2220 2221 2095
1339 902 2223 2100
1340 1461 2222 2223
1341 1445 2100 2222
1342 2222 2100 2223
1343 1050 2226 2225
1344 1462 2224 2226
1345 1461 2225 2224
1346 2224 2225 2226
1347 1461 2224 2222
1348 1462 2220 2224
1349 1445 2222 2220
1350 2220 2222 2224
1351 838 2229 2228
1352 732 2227 2229
1353 1069 2228 2227
1354 2227 2228 2229
1355 729 2232 2231
1356 807 2230 2232
1357 918 2231 2230
1358 2230 2231 2232
1359 817 2235 2234
1360 1238 2233 2235
1361 1237 2234 2233
1362 2233 2234 2235
1363 737 2238 2237
1364 1236 2236 2238
1365 1238 2237 2236
1366 2236 2237 2238
1367 1083 2241 2240
1368 1237 2239 2241
1369 1236 2240 2239
1370 2239 2240 2241
1371 1236 2239 2236
1372 1237 2233 2239
1373 1238 2236 2233
1374 2233 2236 2239
1375 473 2244 2243
1376 1241 2242 2244
1377 1240 2243 2242
1378 2242 2243 2244
1379 468 2247 2246
1380 1239 2245 2247
1381 1241 2246 2245
1382 2245 2246 2247
1383 871 2250 2249
1384 1240 2248 2250
1385 1239 2249 2248
1386 2248 2249 2250
1387 1239 2248 2245
1388 1240 2242 2248
1389 1241 2245 2242
1390 2242 2245 2248
1391 634 2252 2251
1392 741 1744 2252
1393 833 2251 1744
1394 1744 2251 2252
1395 617 2254 1923
1396 826 2253 2254
1397 1044 1923 2253
1398 2253 1923 2254
1399 708 2138 2256
1400 757 2255 2138
1401 894 2256 2255
1402 2255 2256 2138
1403 787 2158 2258
1404 1452 2257 2158
1405 1464 2258 2257
1406 2257 2258 2158
1407 765 2260 2156
1408 1463 2259 2260
1409 1452 2156 2259
1410 2259 2156 2260
1411 1189 2263 2262
1412 1464 2261 2263
1413 1463 2262 2261
1414 2261 2262 2263
1415 1463 2261 2259
1416 1464 2257 2261
1417 1452 2259 2257
1418 2257 2259 2261
1419 924 2266 2265
1420 703 2264 2266
1421 1040 2265 2264
1422 2264 2265 2266
1423 806 2268 1906
1424 651 2267 2268
1425 1063 1906 2267
1426 2267 1906 2268
1427 763 2116 2270
1428 703 2269 2116
1429 1126 2270 2269
1430 2269 2270 2116
1431 809 1993 2272
1432 1220 2271 1993
1433 1243 2272 2271
1434 2271 2272 1993
1435 632 2274 1991
1436 1242 2273 2274
1437 1220 1991 2273
1438 2273 1991 2274
1439 911 2277 2276
1440 1243 2275 2277
1441 1242 2276 2275
1442 2275 2276 2277
1443 1242 2275 2273
1444 1243 2271 2275
1445 1220 2273 2271
1446 2271 2273 2275
1447 743 2280 2279
1448 1245 2278 2280
1449 1244 2279 2278
1450 2278 2279 2280
1451 712 1697 2282
1452 1197 2281 1697
1453 1245 2282 2281
1454 2281 2282 1697
1455 782 2284 1704
1456 1244 2283 2284
1457 1197 1704 2283
1458 2283 1704 2284
1459 1197 2283 2281
1460 1244 2278 2283
1461 1245 2281 2278
1462 2278 2281 2283
1463 700 1855 2285
1464 936 1831 1855
1465 1171 2285 1831
1466 1831 2285 1855
1467 848 2288 2287
1468 628 2286 2288
1469 996 2287 2286
1470 2286 2287 2288
1471 463 2291 2290
1472 458 2289 2291
1473 897 2290 2289
1474 2289 2290 2291
1475 822 2293 1790
1476 1247 2292 2293
1477 1202 1790 2292
1478 2292 1790 2293
1479 662 2296 2295
1480 1246 2294 2296
1481 1247 2295 2294
1482 2294 2295 2296
1483 844 1792 2298
1484 1202 2297 1792
1485 1246 2298 2297
1486 2297 2298 1792
1487 1246 2297 2294
1488 1202 2292 2297
1489 1247 2294 2292
1490 2292 2294 2297
1491 642 2300 2299
1492 696 1910 2300
1493 899 2299 1910
1494 1910 2299 2300
1495 802 2303 2302
1496 972 2301 2303
1497 1465 2302 2301
1498 2301 2302 2303
1499 802 2302 2305
1500 1465 2304 2302
1501 704 2305 2304
1502 2304 2305 2302
1503 773 2307 2088
1504 1467 2306 2307
1505 1442 2088 2306
1506 2306 2088 2307
1507 1043 2310 2309
1508 1466 2308 2310
1509 1467 2309 2308
1510 2308 2309 2310
1511 1071 2090 2312
1512 1442 2311 2090
1513 1466 2312 2311
1514 2311 2312 2090
1515 1466 2311 2308
1516 1442 2306 2311
1517 1467 2308 2306
1518 2306 2308 2311
1519 641 1893 2314
1520 656 2313 1893
1521 803 2314 2313
1522 2313 2314 1893
1523 784 2317 2316
1524 665 2315 2317
1525 1183 2316 2315
1526 2315 2316 2317
1527 692 2320 2319
1528 693 2318 2320
1529 1022 2319 2318
1530 2318 2319 2320
1531 738 1901 1972
1532 635 2040 1901
1533 955 1972 2040
1534 2040 1972 1901
1535 869 2323 2322
1536 1469 2321 2323
1537 1468 2322 2321
1538 2321 2322 2323
1539 966 1930 2325
1540 1435 2324 1930
1541 1469 2325 2324
1542 2324 2325 1930
1543 1120 2327 1937
1544 1468 2326 2327
1545 1435 1937 2326
1546 2326 1937 2327
1547 1435 2326 2324
1548 1468 2321 2326
1549 1469 2324 2321
1550 2321 2324 2326
1551 769 2330 2329
1552 1472 2328 2330
1553 1471 2329 2328
1554 2328 2329 2330
1555 908 2333 2332
1556 1470 2331 2333
1557 1472 2332 2331
1558 2331 2332 2333
1559 910 2336 2335
1560 1471 2334 2336
1561 1470 2335 2334
1562 2334 2335 2336
1563 1470 2334 2331
1564 1471 2328 2334
1565 1472 2331 2328
1566 2328 2331 2334
1567 736 2339 2338
1568 637 2337 2339
1569 818 2338 2337
1570 2337 2338 2339
1571 879 2341 1975
1572 770 2340 2341
1573 963 1975 2340
1574 2340 1975 2341
1575 648 2344 2343
1576 814 2342 2344
1577 1018 2343 2342
1578 2342 2343 2344
1579 508 2347 2346
1580 1250 2345 2347
1581 1249 2346 2345
1582 2345 2346 2347
1583 503 2350 2349
1584 1248 2348 2350
1585 1250 2349 2348
1586 2348 2349 2350
1587 983 2353 2352
1588 1249 2351 2353
1589 1248 2352 2351
1590 2351 2352 2353
1591 1248 2351 2348
1592 1249 2345 2351
1593 1250 2348 2345
1594 2345 2348 2351
1595 681 2356 2355
1596 1252 2354 2356
1597 1251 2355 2354
1598 2354 2355 2356
1599 817 2234 2358
1600 1237 2357 2234
1601 1252 2358 2357
1602 2357 2358 2234
1603 1083 2360 2241
1604 1251 2359 2360
1605 1237 2241 2359
1606 2359 2241 2360
1607 1237 2359 2357
1608 1251 2354 2359
1609 1252 2357 2354
1610 2354 2357 2359
1611 613 2363 2362
1612 859 2361 2363
1613 916 2362 2361
1614 2361 2362 2363
1615 627 1864 2365
1616 685 2364 1864
1617 1191 2365 2364
1618 2364 2365 1864
1619 792 2367 2119
1620 715 2366 2367
1621 1024 2119 2366
1622 2366 2119 2367
1623 937 2370 2369
1624 1254 2368 2370
1625 1253 2369 2368
1626 2368 2369 2370
1627 748 2063 2372
1628 1228 2371 2063
1629 1254 2372 2371
1630 2371 2372 2063
1631 940 2374 2070
1632 1253 2373 2374
1633 1228 2070 2373
1634 2373 2070 2374
1635 1228 2373 2371
1636 1253 2368 2373
1637 1254 2371 2368
1638 2368 2371 2373
1639 843 2377 2376
1640 740 2375 2377
1641 1084 2376 2375
1642 2375 2376 2377
1643 915 1708 2379
1644 742 2378 1708
1645 1092 2379 2378
1646 2378 2379 1708
1647 802 2305 2381
1648 704 2380 2305
1649 876 2381 2380
1650 2380 2381 2305
1651 1010 2206 2383
1652 658 2382 2206
1653 1029 2383 2382
1654 2382 2383 2206
1655 716 2385 2384
1656 904 1680 2385
1657 1412 2384 1680
1658 1680 2384 2385
1659 716 2384 2386
1660 1412 1678 2384
1661 751 2386 1678
1662 1678 2386 2384
1663 955 2388 1970
1664 754 2387 2388
1665 1033 1970 2387
1666 2387 1970 2388
1667 844 2298 2390
1668 1246 2389 2298
1669 1256 2390 2389
1670 2389 2390 2298
1671 662 2392 2296
1672 1255 2391 2392
1673 1246 2296 2391
1674 2391 2296 2392
1675 911 2395 2394
1676 1256 2393 2395
1677 1255 2394 2393
1678 2393 2394 2395
1679 1255 2393 2391
1680 1256 2389 2393
1681 1246 2391 2389
1682 2389 2391 2393
1683 782 1703 2397
1684 1196 2396 1703
1685 1258 2397 2396
1686 2396 2397 1703
1687 713 2399 1701
1688 1257 2398 2399
1689 1196 1701 2398
1690 2398 1701 2399
1691 839 2402 2401
1692 1258 2400 2402
1693 1257 2401 2400
1694 2400 2401 2402
1695 1257 2400 2398
1696 1258 2396 2400
1697 1196 2398 2396
1698 2396 2398 2400
1699 816 1774 2404
1700 1424 2403 1774
1701 1474 2404 2403
1702 2403 2404 1774
1703 689 2406 1772
1704 1473 2405 2406
1705 1424 1772 2405
1706 2405 1772 2406
1707 987 2409 2408
1708 1474 2407 2409
1709 1473 2408 2407
1710 2407 2408 2409
1711 1473 2407 2405
1712 1474 2403 2407
1713 1424 2405 2403
1714 2403 2405 2407
1715 732 2229 2411
1716 838 2410 2229
1717 1046 2411 2410
1718 2410 2411 2229
1719 649 2414 2413
1720 659 2412 2414
1721 661 2413 2412
1722 2412 2413 2414
1723 701 2417 2416
1724 799 2415 2417
1725 861 2416 2415
1726 2415 2416 2417
1727 908 2419 2333
1728 1476 2418 2419
1729 1470 2333 2418
1730 2418 2333 2419
1731 768 2422 2421
1732 1475 2420 2422
1733 1476 2421 2420
1734 2420 2421 2422
1735 910 2335 2424
1736 1470 2423 2335
1737 1475 2424 2423
1738 2423 2424 2335
1739 1475 2423 2420
1740 1470 2418 2423
1741 1476 2420 2418
1742 2418 2420 2423
1743 866 2426 1909
1744 695 2425 2426
1745 899 1909 2425
1746 2425 1909 2426
1747 675 2428 2427
1748 730 2056 2428
1749 1081 2427 2056
1750 2056 2427 2428
1751 917 2430 2031
1752 1260 2429 2430
1753 1222 2031 2429
1754 2429 2031 2430
1755 11 2433 2432
1756 1259 2431 2433
1757 1260 2432 2431
1758 2431 2432 2433
1759 1184 2033 2435
1760 1222 2434 2033
1761 1259 2435 2434
1762 2434 2435 2033
1763 1259 2434 2431
1764 1222 2429 2434
1765 1260 2431 2429
1766 2429 2431 2434
1767 725 1727 2437
1768 672 2436 1727
1769 1027 2437 2436
1770 2436 2437 1727
1771 837 1996 2439
1772 1218 2438 1996
1773 1262 2439 2438
1774 2438 2439 1996
1775 809 2441 1994
1776 1261 2440 2441
1777 1218 1994 2440
1778 2440 1994 2441
1779 1014 2444 2443
1780 1262 2442 2444
1781 1261 2443 2442
1782 2442 2443 2444
1783 1261 2442 2440
1784 1262 2438 2442
1785 1218 2440 2438
1786 2438 2440 2442
1787 764 2447 2446
1788 1479 2445 2447
1789 1478 2446 2445
1790 2445 2446 2447
1791 755 2450 2449
1792 1477 2448 2450
1793 1479 2449 2448
1794 2448 2449 2450
1795 909 2453 2452
1796 1478 2451 2453
1797 1477 2452 2451
1798 2451 2452 2453
1799 1477 2451 2448
1800 1478 2445 2451
1801 1479 2448 2445
1802 2445 2448 2451
1803 685 2455 2364
1804 1022 2454 2455
1805 1191 2364 2454
1806 2454 2364 2455
1807 851 1691 2457
1808 1415 2456 1691
1809 1481 2457 2456
1810 2456 2457 1691
1811 232 2459 1689
1812 1480 2458 2459
1813 1415 1689 2458
1814 2458 1689 2459
1815 945 2462 2461
1816 1481 2460 2462
1817 1480 2461 2460
1818 2460 2461 2462
1819 1480 2460 2458
1820 1481 2456 2460
1821 1415 2458 2456
1822 2456 2458 2460
1823 994 2465 2464
1824 771 2463 2465
1825 1079 2464 2463
1826 2463 2464 2465
1827 826 2254 2467
1828 617 2466 2254
1829 1113 2467 2466
1830 2466 2467 2254
1831 709 2469 2468
1832 744 1875 2469
1833 849 2468 1875
1834 1875 2468 2469
1835 11 2471 2433
1836 1264 2470 2471
1837 1259 2433 2470
1838 2470 2433 2471
1839 6 2474 2473
1840 1263 2472 2474
1841 1264 2473 2472
1842 2472 2473 2474
1843 1184 2435 2476
1844 1259 2475 2435
1845 1263 2476 2475
1846 2475 2476 2435
1847 1263 2475 2472
1848 1259 2470 2475
1849 1264 2472 2470
1850 2470 2472 2475
1851 433 2479 2478
1852 428 2477 2479
1853 898 2478 2477
1854 2477 2478 2479
1855 960 2482 2481
1856 1009 2480 2482
1857 1183 2481 2480
1858 2480 2481 2482
1859 875 1818 2484
1860 727 2483 1818
1861 964 2484 2483
1862 2483 2484 1818
1863 755 2449 2045
1864 1479 2485 2449
1865 1440 2045 2485
1866 2485 2045 2449
1867 764 2487 2447
1868 1482 2486 2487
1869 1479 2447 2486
1870 2486 2447 2487
1871 902 2047 2489
1872 1440 2488 2047
1873 1482 2489 2488
1874 2488 2489 2047
1875 1482 2488 2486
1876 1440 2485 2488
1877 1479 2486 2485
1878 2485 2486 2488
1879 672 1748 2491
1880 756 2490 1748
1881 888 2491 2490
1882 2490 2491 1748
1883 1047 2494 2493
1884 678 2492 2494
1885 1192 2493 2492
1886 2492 2493 2494
1887 628 2497 2496
1888 874 2495 2497
1889 931 2496 2495
1890 2495 2496 2497
1891 884 2111 2499
1892 1447 2498 2111
1893 1484 2499 2498
1894 2498 2499 2111
1895 106 2501 2109
1896 1483 2500 2501
1897 1447 2109 2500
1898 2500 2109 2501
1899 1108 2504 2503
1900 1484 2502 2504
1901 1483 2503 2502
1902 2502 2503 2504
1903 1483 2502 2500
1904 1484 2498 2502
1905 1447 2500 2498
1906 2498 2500 2502
1907 859 2506 2505
1908 612 1746 2506
1909 1103 2505 1746
1910 1746 2505 2506
1911 701 2416 2508
1912 861 2507 2416
1913 1139 2508 2507
1914 2507 2508 2416
1915 721 2219 2510
1916 793 2509 2219
1917 885 2510 2509
1918 2509 2510 2219
1919 36 2513 2512
1920 31 2511 2513
1921 905 2512 2511
1922 2511 2512 2513
1923 958 2516 2515
1924 747 2514 2516
1925 993 2515 2514
1926 2514 2515 2516
1927 689 2518 2406
1928 1486 2517 2518
1929 1473 2406 2517
1930 2517 2406 2518
1931 893 2521 2520
1932 1485 2519 2521
1933 1486 2520 2519
1934 2519 2520 2521
1935 987 2408 2523
1936 1473 2522 2408
1937 1485 2523 2522
1938 2522 2523 2408
1939 1485 2522 2519
1940 1473 2517 2522
1941 1486 2519 2517
1942 2517 2519 2522
1943 523 2526 2525
1944 1267 2524 2526
1945 1266 2525 2524
1946 2524 2525 2526
1947 518 2529 2528
1948 1265 2527 2529
1949 1267 2528 2527
1950 2527 2528 2529
1951 896 2532 2531
1952 1266 2530 2532
1953 1265 2531 2530
1954 2530 2531 2532
1955 1265 2530 2527
1956 1266 2524 2530
1957 1267 2527 2524
1958 2524 2527 2530
1959 890 1714 2534
1960 641 2533 1714
1961 944 2534 2533
1962 2533 2534 1714
1963 635 1683 2536
1964 730 2535 1683
1965 976 2536 2535
1966 2535 2536 1683
1967 71 2539 2538
1968 66 2537 2539
1969 878 2538 2537
1970 2537 2538 2539
1971 796 2541 2540
1972 1025 1858 2541
1973 1140 2540 1858
1974 1858 2540 2541
1975 634 2251 2131
1976 833 2542 2251
1977 841 2131 2542
1978 2542 2131 2251
1979 609 2544 2543
1980 608 2192 2544
1981 810 2543 2192
1982 2192 2543 2544
1983 732 2546 2008
1984 835 2545 2546
1985 905 2008 2545
1986 2545 2008 2546
1987 702 2117 2548
1988 763 2547 2117
1989 907 2548 2547
1990 2547 2548 2117
1991 665 2317 2549
1992 784 1974 2317
1993 962 2549 1974
1994 1974 2549 2317
1995 679 2078 2551
1996 1232 2550 2078
1997 1269 2551 2550
1998 2550 2551 2078
1999 937 2553 2076
2000 1268 2552 2553
2001 1232 2076 2552
2002 2552 2076 2553
2003 1129 2556 2555
2004 1269 2554 2556
2005 1268 2555 2554
2006 2554 2555 2556
2007 1268 2554 2552
2008 1269 2550 2554
2009 1232 2552 2550
2010 2550 2552 2554
2011 624 2559 2558
2012 914 2557 2559
2013 980 2558 2557
2014 2557 2558 2559
2015 802 2562 2561
2016 766 2560 2562
2017 1085 2561 2560
2018 2560 2561 2562
2019 548 2565 2564
2020 543 2563 2565
2021 941 2564 2563
2022 2563 2564 2565
2023 443 2568 2567
2024 438 2566 2568
2025 900 2567 2566
2026 2566 2567 2568
2027 671 1826 2569
2028 771 2465 1826
2029 994 2569 2465
2030 2465 2569 1826
2031 277 2572 2571
2032 272 2570 2572
2033 903 2571 2570
2034 2570 2571 2572
2035 613 2573 2363
2036 612 2506 2573
2037 859 2363 2506
2038 2506 2363 2573
2039 657 2575 2574
2040 838 2228 2575
2041 1069 2574 2228
2042 2228 2574 2575
2043 662 2578 2577
2044 1272 2576 2578
2045 1271 2577 2576
2046 2576 2577 2578
2047 1159 2581 2580
2048 1270 2579 2581
2049 1272 2580 2579
2050 2579 2580 2581
2051 1195 2584 2583
2052 1271 2582 2584
2053 1270 2583 2582
2054 2582 2583 2584
2055 1270 2582 2579
2056 1271 2576 2582
2057 1272 2579 2576
2058 2576 2579 2582
2059 917 1917 2586
2060 717 2585 1917
2061 952 2586 2585
2062 2585 2586 1917
2063 237 1685 2588
2064 1416 2587 1685
2065 1488 2588 2587
2066 2587 2588 1685
2067 851 2590 1692
2068 1487 2589 2590
2069 1416 1692 2589
2070 2589 1692 2590
2071 947 2593 2592
2072 1488 2591 2593
2073 1487 2592 2591
2074 2591 2592 2593
2075 1487 2591 2589
2076 1488 2587 2591
2077 1416 2589 2587
2078 2587 2589 2591
2079 660 2595 2594
2080 924 2265 2595
2081 1040 2594 2265
2082 2265 2594 2595
2083 202 2598 2597
2084 1491 2596 2598
2085 1490 2597 2596
2086 2596 2597 2598
2087 910 2601 2600
2088 1489 2599 2601
2089 1491 2600 2599
2090 2599 2600 2601
2091 956 2604 2603
2092 1490 2602 2604
2093 1489 2603 2602
2094 2602 2603 2604
2095 1489 2602 2599
2096 1490 2596 2602
2097 1491 2599 2596
2098 2596 2599 2602
2099 643 2606 1914
2100 951 2605 2606
2101 1078 1914 2605
2102 2605 1914 2606
2103 740 2608 2607
2104 766 2562 2608
2105 802 2607 2562
2106 2562 2607 2608
2107 618 2610 2609
2108 617 1925 2610
2109 901 2609 1925
2110 1925 2609 2610
2111 772 2613 2612
2112 744 2611 2613
2113 1111 2612 2611
2114 2611 2612 2613
2115 897 1860 2615
2116 725 2614 1860
2117 969 2615 2614
2118 2614 2615 1860
2119 721 2617 2217
2120 865 2616 2617
2121 1048 2217 2616
2122 2616 2217 2617
2123 629 2619 1851
2124 772 2618 2619
2125 1066 1851 2618
2126 2618 1851 2619
2127 847 2115 2621
2128 639 2620 2115
2129 1111 2621 2620
2130 2620 2621 2115
2131 910 2600 2623
2132 1491 2622 2600
2133 1492 2623 2622
2134 2622 2623 2600
2135 202 1933 2598
2136 1436 2624 1933
2137 1491 2598 2624
2138 2624 2598 1933
2139 966 2626 1931
2140 1492 2625 2626
2141 1436 1931 2625
2142 2625 1931 2626
2143 1436 2625 2624
2144 1492 2622 2625
2145 1491 2624 2622
2146 2622 2624 2625
2147 916 2361 1897
2148 859 2627 2361
2149 1094 1897 2627
2150 2627 1897 2361
2151 714 2630 2629
2152 922 2628 2630
2153 1062 2629 2628
2154 2628 2629 2630
2155 754 1816 2632
2156 991 2631 1816
2157 1167 2632 2631
2158 2631 2632 1816
2159 968 2635 2634
2160 1275 2633 2635
2161 1274 2634 2633
2162 2633 2634 2635
2163 713 2638 2637
2164 1273 2636 2638
2165 1275 2637 2636
2166 2636 2637 2638
2167 1159 2641 2640
2168 1274 2639 2641
2169 1273 2640 2639
2170 2639 2640 2641
2171 1273 2639 2636
2172 1274 2633 2639
2173 1275 2636 2633
2174 2633 2636 2639
2175 768 2644 2643
2176 1494 2642 2644
2177 1493 2643 2642
2178 2642 2643 2644
2179 689 1771 2646
2180 1423 2645 1771
2181 1494 2646 2645
2182 2645 2646 1771
2183 870 2648 1778
2184 1493 2647 2648
2185 1423 1778 2647
2186 2647 1778 2648
2187 1423 2647 2645
2188 1493 2642 2647
2189 1494 2645 2642
2190 2642 2645 2647
2191 677 2651 2650
2192 1004 2649 2651
2193 1044 2650 2649
2194 2649 2650 2651
2195 609 2543 2653
2196 810 2652 2543
2197 996 2653 2652
2198 2652 2653 2543
2199 723 2196 2654
2200 639 2114 2196
2201 883 2654 2114
2202 2114 2654 2196
2203 847 2656 2113
2204 770 2655 2656
2205 883 2113 2655
2206 2655 2113 2656
2207 971 2659 2658
2208 1039 2657 2659
2209 1194 2658 2657
2210 2657 2658 2659
2211 922 2661 2628
2212 735 2660 2661
2213 1062 2628 2660
2214 2660 2628 2661
2215 647 1817 2663
2216 754 2662 1817
2217 974 2663 2662
2218 2662 2663 1817
2219 803 2178 2665
2220 805 2664 2178
2221 944 2665 2664
2222 2664 2665 2178
2223 858 1835 2667
2224 647 2666 1835
2225 891 2667 2666
2226 2666 2667 1835
2227 744 2613 1873
2228 772 2668 2613
2229 1073 1873 2668
2230 2668 1873 2613
2231 660 2670 2595
2232 753 2669 2670
2233 924 2595 2669
2234 2669 2595 2670
2235 637 2339 2672
2236 736 2671 2339
2237 858 2672 2671
2238 2671 2672 2339
2239 695 2130 2425
2240 758 2673 2130
2241 899 2425 2673
2242 2673 2425 2130
2243 488 1978 2144
2244 1216 2674 1978
2245 1233 2144 2674
2246 2674 2144 1978
2247 853 2676 1985
2248 1276 2675 2676
2249 1216 1985 2675
2250 2675 1985 2676
2251 935 2146 2678
2252 1233 2677 2146
2253 1276 2678 2677
2254 2677 2678 2146
2255 1276 2677 2675
2256 1233 2674 2677
2257 1216 2675 2674
2258 2674 2675 2677
2259 1087 1833 2680
2260 858 2679 1833
2261 1170 2680 2679
2262 2679 2680 1833
2263 727 1820 2682
2264 761 2681 1820
2265 1042 2682 2681
2266 2681 2682 1820
2267 1085 2685 2684
2268 644 2683 2685
2269 1495 2684 2683
2270 2683 2684 2685
2271 1085 2684 2687
2272 1495 2686 2684
2273 972 2687 2686
2274 2686 2687 2684
2275 478 2690 2689
2276 1279 2688 2690
2277 1278 2689 2688
2278 2688 2689 2690
2279 473 2693 2692
2280 1277 2691 2693
2281 1279 2692 2691
2282 2691 2692 2693
2283 927 2696 2695
2284 1278 2694 2696
2285 1277 2695 2694
2286 2694 2695 2696
2287 1277 2694 2691
2288 1278 2688 2694
2289 1279 2691 2688
2290 2688 2691 2694
2291 958 2699 2698
2292 791 2697 2699
2293 1115 2698 2697
2294 2697 2698 2699
2295 643 2701 2700
2296 736 2338 2701
2297 818 2700 2338
2298 2338 2700 2701
2299 688 2703 2702
2300 847 1866 2703
2301 873 2702 1866
2302 1866 2702 2703
2303 814 2344 2705
2304 648 2704 2344
2305 1119 2705 2704
2306 2704 2705 2344
2307 778 1783 2706
2308 843 2376 1783
2309 1084 2706 2376
2310 2376 2706 1783
2311 558 2709 2708
2312 553 2707 2709
2313 949 2708 2707
2314 2707 2708 2709
2315 882 2712 2711
2316 774 2710 2712
2317 1161 2711 2710
2318 2710 2711 2712
2319 911 2394 2714
2320 1255 2713 2394
2321 1281 2714 2713
2322 2713 2714 2394
2323 662 2716 2392
2324 1280 2715 2716
2325 1255 2392 2715
2326 2715 2392 2716
2327 1148 2719 2718
2328 1281 2717 2719
2329 1280 2718 2717
2330 2717 2718 2719
2331 1280 2717 2715
2332 1281 2713 2717
2333 1255 2715 2713
2334 2713 2715 2717
2335 21 2722 2721
2336 16 2720 2722
2337 952 2721 2720
2338 2720 2721 2722
2339 812 1968 2724
2340 1437 2723 1968
2341 1497 2724 2723
2342 2723 2724 1968
2343 751 2726 1965
2344 1496 2725 2726
2345 1437 1965 2725
2346 2725 1965 2726
2347 1124 2729 2728
2348 1497 2727 2729
2349 1496 2728 2727
2350 2727 2728 2729
2351 1496 2727 2725
2352 1497 2723 2727
2353 1437 2725 2723
2354 2723 2725 2727
2355 755 2167 2731
2356 1454 2730 2167
2357 1498 2731 2730
2358 2730 2731 2167
2359 704 2304 2165
2360 1465 2732 2304
2361 1454 2165 2732
2362 2732 2165 2304
2363 972 2734 2301
2364 1498 2733 2734
2365 1465 2301 2733
2366 2733 2301 2734
2367 1465 2733 2732
2368 1498 2730 2733
2369 1454 2732 2730
2370 2730 2732 2733
2371 952 2585 1857
2372 717 2735 2585
2373 1140 1857 2735
2374 2735 1857 2585
2375 802 2381 2737
2376 876 2736 2381
2377 1154 2737 2736
2378 2736 2737 2381
2379 923 2739 2738
2380 703 2266 2739
2381 924 2738 2266
2382 2266 2738 2739
2383 932 2742 2741
2384 1501 2740 2742
2385 1500 2741 2740
2386 2740 2741 2742
2387 773 2745 2744
2388 1499 2743 2745
2389 1501 2744 2743
2390 2743 2744 2745
2391 1110 2748 2747
2392 1500 2746 2748
2393 1499 2747 2746
2394 2746 2747 2748
2395 1499 2746 2743
2396 1500 2740 2746
2397 1501 2743 2740
2398 2740 2743 2746
2399 408 1813 2750
2400 1137 2749 1813
2401 1152 2750 2749
2402 2749 2750 1813
2403 868 2752 1836
2404 650 2751 2752
2405 967 1836 2751
2406 2751 1836 2752
2407 795 2153 2754
2408 642 2753 2153
2409 1125 2754 2753
2410 2753 2754 2153
2411 56 1895 2755
2412 863 1832 1895
2413 936 2755 1832
2414 1832 2755 1895
2415 747 2516 2756
2416 958 2698 2516
2417 1115 2756 2698
2418 2698 2756 2516
2419 861 2415 2758
2420 799 2757 2415
2421 1047 2758 2757
2422 2757 2758 2415
2423 16 2759 2720
2424 917 2586 2759
2425 952 2720 2586
2426 2586 2720 2759
2427 826 2762 2761
2428 1059 2760 2762
2429 1193 2761 2760
2430 2760 2761 2762
2431 727 2764 2483
2432 825 2763 2764
2433 964 2483 2763
2434 2763 2483 2764
2435 1159 2766 2581
2436 1283 2765 2766
2437 1270 2581 2765
2438 2765 2581 2766
2439 712 2769 2768
2440 1282 2767 2769
2441 1283 2768 2767
2442 2767 2768 2769
2443 1195 2583 2771
2444 1270 2770 2583
2445 1282 2771 2770
2446 2770 2771 2583
2447 1282 2770 2767
2448 1270 2765 2770
2449 1283 2767 2765
2450 2765 2767 2770
2451 866 2774 2773
2452 631 2772 2774
2453 1284 2773 2772
2454 2772 2773 2774
2455 866 2773 2776
2456 1284 2775 2773
2457 940 2776 2775
2458 2775 2776 2773
2459 645 2778 1782
2460 828 2777 2778
2461 843 1782 2777
2462 2777 1782 2778
2463 790 2781 2780
2464 615 2779 2781
2465 1054 2780 2779
2466 2779 2780 2781
2467 858 2671 2679
2468 736 2782 2671
2469 1170 2679 2782
2470 2782 2679 2671
2471 905 2545 2784
2472 835 2783 2545
2473 1061 2784 2783
2474 2783 2784 2545
2475 902 2489 2223
2476 1482 2785 2489
2477 1461 2223 2785
2478 2785 2223 2489
2479 764 2787 2487
2480 1502 2786 2787
2481 1482 2487 2786
2482 2786 2487 2787
2483 1050 2225 2789
2484 1461 2788 2225
2485 1502 2789 2788
2486 2788 2789 2225
2487 1502 2788 2786
2488 1461 2785 2788
2489 1482 2786 2785
2490 2785 2786 2788
2491 794 2792 2791
2492 848 2790 2792
2493 1175 2791 2790
2494 2790 2791 2792
2495 942 2795 2794
2496 668 2793 2795
2497 960 2794 2793
2498 2793 2794 2795
2499 983 2352 2797
2500 1248 2796 2352
2501 1286 2797 2796
2502 2796 2797 2352
2503 503 2799 2350
2504 1285 2798 2799
2505 1248 2350 2798
2506 2798 2350 2799
2507 1074 2802 2801
2508 1286 2800 2802
2509 1285 2801 2800
2510 2800 2801 2802
2511 1285 2800 2798
2512 1286 2796 2800
2513 1248 2798 2796
2514 2796 2798 2800
2515 141 2805 2804
2516 136 2803 2805
2517 906 2804 2803
2518 2803 2804 2805
2519 707 1922 2807
2520 783 2806 1922
2521 841 2807 2806
2522 2806 2807 1922
2523 1005 2810 2809
2524 705 2808 2810
2525 1089 2809 2808
2526 2808 2809 2810
2527 739 2812 2811
2528 860 2186 2812
2529 1051 2811 2186
2530 2186 2811 2812
2531 1016 2815 2814
2532 794 2813 2815
2533 1048 2814 2813
2534 2813 2814 2815
2535 759 2190 2817
2536 610 2816 2190
2537 931 2817 2816
2538 2816 2817 2190
2539 637 2672 2818
2540 858 2667 2672
2541 891 2818 2667
2542 2667 2818 2672
2543 282 2821 2820
2544 277 2819 2821
2545 919 2820 2819
2546 2819 2820 2821
2547 651 2824 2823
2548 795 2822 2824
2549 1005 2823 2822
2550 2822 2823 2824
2551 638 2826 2825
2552 946 2011 2826
2553 1018 2825 2011
2554 2011 2825 2826
2555 845 1720 2010
2556 648 2343 1720
2557 1018 2010 2343
2558 2343 2010 1720
2559 16 2828 2827
2560 11 2432 2828
2561 1260 2827 2432
2562 2432 2827 2828
2563 16 2827 2759
2564 1260 2430 2827
2565 917 2759 2430
2566 2430 2759 2827
2567 797 2830 1908
2568 625 2829 2830
2569 806 1908 2829
2570 2829 1908 2830
2571 757 1669 2832
2572 701 2831 1669
2573 912 2832 2831
2574 2831 2832 1669
2575 808 2835 2834
2576 1504 2833 2835
2577 1503 2834 2833
2578 2833 2834 2835
2579 116 1729 2837
2580 1419 2836 1729
2581 1504 2837 2836
2582 2836 2837 1729
2583 1133 2839 1736
2584 1503 2838 2839
2585 1419 1736 2838
2586 2838 1736 2839
2587 1419 2838 2836
2588 1503 2833 2838
2589 1504 2836 2833
2590 2833 2836 2838
2591 688 2702 2841
2592 873 2840 2702
2593 874 2841 2840
2594 2840 2841 2702
2595 895 2844 2843
2596 973 2842 2844
2597 1051 2843 2842
2598 2842 2843 2844
2599 855 1918 2845
2600 917 2030 1918
2601 1224 2845 2030
2602 2030 2845 1918
2603 855 2845 2023
2604 1224 2028 2845
2605 767 2023 2028
2606 2028 2023 2845
2607 1056 2848 2847
2608 1289 2846 2848
2609 1288 2847 2846
2610 2846 2847 2848
2611 839 2851 2850
2612 1287 2849 2851
2613 1289 2850 2849
2614 2849 2850 2851
2615 1074 2854 2853
2616 1288 2852 2854
2617 1287 2853 2852
2618 2852 2853 2854
2619 1287 2852 2849
2620 1288 2846 2852
2621 1289 2849 2846
2622 2846 2849 2852
2623 715 2856 2855
2624 845 2012 2856
2625 946 2855 2012
2626 2012 2855 2856
2627 654 2858 2857
2628 971 2658 2858
2629 1194 2857 2658
2630 2658 2857 2858
2631 96 2861 2860
2632 1507 2859 2861
2633 1506 2860 2859
2634 2859 2860 2861
2635 893 2864 2863
2636 1505 2862 2864
2637 1507 2863 2862
2638 2862 2863 2864
2639 986 2867 2866
2640 1506 2865 2867
2641 1505 2866 2865
2642 2865 2866 2867
2643 1505 2865 2862
2644 1506 2859 2865
2645 1507 2862 2859
2646 2859 2862 2865
2647 824 2869 2174
2648 1508 2868 2869
2649 1455 2174 2868
2650 2868 2174 2869
2651 644 1740 2871
2652 1421 2870 1740
2653 1508 2871 2870
2654 2870 2871 1740
2655 1023 2176 1737
2656 1455 2872 2176
2657 1421 1737 2872
2658 2872 1737 2176
2659 1421 2872 2870
2660 1455 2868 2872
2661 1508 2870 2868
2662 2868 2870 2872
2663 860 2035 2874
2664 126 2873 2035
2665 904 2874 2873
2666 2873 2874 2035
2667 791 2876 2697
2668 714 2875 2876
2669 1115 2697 2875
2670 2875 2697 2876
2671 672 2878 2436
2672 881 2877 2878
2673 1027 2436 2877
2674 2877 2436 2878
2675 734 2881 2880
2676 1291 2879 2881
2677 1290 2880 2879
2678 2879 2880 2881
2679 713 2637 2883
2680 1275 2882 2637
2681 1291 2883 2882
2682 2882 2883 2637
2683 968 2885 2635
2684 1290 2884 2885
2685 1275 2635 2884
2686 2884 2635 2885
2687 1275 2884 2882
2688 1290 2879 2884
2689 1291 2882 2879
2690 2879 2882 2884
2691 748 1945 2064
2692 1212 2886 1945
2693 1229 2064 2886
2694 2886 2064 1945
2695 196 2888 1943
2696 1292 2887 2888
2697 1212 1943 2887
2698 2887 1943 2888
2699 939 2066 2890
2700 1229 2889 2066
2701 1292 2890 2889
2702 2889 2890 2066
2703 1292 2889 2887
2704 1229 2886 2889
2705 1212 2887 2886
2706 2886 2887 2889
2707 655 2893 2892
2708 814 2891 2893
2709 925 2892 2891
2710 2891 2892 2893
2711 611 2894 1904
2712 610 2189 2894
2713 1103 1904 2189
2714 2189 1904 2894
2715 820 2896 1960
2716 640 2895 2896
2717 1104 1960 2895
2718 2895 1960 2896
2719 768 2643 2898
2720 1493 2897 2643
2721 1510 2898 2897
2722 2897 2898 2643
2723 870 2900 2648
2724 1509 2899 2900
2725 1493 2648 2899
2726 2899 2648 2900
2727 957 2903 2902
2728 1510 2901 2903
2729 1509 2902 2901
2730 2901 2902 2903
2731 1509 2901 2899
2732 1510 2897 2901
2733 1493 2899 2897
2734 2897 2899 2901
2735 186 2181 2905
2736 892 2904 2181
2737 1142 2905 2904
2738 2904 2905 2181
2739 207 2908 2907
2740 1512 2906 2908
2741 1511 2907 2906
2742 2906 2907 2908
2743 202 2597 2910
2744 1490 2909 2597
2745 1512 2910 2909
2746 2909 2910 2597
2747 956 2912 2604
2748 1511 2911 2912
2749 1490 2604 2911
2750 2911 2604 2912
2751 1490 2911 2909
2752 1511 2906 2911
2753 1512 2909 2906
2754 2906 2909 2911
2755 907 2547 2914
2756 763 2913 2547
2757 997 2914 2913
2758 2913 2914 2547
2759 812 1662 2916
2760 1409 2915 1662
2761 1514 2916 2915
2762 2915 2916 1662
2763 711 2918 1660
2764 1513 2917 2918
2765 1409 1660 2917
2766 2917 1660 2918
2767 1189 2921 2920
2768 1514 2919 2921
2769 1513 2920 2919
2770 2919 2920 2921
2771 1513 2919 2917
2772 1514 2915 2919
2773 1409 2917 2915
2774 2915 2917 2919
2775 809 2272 2923
2776 1243 2922 2272
2777 1293 2923 2922
2778 2922 2923 2272
2779 911 2714 2277
2780 1281 2924 2714
2781 1243 2277 2924
2782 2924 2277 2714
2783 1148 2926 2719
2784 1293 2925 2926
2785 1281 2719 2925
2786 2925 2719 2926
2787 1281 2925 2924
2788 1293 2922 2925
2789 1243 2924 2922
2790 2922 2924 2925
2791 888 2929 2928
2792 1119 2927 2929
2793 1147 2928 2927
2794 2927 2928 2929
2795 212 2932 2931
2796 1517 2930 2932
2797 1516 2931 2930
2798 2930 2931 2932
2799 207 2935 2934
2800 1515 2933 2935
2801 1517 2934 2933
2802 2933 2934 2935
2803 957 2938 2937
2804 1516 2936 2938
2805 1515 2937 2936
2806 2936 2937 2938
2807 1515 2936 2933
2808 1516 2930 2936
2809 1517 2933 2930
2810 2930 2933 2936
2811 493 2140 2940
2812 1234 2939 2140
2813 1295 2940 2939
2814 2939 2940 2140
2815 935 2942 2147
2816 1294 2941 2942
2817 1234 2147 2941
2818 2941 2147 2942
2819 1056 2945 2944
2820 1295 2943 2945
2821 1294 2944 2943
2822 2943 2944 2945
2823 1294 2943 2941
2824 1295 2939 2943
2825 1234 2941 2939
2826 2939 2941 2943
2827 679 2947 2079
2828 1297 2946 2947
2829 1230 2079 2946
2830 2946 2079 2947
2831 968 2950 2949
2832 1296 2948 2950
2833 1297 2949 2948
2834 2948 2949 2950
2835 1114 2081 2952
2836 1230 2951 2081
2837 1296 2952 2951
2838 2951 2952 2081
2839 1296 2951 2948
2840 1230 2946 2951
2841 1297 2948 2946
2842 2946 2948 2951
2843 879 1763 2954
2844 633 2953 1763
2845 1028 2954 2953
2846 2953 2954 1763
2847 718 2957 2956
2848 793 2955 2957
2849 794 2956 2955
2850 2955 2956 2957
2851 663 2960 2959
2852 1299 2958 2960
2853 1298 2959 2958
2854 2958 2959 2960
2855 837 2439 2962
2856 1262 2961 2439
2857 1299 2962 2961
2858 2961 2962 2439
2859 1014 2964 2444
2860 1298 2963 2964
2861 1262 2444 2963
2862 2963 2444 2964
2863 1262 2963 2961
2864 1298 2958 2963
2865 1299 2961 2958
2866 2958 2961 2963
2867 621 2967 2966
2868 620 2965 2967
2869 840 2966 2965
2870 2965 2966 2967
2871 453 2970 2969
2872 448 2968 2970
2873 929 2969 2968
2874 2968 2969 2970
2875 626 2972 2971
2876 1016 2814 2972
2877 1048 2971 2814
2878 2814 2971 2972
2879 649 2413 2973
2880 661 2207 2413
2881 1010 2973 2207
2882 2207 2973 2413
2883 688 2841 2975
2884 874 2974 2841
2885 985 2975 2974
2886 2974 2975 2841
2887 685 1969 2977
2888 812 2976 1969
2889 1518 2977 2976
2890 2976 2977 1969
2891 685 2977 2979
2892 1518 2978 2977
2893 1134 2979 2978
2894 2978 2979 2977
2895 653 1781 2980
2896 680 2093 1781
2897 829 2980 2093
2898 2093 2980 1781
2899 621 2983 2982
2900 885 2981 2983
2901 1037 2982 2981
2902 2981 2982 2983
2903 61 2985 2984
2904 56 2755 2985
2905 936 2984 2755
2906 2755 2984 2985
2907 719 2987 2986
2908 1087 2680 2987
2909 1170 2986 2680
2910 2680 2986 2987
2911 1011 2990 2989
2912 835 2988 2990
2913 1190 2989 2988
2914 2988 2989 2990
2915 909 2993 2992
2916 1521 2991 2993
2917 1520 2992 2991
2918 2991 2992 2993
2919 666 2996 2995
2920 1519 2994 2996
2921 1521 2995 2994
2922 2994 2995 2996
2923 1117 2999 2998
2924 1520 2997 2999
2925 1519 2998 2997
2926 2997 2998 2999
2927 1519 2997 2994
2928 1520 2991 2997
2929 1521 2994 2991
2930 2991 2994 2997
2931 714 3001 2875
2932 674 3000 3001
2933 1115 2875 3000
2934 3000 2875 3001
2935 696 3003 1911
2936 829 3002 3003
2937 866 1911 3002
2938 3002 1911 3003
2939 724 3005 3004
2940 675 2427 3005
2941 1081 3004 2427
2942 2427 3004 3005
2943 861 3007 2507
2944 626 3006 3007
2945 1139 2507 3006
2946 3006 2507 3007
2947 671 3010 3009
2948 914 3008 3010
2949 1163 3009 3008
2950 3008 3009 3010
2951 705 3013 3012
2952 821 3011 3013
2953 1138 3012 3011
2954 3011 3012 3013
2955 750 3015 3014
2956 1011 2989 3015
2957 1190 3014 2989
2958 2989 3014 3015
2959 968 2949 3017
2960 1297 3016 2949
2961 1301 3017 3016
2962 3016 3017 2949
2963 679 3019 2947
2964 1300 3018 3019
2965 1297 2947 3018
2966 3018 2947 3019
2967 1146 3022 3021
2968 1301 3020 3022
2969 1300 3021 3020
2970 3020 3021 3022
2971 1300 3020 3018
2972 1301 3016 3020
2973 1297 3018 3016
2974 3016 3018 3020
2975 785 3024 1865
2976 710 3023 3024
2977 873 1865 3023
2978 3023 1865 3024
2979 823 1759 3026
2980 1199 3025 1759
2981 1302 3026 3025
2982 3025 3026 1759
2983 508 2346 1757
2984 1249 3027 2346
2985 1199 1757 3027
2986 3027 1757 2346
2987 983 3029 2353
2988 1302 3028 3029
2989 1249 2353 3028
2990 3028 2353 3029
2991 1249 3028 3027
2992 1302 3025 3028
2993 1199 3027 3025
2994 3025 3027 3028
2995 1119 2704 2927
2996 648 3030 2704
2997 1147 2927 3030
2998 3030 2927 2704
2999 745 1721 3032
3000 845 3031 1721
3001 1107 3032 3031
3002 3031 3032 1721
3003 700 3035 3034
3004 913 3033 3035
3005 1039 3034 3033
3006 3033 3034 3035
3007 691 1656 3037
3008 1410 3036 1656
3009 1522 3037 3036
3010 3036 3037 1656
3011 812 2724 1663
3012 1497 3038 2724
3013 1410 1663 3038
3014 3038 1663 2724
3015 1124 3040 2729
3016 1522 3039 3040
3017 1497 2729 3039
3018 3039 2729 3040
3019 1497 3039 3038
3020 1522 3036 3039
3021 1410 3038 3036
3022 3036 3038 3039
3023 196 3042 2888
3024 1304 3041 3042
3025 1292 2888 3041
3026 3041 2888 3042
3027 191 3045 3044
3028 1303 3043 3045
3029 1304 3044 3043
3030 3043 3044 3045
3031 939 2890 3047
3032 1292 3046 2890
3033 1303 3047 3046
3034 3046 3047 2890
3035 1303 3046 3043
3036 1292 3041 3046
3037 1304 3043 3041
3038 3041 3043 3046
3039 920 1928 3048
3040 646 1718 1928
3041 1029 3048 1718
3042 1718 3048 1928
3043 876 2380 3050
3044 704 3049 2380
3045 1181 3050 3049
3046 3049 3050 2380
3047 871 3053 3052
3048 1307 3051 3053
3049 1306 3052 3051
3050 3051 3052 3053
3051 969 3056 3055
3052 1305 3054 3056
3053 1307 3055 3054
3054 3054 3055 3056
3055 1180 3059 3058
3056 1306 3057 3059
3057 1305 3058 3057
3058 3057 3058 3059
3059 1305 3057 3054
3060 1306 3051 3057
3061 1307 3054 3051
3062 3051 3054 3057
3063 979 3062 3061
3064 676 3060 3062
3065 1128 3061 3060
3066 3060 3061 3062
3067 626 2971 3006
3068 1048 3063 2971
3069 1139 3006 3063
3070 3063 3006 2971
3071 666 3066 3065
3072 1524 3064 3066
3073 1523 3065 3064
3074 3064 3065 3066
3075 932 2741 3068
3076 1500 3067 2741
3077 1524 3068 3067
3078 3067 3068 2741
3079 1110 3070 2748
3080 1523 3069 3070
3081 1500 2748 3069
3082 3069 2748 3070
3083 1500 3069 3067
3084 1523 3064 3069
3085 1524 3067 3064
3086 3064 3067 3069
3087 568 3073 3072
3088 563 3071 3073
3089 970 3072 3071
3090 3071 3072 3073
3091 725 3075 3074
3092 1180 3058 3075
3093 1305 3074 3058
3094 3058 3074 3075
3095 725 3074 2614
3096 1305 3056 3074
3097 969 2614 3056
3098 3056 2614 3074
3099 151 3078 3077
3100 146 3076 3078
3101 934 3077 3076
3102 3076 3077 3078
3103 669 3081 3080
3104 693 3079 3081
3105 694 3080 3079
3106 3079 3080 3081
3107 870 1777 3083
3108 1422 3082 1777
3109 1526 3083 3082
3110 3082 3083 1777
3111 816 3085 1775
3112 1525 3084 3085
3113 1422 1775 3084
3114 3084 1775 3085
3115 1127 3088 3087
3116 1526 3086 3088
3117 1525 3087 3086
3118 3086 3087 3088
3119 1525 3086 3084
3120 1526 3082 3086
3121 1422 3084 3082
3122 3082 3084 3086
3123 721 2510 3090
3124 885 3089 2510
3125 1128 3090 3089
3126 3089 3090 2510
3127 843 2777 1717
3128 828 3091 2777
3129 1029 1717 3091
3130 3091 1717 2777
3131 817 2358 3093
3132 1252 3092 2358
3133 1309 3093 3092
3134 3092 3093 2358
3135 681 3095 2356
3136 1308 3094 3095
3137 1252 2356 3094
3138 3094 2356 3095
3139 1141 3098 3097
3140 1309 3096 3098
3141 1308 3097 3096
3142 3096 3097 3098
3143 1308 3096 3094
3144 1309 3092 3096
3145 1252 3094 3092
3146 3092 3094 3096
3147 377 3101 3100
3148 1529 3099 3101
3149 1528 3100 3099
3150 3099 3100 3101
3151 372 3104 3103
3152 1527 3102 3104
3153 1529 3103 3102
3154 3102 3103 3104
3155 982 3107 3106
3156 1528 3105 3107
3157 1527 3106 3105
3158 3105 3106 3107
3159 1527 3105 3102
3160 1528 3099 3105
3161 1529 3102 3099
3162 3099 3102 3105
3163 176 3110 3109
3164 171 3108 3110
3165 950 3109 3108
3166 3108 3109 3110
3167 873 3112 2840
3168 759 3111 3112
3169 874 2840 3111
3170 3111 2840 3112
3171 723 2654 3114
3172 883 3113 2654
3173 1028 3114 3113
3174 3113 3114 2654
3175 913 3116 3033
3176 788 3115 3116
3177 1039 3033 3115
3178 3115 3033 3116
3179 780 1646 3117
3180 702 2548 1646
3181 907 3117 2548
3182 2548 3117 1646
3183 828 3118 3091
3184 1010 2383 3118
3185 1029 3091 2383
3186 2383 3091 3118
3187 787 3121 3120
3188 1531 3119 3121
3189 1530 3120 3119
3190 3119 3120 3121
3191 711 2198 3123
3192 1458 3122 2198
3193 1531 3123 3122
3194 3122 3123 2198
3195 978 3125 2205
3196 1530 3124 3125
3197 1458 2205 3124
3198 3124 2205 3125
3199 1458 3124 3122
3200 1530 3119 3124
3201 1531 3122 3119
3202 3119 3122 3124
3203 810 3126 2652
3204 848 2287 3126
3205 996 2652 2287
3206 2287 2652 3126
3207 811 2148 3127
3208 683 1671 2148
3209 1187 3127 1671
3210 1671 3127 2148
3211 913 3129 3128
3212 750 3014 3129
3213 1190 3128 3014
3214 3014 3128 3129
3215 740 2607 3130
3216 802 2737 2607
3217 1154 3130 2737
3218 2737 3130 2607
3219 831 1877 3131
3220 729 2231 1877
3221 918 3131 2231
3222 2231 3131 1877
3223 815 3133 3132
3224 955 2039 3133
3225 977 3132 2039
3226 2039 3132 3133
3227 764 2446 3135
3228 1478 3134 2446
3229 1532 3135 3134
3230 3134 3135 2446
3231 909 2992 2453
3232 1520 3136 2992
3233 1478 2453 3136
3234 3136 2453 2992
3235 1117 3138 2999
3236 1532 3137 3138
3237 1520 2999 3137
3238 3137 2999 3138
3239 1520 3137 3136
3240 1532 3134 3137
3241 1478 3136 3134
3242 3134 3136 3137
3243 979 3141 3140
3244 840 3139 3141
3245 1182 3140 3139
3246 3139 3140 3141
3247 893 2520 2864
3248 1486 3142 2520
3249 1505 2864 3142
3250 3142 2864 2520
3251 689 3144 2518
3252 1533 3143 3144
3253 1486 2518 3143
3254 3143 2518 3144
3255 986 2866 3146
3256 1505 3145 2866
3257 1533 3146 3145
3258 3145 3146 2866
3259 1533 3145 3143
3260 1505 3142 3145
3261 1486 3143 3142
3262 3142 3143 3145
3263 826 3148 2762
3264 790 3147 3148
3265 1059 2762 3147
3266 3147 2762 3148
3267 687 3150 3149
3268 729 1976 3150
3269 963 3149 1976
3270 1976 3149 3150
3271 121 3153 3152
3272 1536 3151 3153
3273 1535 3152 3151
3274 3151 3152 3153
3275 116 3156 3155
3276 1534 3154 3156
3277 1536 3155 3154
3278 3154 3155 3156
3279 872 3159 3158
3280 1535 3157 3159
3281 1534 3158 3157
3282 3157 3158 3159
3283 1534 3157 3154
3284 1535 3151 3157
3285 1536 3154 3151
3286 3151 3154 3157
3287 1012 3161 2055
3288 655 3160 3161
3289 1081 2055 3160
3290 3160 2055 3161
3291 232 3163 2459
3292 1538 3162 3163
3293 1480 2459 3162
3294 3162 2459 3163
3295 227 3166 3165
3296 1537 3164 3166
3297 1538 3165 3164
3298 3164 3165 3166
3299 945 2461 3168
3300 1480 3167 2461
3301 1537 3168 3167
3302 3167 3168 2461
3303 1537 3167 3164
3304 1480 3162 3167
3305 1538 3164 3162
3306 3162 3164 3167
3307 774 3170 2014
3308 805 3169 3170
3309 820 2014 3169
3310 3169 2014 3170
3311 895 1862 2844
3312 627 3171 1862
3313 973 2844 3171
3314 3171 2844 1862
3315 828 2778 3173
3316 645 3172 2778
3317 886 3173 3172
3318 3172 3173 2778
3319 863 1894 3175
3320 51 3174 1894
3321 961 3175 3174
3322 3174 3175 1894
3323 1004 3178 3177
3324 746 3176 3178
3325 1026 3177 3176
3326 3176 3177 3178
3327 846 3180 3179
3328 660 1940 3180
3329 926 3179 1940
3330 1940 3179 3180
3331 473 2243 2693
3332 1240 3181 2243
3333 1277 2693 3181
3334 3181 2693 2243
3335 871 3183 2250
3336 1310 3182 3183
3337 1240 2250 3182
3338 3182 2250 3183
3339 927 2695 3185
3340 1277 3184 2695
3341 1310 3185 3184
3342 3184 3185 2695
3343 1310 3184 3182
3344 1277 3181 3184
3345 1240 3182 3181
3346 3181 3182 3184
3347 753 2670 3186
3348 660 3180 2670
3349 846 3186 3180
3350 3180 3186 2670
3351 703 3188 2269
3352 762 3187 3188
3353 1126 2269 3187
3354 3187 2269 3188
3355 869 3190 2323
3356 1540 3189 3190
3357 1469 2323 3189
3358 3189 2323 3190
3359 813 3193 3192
3360 1539 3191 3193
3361 1540 3192 3191
3362 3191 3192 3193
3363 966 2325 3195
3364 1469 3194 2325
3365 1539 3195 3194
3366 3194 3195 2325
3367 1539 3194 3191
3368 1469 3189 3194
3369 1540 3191 3189
3370 3189 3191 3194
3371 688 3196 2703
3372 770 2656 3196
3373 847 2703 2656
3374 2656 2703 3196
3375 621 2966 2983
3376 840 3197 2966
3377 885 2983 3197
3378 3197 2983 2966
3379 881 1902 3199
3380 745 3198 1902
3381 1109 3199 3198
3382 3198 3199 1902
3383 956 3202 3201
3384 1542 3200 3202
3385 1541 3201 3200
3386 3200 3201 3202
3387 768 2898 3204
3388 1510 3203 2898
3389 1542 3204 3203
3390 3203 3204 2898
3391 957 3206 2903
3392 1541 3205 3206
3393 1510 2903 3205
3394 3205 2903 3206
3395 1510 3205 3203
3396 1541 3200 3205
3397 1542 3203 3200
3398 3200 3203 3205
3399 813 2003 3208
3400 1438 3207 2003
3401 1544 3208 3207
3402 3207 3208 2003
3403 691 3210 2001
3404 1543 3209 3210
3405 1438 2001 3209
3406 3209 2001 3210
3407 1105 3213 3212
3408 1544 3211 3213
3409 1543 3212 3211
3410 3211 3212 3213
3411 1543 3211 3209
3412 1544 3207 3211
3413 1438 3209 3207
3414 3207 3209 3211
3415 732 2009 2227
3416 796 3214 2009
3417 1069 2227 3214
3418 3214 2227 2009
3419 745 3216 3198
3420 837 3215 3216
3421 1109 3198 3215
3422 3215 3198 3216
3423 116 2837 3156
3424 1504 3217 2837
3425 1534 3156 3217
3426 3217 3156 2837
3427 808 3219 2835
3428 1545 3218 3219
3429 1504 2835 3218
3430 3218 2835 3219
3431 872 3158 3221
3432 1534 3220 3158
3433 1545 3221 3220
3434 3220 3221 3158
3435 1545 3220 3218
3436 1534 3217 3220
3437 1504 3218 3217
3438 3217 3218 3220
3439 912 3224 3223
3440 865 3222 3224
3441 1026 3223 3222
3442 3222 3223 3224
3443 877 3227 3226
3444 758 3225 3227
3445 1176 3226 3225
3446 3225 3226 3227
3447 619 3230 3229
3448 618 3228 3230
3449 1158 3229 3228
3450 3228 3229 3230
3451 650 3232 3231
3452 652 2103 3232
3453 659 3231 2103
3454 2103 3231 3232
3455 641 2314 2533
3456 803 2665 2314
3457 944 2533 2665
3458 2665 2533 2314
3459 838 3234 2410
3460 667 3233 3234
3461 1046 2410 3233
3462 3233 2410 3234
3463 703 2118 2264
3464 702 3235 2118
3465 1040 2264 3235
3466 3235 2264 2118
3467 677 2020 2651
3468 746 3178 2020
3469 1004 2651 3178
3470 3178 2651 2020
3471 71 2538 3237
3472 878 3236 2538
3473 928 3237 3236
3474 3236 3237 2538
3475 687 3149 3239
3476 963 3238 3149
3477 985 3239 3238
3478 3238 3239 3149
3479 750 3241 3015
3480 961 3240 3241
3481 1011 3015 3240
3482 3240 3015 3241
3483 498 3244 3243
3484 1312 3242 3244
3485 1311 3243 3242
3486 3242 3243 3244
3487 1056 2847 3246
3488 1288 3245 2847
3489 1312 3246 3245
3490 3245 3246 2847
3491 1074 3248 2854
3492 1311 3247 3248
3493 1288 2854 3247
3494 3247 2854 3248
3495 1288 3247 3245
3496 1311 3242 3247
3497 1312 3245 3242
3498 3242 3245 3247
3499 948 3250 3249
3500 632 1990 3250
3501 1219 3249 1990
3502 1990 3249 3250
3503 948 3249 3251
3504 1219 1997 3249
3505 837 3251 1997
3506 1997 3251 3249
3507 740 2377 3252
3508 843 1769 2377
3509 1077 3252 1769
3510 1769 3252 2377
3511 893 2863 3254
3512 1507 3253 2863
3513 1547 3254 3253
3514 3253 3254 2863
3515 96 3256 2861
3516 1546 3255 3256
3517 1507 2861 3255
3518 3255 2861 3256
3519 1050 3259 3258
3520 1547 3257 3259
3521 1546 3258 3257
3522 3257 3258 3259
3523 1546 3257 3255
3524 1547 3253 3257
3525 1507 3255 3253
3526 3253 3255 3257
3527 792 2121 3260
3528 717 1919 2121
3529 855 3260 1919
3530 1919 3260 2121
3531 729 3150 3262
3532 687 3261 3150
3533 1015 3262 3261
3534 3261 3262 3150
3535 744 3264 2611
3536 785 3263 3264
3537 1111 2611 3263
3538 3263 2611 3264
3539 726 3267 3266
3540 960 3265 3267
3541 1155 3266 3265
3542 3265 3266 3267
3543 677 2650 3269
3544 1044 3268 2650
3545 1193 3269 3268
3546 3268 3269 2650
3547 423 3272 3271
3548 418 3270 3272
3549 958 3271 3270
3550 3270 3271 3272
3551 718 2956 3273
3552 794 2791 2956
3553 1175 3273 2791
3554 2791 3273 2956
3555 714 3276 3275
3556 864 3274 3276
3557 1137 3275 3274
3558 3274 3275 3276
3559 834 1870 3278
3560 76 3277 1870
3561 928 3278 3277
3562 3277 3278 1870
3563 948 3280 3279
3564 745 3032 3280
3565 1107 3279 3032
3566 3032 3279 3280
3567 252 2215 3281
3568 875 2484 2215
3569 964 3281 2484
3570 2484 3281 2215
3571 753 3283 2669
3572 675 3282 3283
3573 924 2669 3282
3574 3282 2669 3283
3575 166 3286 3285
3576 161 3284 3286
3577 953 3285 3284
3578 3284 3285 3286
3579 862 2133 3288
3580 719 3287 2133
3581 1157 3288 3287
3582 3287 3288 2133
3583 674 3001 3289
3584 714 2629 3001
3585 1062 3289 2629
3586 2629 3289 3001
3587 762 3292 3291
3588 923 3290 3292
3589 930 3291 3290
3590 3290 3291 3292
3591 662 2295 2578
3592 1247 3293 2295
3593 1272 2578 3293
3594 3293 2578 2295
3595 822 3295 2293
3596 1313 3294 3295
3597 1247 2293 3294
3598 3294 2293 3295
3599 1159 2580 3297
3600 1272 3296 2580
3601 1313 3297 3296
3602 3296 3297 2580
3603 1313 3296 3294
3604 1272 3293 3296
3605 1247 3294 3293
3606 3293 3294 3296
3607 674 3300 3299
3608 925 3298 3300
3609 1090 3299 3298
3610 3298 3299 3300
3611 413 3302 3301
3612 408 2750 3302
3613 1152 3301 2750
3614 2750 3301 3302
3615 722 1707 3303
3616 641 1716 1707
3617 889 3303 1716
3618 1716 3303 1707
3619 751 3305 2726
3620 1549 3304 3305
3621 1496 2726 3304
3622 3304 2726 3305
3623 808 3308 3307
3624 1548 3306 3308
3625 1549 3307 3306
3626 3306 3307 3308
3627 1124 2728 3310
3628 1496 3309 2728
3629 1548 3310 3309
3630 3309 3310 2728
3631 1548 3309 3306
3632 1496 3304 3309
3633 1549 3306 3304
3634 3304 3306 3309
3635 713 2883 2399
3636 1291 3311 2883
3637 1257 2399 3311
3638 3311 2399 2883
3639 734 3313 2881
3640 1314 3312 3313
3641 1291 2881 3312
3642 3312 2881 3313
3643 839 2401 3315
3644 1257 3314 2401
3645 1314 3315 3314
3646 3314 3315 2401
3647 1314 3314 3312
3648 1257 3311 3314
3649 1291 3312 3311
3650 3311 3312 3314
3651 914 2559 3008
3652 624 3316 2559
3653 1163 3008 3316
3654 3316 3008 2559
3655 789 1856 3318
3656 700 3317 1856
3657 971 3318 3317
3658 3317 3318 1856
3659 712 2282 3320
3660 1245 3319 2282
3661 1316 3320 3319
3662 3319 3320 2282
3663 743 3322 2280
3664 1315 3321 3322
3665 1245 2280 3321
3666 3321 2280 3322
3667 1002 3325 3324
3668 1316 3323 3325
3669 1315 3324 3323
3670 3323 3324 3325
3671 1315 3323 3321
3672 1316 3319 3323
3673 1245 3321 3319
3674 3319 3321 3323
3675 965 3327 3326
3676 678 2494 3327
3677 1047 3326 2494
3678 2494 3326 3327
3679 912 2831 3328
3680 701 2508 2831
3681 1139 3328 2508
3682 2508 3328 2831
3683 814 2893 3329
3684 655 3161 2893
3685 1012 3329 3161
3686 3161 3329 2893
3687 890 2534 3331
3688 944 3330 2534
3689 1066 3331 3330
3690 3330 3331 2534
3691 685 1863 3333
3692 895 3332 1863
3693 1101 3333 3332
3694 3332 3333 1863
3695 759 3112 3335
3696 873 3334 3112
3697 1094 3335 3334
3698 3334 3335 3112
3699 463 2290 3336
3700 897 2615 2290
3701 969 3336 2615
3702 2615 3336 2290
3703 951 3338 2605
3704 800 3337 3338
3705 1078 2605 3337
3706 3337 2605 3338
3707 834 3340 2211
3708 1550 3339 3340
3709 1460 2211 3339
3710 3339 2211 3340
3711 704 2164 3342
3712 1453 3341 2164
3713 1550 3342 3341
3714 3341 3342 2164
3715 880 2213 2169
3716 1460 3343 2213
3717 1453 2169 3343
3718 3343 2169 2213
3719 1453 3343 3341
3720 1460 3339 3343
3721 1550 3341 3339
3722 3339 3341 3343
3723 631 3345 2772
3724 1317 3344 3345
3725 1284 2772 3344
3726 3344 2772 3345
3727 937 2369 3347
3728 1253 3346 2369
3729 1317 3347 3346
3730 3346 3347 2369
3731 940 2775 2374
3732 1284 3348 2775
3733 1253 2374 3348
3734 3348 2374 2775
3735 1253 3348 3346
3736 1284 3344 3348
3737 1317 3346 3344
3738 3344 3346 3348
3739 711 1999 2199
3740 1439 3349 1999
3741 1459 2199 3349
3742 3349 2199 1999
3743 813 3192 2004
3744 1540 3350 3192
3745 1439 2004 3350
3746 3350 2004 3192
3747 869 2201 3190
3748 1459 3351 2201
3749 1540 3190 3351
3750 3351 3190 2201
3751 1540 3351 3350
3752 1459 3349 3351
3753 1439 3350 3349
3754 3349 3350 3351
3755 770 3196 2340
3756 688 3352 3196
3757 963 2340 3352
3758 3352 2340 3196
3759 968 3354 2950
3760 1318 3353 3354
3761 1296 2950 3353
3762 3353 2950 3354
3763 1 2049 3356
3764 1225 3355 2049
3765 1318 3356 3355
3766 3355 3356 2049
3767 1114 2952 2054
3768 1296 3357 2952
3769 1225 2054 3357
3770 3357 2054 2952
3771 1225 3357 3355
3772 1296 3353 3357
3773 1318 3355 3353
3774 3353 3355 3357
3775 960 3267 2482
3776 726 3358 3267
3777 1009 2482 3358
3778 3358 2482 3267
3779 242 3360 3359
3780 237 2588 3360
3781 1488 3359 2588
3782 2588 3359 3360
3783 242 3359 3361
3784 1488 2593 3359
3785 947 3361 2593
3786 2593 3361 3359
3787 891 2666 3362
3788 647 2663 2666
3789 974 3362 2663
3790 2663 3362 2666
3791 842 3364 3363
3792 877 3226 3364
3793 1176 3363 3226
3794 3226 3363 3364
3795 857 1810 3366
3796 1205 3365 1810
3797 1320 3366 3365
3798 3365 3366 1810
3799 776 3368 1808
3800 1319 3367 3368
3801 1205 1808 3367
3802 3367 1808 3368
3803 990 3371 3370
3804 1320 3369 3371
3805 1319 3370 3369
3806 3369 3370 3371
3807 1319 3369 3367
3808 1320 3365 3369
3809 1205 3367 3365
3810 3365 3367 3369
3811 829 2017 3002
3812 631 2774 2017
3813 866 3002 2774
3814 2774 3002 2017
3815 723 3372 2194
3816 889 1715 3372
3817 890 2194 1715
3818 1715 2194 3372
3819 578 1987 3373
3820 907 2914 1987
3821 997 3373 2914
3822 2914 3373 1987
3823 646 2059 1768
3824 766 3374 2059
3825 1077 1768 3374
3826 3374 1768 2059
3827 707 2807 3376
3828 841 3375 2807
3829 1132 3376 3375
3830 3375 3376 2807
3831 101 3379 3378
3832 1552 3377 3379
3833 1551 3378 3377
3834 3377 3378 3379
3835 96 2860 3381
3836 1506 3380 2860
3837 1552 3381 3380
3838 3380 3381 2860
3839 986 3383 2867
3840 1551 3382 3383
3841 1506 2867 3382
3842 3382 2867 3383
3843 1506 3382 3380
3844 1551 3377 3382
3845 1552 3380 3377
3846 3377 3380 3382
3847 76 3384 3277
3848 71 3237 3384
3849 928 3277 3237
3850 3237 3277 3384
3851 397 3387 3386
3852 1555 3385 3387
3853 1554 3386 3385
3854 3385 3386 3387
3855 392 3390 3389
3856 1553 3388 3390
3857 1555 3389 3388
3858 3388 3389 3390
3859 978 3393 3392
3860 1554 3391 3393
3861 1553 3392 3391
3862 3391 3392 3393
3863 1553 3391 3388
3864 1554 3385 3391
3865 1555 3388 3385
3866 3385 3388 3391
3867 892 3395 2904
3868 887 3394 3395
3869 1142 2904 3394
3870 3394 2904 3395
3871 634 1694 3397
3872 827 3396 1694
3873 1130 3397 3396
3874 3396 3397 1694
3875 714 2876 3276
3876 791 3398 2876
3877 864 3276 3398
3878 3398 3276 2876
3879 622 3400 3399
3880 621 2982 3400
3881 1037 3399 2982
3882 2982 3399 3400
3883 838 2575 3402
3884 657 3401 2575
3885 1033 3402 3401
3886 3401 3402 2575
3887 257 3404 3403
3888 252 3281 3404
3889 964 3403 3281
3890 3281 3403 3404
3891 661 3407 3406
3892 686 3405 3407
3893 867 3406 3405
3894 3405 3406 3407
3895 645 1784 3409
3896 778 3408 1784
3897 1053 3409 3408
3898 3408 3409 1784
3899 800 3411 3410
3900 994 2464 3411
3901 1079 3410 2464
3902 2464 3410 3411
3903 905 2511 1848
3904 31 3412 2511
3905 1008 1848 3412
3906 3412 1848 2511
3907 807 3414 3413
3908 626 3007 3414
3909 861 3413 3007
3910 3007 3413 3414
3911 875 2214 3416
3912 247 3415 2214
3913 975 3416 3415
3914 3415 3416 2214
3915 719 2135 2987
3916 788 3417 2135
3917 1087 2987 3417
3918 3417 2987 2135
3919 698 1779 1828
3920 653 2060 1779
3921 995 1828 2060
3922 2060 1828 1779
3923 759 3335 2188
3924 1094 3418 3335
3925 1103 2188 3418
3926 3418 2188 3335
3927 944 3419 3330
3928 749 1852 3419
3929 1066 3330 1852
3930 1852 3330 3419
3931 773 2087 2745
3932 1444 3420 2087
3933 1499 2745 3420
3934 3420 2745 2087
3935 816 3422 2085
3936 1556 3421 3422
3937 1444 2085 3421
3938 3421 2085 3422
3939 1110 2747 3424
3940 1499 3423 2747
3941 1556 3424 3423
3942 3423 3424 2747
3943 1556 3423 3421
3944 1499 3420 3423
3945 1444 3421 3420
3946 3420 3421 3423
3947 287 3427 3426
3948 282 3425 3427
3949 1057 3426 3425
3950 3425 3426 3427
3951 665 3429 3428
3952 942 2794 3429
3953 960 3428 2794
3954 2794 3428 3429
3955 747 3431 2514
3956 898 3430 3431
3957 993 2514 3430
3958 3430 2514 3431
3959 652 3433 3432
3960 669 3080 3433
3961 694 3432 3080
3962 3080 3432 3433
3963 808 3307 3219
3964 1549 3434 3307
3965 1545 3219 3434
3966 3434 3219 3307
3967 751 1677 3305
3968 1414 3435 1677
3969 1549 3305 3435
3970 3435 3305 1677
3971 872 3221 1675
3972 1545 3436 3221
3973 1414 1675 3436
3974 3436 1675 3221
3975 1414 3436 3435
3976 1545 3434 3436
3977 1549 3435 3434
3978 3434 3435 3436
3979 96 3438 3256
3980 1557 3437 3438
3981 1546 3256 3437
3982 3437 3256 3438
3983 91 2221 3440
3984 1462 3439 2221
3985 1557 3440 3439
3986 3439 3440 2221
3987 1050 3258 2226
3988 1546 3441 3258
3989 1462 2226 3441
3990 3441 2226 3258
3991 1462 3441 3439
3992 1546 3437 3441
3993 1557 3439 3437
3994 3437 3439 3441
3995 267 3444 3443
3996 262 3442 3444
3997 959 3443 3442
3998 3442 3443 3444
3999 719 3447 3446
4000 850 3445 3447
4001 1053 3446 3445
4002 3445 3446 3447
4003 126 3450 3449
4004 121 3448 3450
4005 1558 3449 3448
4006 3448 3449 3450
4007 126 3449 2873
4008 1558 3451 3449
4009 904 2873 3451
4010 3451 2873 3449
4011 824 2173 3453
4012 1456 3452 2173
4013 1560 3453 3452
4014 3452 3453 2173
4015 932 3455 2171
4016 1559 3454 3455
4017 1456 2171 3454
4018 3454 2171 3455
4019 1135 3458 3457
4020 1560 3456 3458
4021 1559 3457 3456
4022 3456 3457 3458
4023 1559 3456 3454
4024 1560 3452 3456
4025 1456 3454 3452
4026 3452 3454 3456
4027 766 2608 3374
4028 740 3252 2608
4029 1077 3374 3252
4030 3252 3374 2608
4031 498 3460 3244
4032 1321 3459 3460
4033 1312 3244 3459
4034 3459 3244 3460
4035 493 2940 3462
4036 1295 3461 2940
4037 1321 3462 3461
4038 3461 3462 2940
4039 1056 3246 2945
4040 1312 3463 3246
4041 1295 2945 3463
4042 3463 2945 3246
4043 1295 3463 3461
4044 1312 3459 3463
4045 1321 3461 3459
4046 3459 3461 3463
4047 6 1786 2474
4048 1203 3464 1786
4049 1263 2474 3464
4050 3464 2474 1786
4051 844 3466 1793
4052 1322 3465 3466
4053 1203 1793 3465
4054 3465 1793 3466
4055 1184 2476 3468
4056 1263 3467 2476
4057 1322 3468 3467
4058 3467 3468 2476
4059 1322 3467 3465
4060 1263 3464 3467
4061 1203 3465 3464
4062 3464 3465 3467
4063 815 3471 3470
4064 707 3469 3471
4065 891 3470 3469
4066 3469 3470 3471
4067 720 3473 3472
4068 834 3278 3473
4069 928 3472 3278
4070 3278 3472 3473
4071 615 3475 2779
4072 614 3474 3475
4073 1054 2779 3474
4074 3474 2779 3475
4075 832 3478 3477
4076 706 3476 3478
4077 953 3477 3476
4078 3476 3477 3478
4079 610 3480 2816
4080 609 3479 3480
4081 931 2816 3479
4082 3479 2816 3480
4083 642 2152 3482
4084 933 3481 2152
4085 1017 3482 3481
4086 3481 3482 2152
4087 771 1825 3484
4088 733 3483 1825
4089 915 3484 3483
4090 3483 3484 1825
4091 898 3431 3486
4092 747 3485 3431
4093 1174 3486 3485
4094 3485 3486 3431
4095 795 3489 3488
4096 1058 3487 3489
4097 1131 3488 3487
4098 3487 3488 3489
4099 713 1700 2638
4100 1198 3490 1700
4101 1273 2638 3490
4102 3490 2638 1700
4103 712 2768 1698
4104 1283 3491 2768
4105 1198 1698 3491
4106 3491 1698 2768
4107 1159 2640 2766
4108 1273 3492 2640
4109 1283 2766 3492
4110 3492 2766 2640
4111 1283 3492 3491
4112 1273 3490 3492
4113 1198 3491 3490
4114 3490 3491 3492
4115 628 2496 2286
4116 931 3493 2496
4117 996 2286 3493
4118 3493 2286 2496
4119 207 2907 2935
4120 1511 3494 2907
4121 1515 2935 3494
4122 3494 2935 2907
4123 956 3201 2912
4124 1541 3495 3201
4125 1511 2912 3495
4126 3495 2912 3201
4127 957 2937 3206
4128 1515 3496 2937
4129 1541 3206 3496
4130 3496 3206 2937
4131 1541 3496 3495
4132 1515 3494 3496
4133 1511 3495 3494
4134 3494 3495 3496
4135 706 3498 3476
4136 842 3497 3498
4137 953 3476 3497
4138 3497 3476 3498
4139 733 3499 3483
4140 852 1709 3499
4141 915 3483 1709
4142 1709 3483 3499
4143 840 2965 3139
4144 620 3500 2965
4145 1182 3139 3500
4146 3500 3139 2965
4147 658 2208 3502
4148 661 3501 2208
4149 684 3502 3501
4150 3501 3502 2208
4151 972 2303 2687
4152 802 2561 2303
4153 1085 2687 2561
4154 2561 2687 2303
4155 963 3352 3238
4156 688 2975 3352
4157 985 3238 2975
4158 2975 3238 3352
4159 1059 3504 2760
4160 709 3503 3504
4161 1193 2760 3503
4162 3503 2760 3504
4163 774 2013 2710
4164 852 3505 2013
4165 1161 2710 3505
4166 3505 2710 2013
4167 756 1712 3507
4168 929 3506 1712
4169 984 3507 3506
4170 3506 3507 1712
4171 835 2546 3508
4172 732 2411 2546
4173 1046 3508 2411
4174 2411 3508 2546
4175 937 3510 2553
4176 1324 3509 3510
4177 1268 2553 3509
4178 3509 2553 3510
4179 682 3513 3512
4180 1323 3511 3513
4181 1324 3512 3511
4182 3511 3512 3513
4183 1129 2555 3515
4184 1268 3514 2555
4185 1323 3515 3514
4186 3514 3515 2555
4187 1323 3514 3511
4188 1268 3509 3514
4189 1324 3511 3509
4190 3509 3511 3514
4191 51 3517 3174
4192 46 3516 3517
4193 961 3174 3516
4194 3516 3174 3517
4195 769 2329 3519
4196 1471 3518 2329
4197 1561 3519 3518
4198 3518 3519 2329
4199 910 2623 2336
4200 1492 3520 2623
4201 1471 2336 3520
4202 3520 2336 2623
4203 966 3522 2626
4204 1561 3521 3522
4205 1492 2626 3521
4206 3521 2626 3522
4207 1492 3521 3520
4208 1561 3518 3521
4209 1471 3520 3518
4210 3518 3520 3521
4211 36 2512 3523
4212 905 2784 2512
4213 1061 3523 2784
4214 2784 3523 2512
4215 770 2341 3524
4216 879 2954 2341
4217 1028 3524 2954
4218 2954 3524 2341
4219 598 3527 3526
4220 593 3525 3527
4221 1164 3526 3525
4222 3525 3526 3527
4223 614 3530 3529
4224 613 3528 3530
4225 1186 3529 3528
4226 3528 3529 3530
4227 681 3533 3532
4228 1327 3531 3533
4229 1326 3532 3531
4230 3531 3532 3533
4231 1014 3536 3535
4232 1325 3534 3536
4233 1327 3535 3534
4234 3534 3535 3536
4235 1030 3539 3538
4236 1326 3537 3539
4237 1325 3538 3537
4238 3537 3538 3539
4239 1325 3537 3534
4240 1326 3531 3537
4241 1327 3534 3531
4242 3531 3534 3537
4243 748 2372 1946
4244 1254 3540 2372
4245 1210 1946 3540
4246 3540 1946 2372
4247 937 2075 2370
4248 1231 3541 2075
4249 1254 2370 3541
4250 3541 2370 2075
4251 1114 1948 2082
4252 1210 3542 1948
4253 1231 2082 3542
4254 3542 2082 1948
4255 1231 3542 3541
4256 1210 3540 3542
4257 1254 3541 3540
4258 3540 3541 3542
4259 757 3543 2255
4260 746 2019 3543
4261 894 2255 2019
4262 2019 2255 3543
4263 667 3545 3544
4264 913 3128 3545
4265 1190 3544 3128
4266 3128 3544 3545
4267 760 3547 3546
4268 898 3486 3547
4269 1174 3546 3486
4270 3486 3546 3547
4271 673 3550 3549
4272 925 3548 3550
4273 1119 3549 3548
4274 3548 3549 3550
4275 965 3552 3551
4276 671 2569 3552
4277 994 3551 2569
4278 2569 3551 3552
4279 939 3554 2067
4280 1329 3553 3554
4281 1227 2067 3553
4282 3553 2067 3554
4283 887 3557 3556
4284 1328 3555 3557
4285 1329 3556 3555
4286 3555 3556 3557
4287 940 2069 3559
4288 1227 3558 2069
4289 1328 3559 3558
4290 3558 3559 2069
4291 1328 3558 3555
4292 1227 3553 3558
4293 1329 3555 3553
4294 3553 3555 3558
4295 478 2689 3561
4296 1278 3560 2689
4297 1331 3561 3560
4298 3560 3561 2689
4299 927 3563 2696
4300 1330 3562 3563
4301 1278 2696 3562
4302 3562 2696 3563
4303 1032 3566 3565
4304 1331 3564 3566
4305 1330 3565 3564
4306 3564 3565 3566
4307 1330 3564 3562
4308 1331 3560 3564
4309 1278 3562 3560
4310 3560 3562 3564
4311 908 3569 3568
4312 1563 3567 3569
4313 1562 3568 3567
4314 3567 3568 3569
4315 101 3378 3571
4316 1551 3570 3378
4317 1563 3571 3570
4318 3570 3571 3378
4319 986 3573 3383
4320 1562 3572 3573
4321 1551 3383 3572
4322 3572 3383 3573
4323 1551 3572 3570
4324 1562 3567 3572
4325 1563 3570 3567
4326 3567 3570 3572
4327 933 2151 3574
4328 795 3488 2151
4329 1131 3574 3488
4330 3488 3574 2151
4331 831 3131 3576
4332 918 3575 3131
4333 1075 3576 3575
4334 3575 3576 3131
4335 734 2880 3578
4336 1290 3577 2880
4337 1332 3578 3577
4338 3577 3578 2880
4339 968 3017 2885
4340 1301 3579 3017
4341 1290 2885 3579
4342 3579 2885 3017
4343 1146 3581 3022
4344 1332 3580 3581
4345 1301 3022 3580
4346 3580 3022 3581
4347 1301 3580 3579
4348 1332 3577 3580
4349 1290 3579 3577
4350 3577 3579 3580
4351 483 3584 3583
4352 1334 3582 3584
4353 1333 3583 3582
4354 3582 3583 3584
4355 478 3561 3586
4356 1331 3585 3561
4357 1334 3586 3585
4358 3585 3586 3561
4359 1032 3588 3566
4360 1333 3587 3588
4361 1331 3566 3587
4362 3587 3566 3588
4363 1331 3587 3585
4364 1333 3582 3587
4365 1334 3585 3582
4366 3582 3585 3587
4367 822 3590 3295
4368 1335 3589 3590
4369 1313 3295 3589
4370 3589 3295 3590
4371 968 2634 3592
4372 1274 3591 2634
4373 1335 3592 3591
4374 3591 3592 2634
4375 1159 3297 2641
4376 1313 3593 3297
4377 1274 2641 3593
4378 3593 2641 3297
4379 1274 3593 3591
4380 1313 3589 3593
4381 1335 3591 3589
4382 3589 3591 3593
4383 882 3596 3595
4384 1162 3594 3596
4385 1163 3595 3594
4386 3594 3595 3596
4387 636 3598 3597
4388 1047 2493 3598
4389 1192 3597 2493
4390 2493 3597 3598
4391 680 3600 3599
4392 776 1954 3600
4393 1214 3599 1954
4394 1954 3599 3600
4395 680 3599 2092
4396 1214 1959 3599
4397 1106 2092 1959
4398 1959 2092 3599
4399 1094 2627 3418
4400 859 2505 2627
4401 1103 3418 2505
4402 2505 3418 2627
4403 1041 3603 3602
4404 971 3601 3603
4405 1156 3602 3601
4406 3601 3602 3603
4407 794 2955 2813
4408 793 2218 2955
4409 1048 2813 2218
4410 2218 2813 2955
4411 816 2084 3085
4412 1443 3604 2084
4413 1525 3085 3604
4414 3604 3085 2084
4415 1071 3606 2091
4416 1564 3605 3606
4417 1443 2091 3605
4418 3605 2091 3606
4419 1127 3087 3608
4420 1525 3607 3087
4421 1564 3608 3607
4422 3607 3608 3087
4423 1564 3607 3605
4424 1525 3604 3607
4425 1443 3605 3604
4426 3604 3605 3607
4427 628 2288 3610
4428 848 3609 2288
4429 1179 3610 3609
4430 3609 3610 2288
4431 756 3613 3612
4432 900 3611 3613
4433 1150 3612 3611
4434 3611 3612 3613
4435 898 2477 3430
4436 428 3614 2477
4437 993 3430 3614
4438 3614 3430 2477
4439 689 2646 3616
4440 1494 3615 2646
4441 1566 3616 3615
4442 3615 3616 2646
4443 768 3618 2644
4444 1565 3617 3618
4445 1494 2644 3617
4446 3617 2644 3618
4447 1122 3621 3620
4448 1566 3619 3621
4449 1565 3620 3619
4450 3619 3620 3621
4451 1565 3619 3617
4452 1566 3615 3619
4453 1494 3617 3615
4454 3615 3617 3619
4455 626 3414 2972
4456 807 3622 3414
4457 1016 2972 3622
4458 3622 2972 3414
4459 900 3624 3611
4460 760 3623 3624
4461 1150 3611 3623
4462 3623 3611 3624
4463 772 2619 2668
4464 629 3625 2619
4465 1073 2668 3625
4466 3625 2668 2619
4467 613 2362 3528
4468 916 3626 2362
4469 1186 3528 3626
4470 3626 3528 2362
4471 247 3628 3415
4472 242 3627 3628
4473 975 3415 3627
4474 3627 3415 3628
4475 538 3631 3630
4476 1338 3629 3631
4477 1337 3630 3629
4478 3629 3630 3631
4479 533 3634 3633
4480 1336 3632 3634
4481 1338 3633 3632
4482 3632 3633 3634
4483 990 3637 3636
4484 1337 3635 3637
4485 1336 3636 3635
4486 3635 3636 3637
4487 1336 3635 3632
4488 1337 3629 3635
4489 1338 3632 3629
4490 3629 3632 3635
4491 840 3141 3638
4492 979 3061 3141
4493 1128 3638 3061
4494 3061 3638 3141
4495 750 3129 3640
4496 913 3639 3129
4497 1171 3640 3639
4498 3639 3640 3129
4499 874 3111 2495
4500 759 2817 3111
4501 931 2495 2817
4502 2817 2495 3111
4503 839 3315 3642
4504 1314 3641 3315
4505 1340 3642 3641
4506 3641 3642 3315
4507 734 3644 3313
4508 1339 3643 3644
4509 1314 3313 3643
4510 3643 3313 3644
4511 983 3647 3646
4512 1340 3645 3647
4513 1339 3646 3645
4514 3645 3646 3647
4515 1339 3645 3643
4516 1340 3641 3645
4517 1314 3643 3641
4518 3641 3643 3645
4519 715 2367 3649
4520 792 3648 2367
4521 1107 3649 3648
4522 3648 3649 2367
4523 637 3652 3651
4524 1067 3650 3652
4525 1096 3651 3650
4526 3650 3651 3652
4527 730 2428 3654
4528 675 3653 2428
4529 1013 3654 3653
4530 3653 3654 2428
4531 807 2232 3655
4532 729 3262 2232
4533 1015 3655 3262
4534 3262 3655 2232
4535 636 3658 3657
4536 1075 3656 3658
4537 1169 3657 3656
4538 3656 3657 3658
4539 839 3642 2851
4540 1340 3659 3642
4541 1287 2851 3659
4542 3659 2851 3642
4543 983 2797 3647
4544 1286 3660 2797
4545 1340 3647 3660
4546 3660 3647 2797
4547 1074 2853 2802
4548 1287 3661 2853
4549 1286 2802 3661
4550 3661 2802 2853
4551 1286 3661 3660
4552 1287 3659 3661
4553 1340 3660 3659
4554 3659 3660 3661
4555 699 3664 3663
4556 1055 3662 3664
4557 1104 3663 3662
4558 3662 3663 3664
4559 617 3666 2466
4560 616 3665 3666
4561 1113 2466 3665
4562 3665 2466 3666
4563 655 2007 3160
4564 724 3004 2007
4565 1081 3160 3004
4566 3004 3160 2007
4567 136 3669 3668
4568 131 3667 3669
4569 954 3668 3667
4570 3667 3668 3669
4571 625 2830 3671
4572 797 3670 2830
4573 1086 3671 3670
4574 3670 3671 2830
4575 665 3428 2315
4576 960 2481 3428
4577 1183 2315 2481
4578 2481 2315 3428
4579 463 3336 3673
4580 969 3672 3336
4581 1341 3673 3672
4582 3672 3673 3336
4583 463 3673 3675
4584 1341 3674 3673
4585 468 3675 3674
4586 3674 3675 3673
4587 979 3677 3676
4588 619 3229 3677
4589 1158 3676 3229
4590 3229 3676 3677
4591 925 3550 3298
4592 673 3678 3550
4593 1090 3298 3678
4594 3678 3298 3550
4595 834 3473 3680
4596 720 3679 3473
4597 1181 3680 3679
4598 3679 3680 3473
4599 46 3683 3682
4600 41 3681 3683
4601 1011 3682 3681
4602 3681 3682 3683
4603 518 3686 3685
4604 1344 3684 3686
4605 1343 3685 3684
4606 3684 3685 3686
4607 513 3689 3688
4608 1342 3687 3689
4609 1344 3688 3687
4610 3687 3688 3689
4611 938 3692 3691
4612 1343 3690 3692
4613 1342 3691 3690
4614 3690 3691 3692
4615 1342 3690 3687
4616 1343 3684 3690
4617 1344 3687 3684
4618 3684 3687 3690
4619 837 3216 3251
4620 745 3280 3216
4621 948 3251 3280
4622 3280 3251 3216
4623 443 2567 3694
4624 900 3693 2567
4625 984 3694 3693
4626 3693 3694 2567
4627 644 2871 3696
4628 1508 3695 2871
4629 1568 3696 3695
4630 3695 3696 2871
4631 824 3698 2869
4632 1567 3697 3698
4633 1508 2869 3697
4634 3697 2869 3698
4635 1052 3701 3700
4636 1568 3699 3701
4637 1567 3700 3699
4638 3699 3700 3701
4639 1567 3699 3697
4640 1568 3695 3699
4641 1508 3697 3695
4642 3695 3697 3699
4643 921 3704 3703
4644 708 3702 3704
4645 1172 3703 3702
4646 3702 3703 3704
4647 1038 3707 3706
4648 744 3705 3707
4649 1144 3706 3705
4650 3705 3706 3707
4651 696 2300 3708
4652 642 3482 2300
4653 1017 3708 3482
4654 3482 3708 2300
4655 848 2792 3710
4656 794 3709 2792
4657 1168 3710 3709
4658 3709 3710 2792
4659 927 3712 3563
4660 1346 3711 3712
4661 1330 3563 3711
4662 3711 3563 3712
4663 817 3715 3714
4664 1345 3713 3715
4665 1346 3714 3713
4666 3713 3714 3715
4667 1032 3565 3717
4668 1330 3716 3565
4669 1345 3717 3716
4670 3716 3717 3565
4671 1345 3716 3713
4672 1330 3711 3716
4673 1346 3713 3711
4674 3711 3713 3716
4675 913 3035 3639
4676 700 2285 3035
4677 1171 3639 2285
4678 2285 3639 3035
4679 682 3512 1956
4680 1324 3718 3512
4681 1213 1956 3718
4682 3718 1956 3512
4683 937 3720 3510
4684 1347 3719 3720
4685 1324 3510 3719
4686 3719 3510 3720
4687 1106 1958 3722
4688 1213 3721 1958
4689 1347 3722 3721
4690 3721 3722 1958
4691 1347 3721 3719
4692 1213 3718 3721
4693 1324 3719 3718
4694 3718 3719 3721
4695 1033 3401 3724
4696 657 3723 3401
4697 1035 3724 3723
4698 3723 3724 3401
4699 793 2957 3726
4700 718 3725 2957
4701 1037 3726 3725
4702 3725 3726 2957
4703 827 1693 3727
4704 722 3303 1693
4705 889 3727 3303
4706 3303 3727 1693
4707 744 2469 3705
4708 709 3728 2469
4709 1144 3705 3728
4710 3728 3705 2469
4711 31 3730 3412
4712 26 3729 3730
4713 1008 3412 3729
4714 3729 3412 3730
4715 615 2781 3732
4716 790 3731 2781
4717 1151 3732 3731
4718 3731 3732 2781
4719 725 2437 3734
4720 1027 3733 2437
4721 1068 3734 3733
4722 3733 3734 2437
4723 277 2571 2819
4724 903 3735 2571
4725 919 2819 3735
4726 3735 2819 2571
4727 895 3737 3332
4728 716 3736 3737
4729 1101 3332 3736
4730 3736 3332 3737
4731 708 2256 3739
4732 894 3738 2256
4733 1118 3739 3738
4734 3738 3739 2256
4735 61 2984 3741
4736 936 3740 2984
4737 1049 3741 3740
4738 3740 3741 2984
4739 934 3744 3743
4740 821 3742 3744
4741 1185 3743 3742
4742 3742 3743 3744
4743 387 3747 3746
4744 1571 3745 3747
4745 1570 3746 3745
4746 3745 3746 3747
4747 382 3750 3749
4748 1569 3748 3750
4749 1571 3749 3748
4750 3748 3749 3750
4751 981 3753 3752
4752 1570 3751 3753
4753 1569 3752 3751
4754 3751 3752 3753
4755 1569 3751 3748
4756 1570 3745 3751
4757 1571 3748 3745
4758 3745 3748 3751
4759 853 1984 3755
4760 1215 3754 1984
4761 1348 3755 3754
4762 3754 3755 1984
4763 483 3583 1982
4764 1333 3756 3583
4765 1215 1982 3756
4766 3756 1982 3583
4767 1032 3758 3588
4768 1348 3757 3758
4769 1333 3588 3757
4770 3757 3588 3758
4771 1333 3757 3756
4772 1348 3754 3757
4773 1215 3756 3754
4774 3754 3756 3757
4775 664 3760 3759
4776 774 2712 3760
4777 882 3759 2712
4778 2712 3759 3760
4779 746 3543 3761
4780 757 2832 3543
4781 912 3761 2832
4782 2832 3761 3543
4783 763 3763 2913
4784 989 3762 3763
4785 997 2913 3762
4786 3762 2913 3763
4787 1004 3764 2649
4788 901 1924 3764
4789 1044 2649 1924
4790 1924 2649 3764
4791 871 2249 3053
4792 1239 3765 2249
4793 1307 3053 3765
4794 3765 3053 2249
4795 468 3674 2247
4796 1341 3766 3674
4797 1239 2247 3766
4798 3766 2247 3674
4799 969 3055 3672
4800 1307 3767 3055
4801 1341 3672 3767
4802 3767 3672 3055
4803 1341 3767 3766
4804 1307 3765 3767
4805 1239 3766 3765
4806 3765 3766 3767
4807 878 2537 3769
4808 66 3768 2537
4809 1049 3769 3768
4810 3768 3769 2537
4811 675 3005 3771
4812 724 3770 3005
4813 735 3771 3770
4814 3770 3771 3005
4815 652 3774 3773
4816 868 3772 3774
4817 1045 3773 3772
4818 3772 3773 3774
4819 833 3777 3776
4820 1067 3775 3777
4821 1132 3776 3775
4822 3775 3776 3777
4823 738 1971 3778
4824 1033 3724 1971
4825 1035 3778 3724
4826 3724 3778 1971
4827 885 2509 2981
4828 793 3726 2509
4829 1037 2981 3726
4830 3726 2981 2509
4831 765 3780 2260
4832 1573 3779 3780
4833 1463 2260 3779
4834 3779 2260 3780
4835 692 3783 3782
4836 1572 3781 3783
4837 1573 3782 3781
4838 3781 3782 3783
4839 1189 2262 3785
4840 1463 3784 2262
4841 1572 3785 3784
4842 3784 3785 2262
4843 1572 3784 3781
4844 1463 3779 3784
4845 1573 3781 3779
4846 3779 3781 3784
4847 433 2478 3787
4848 898 3786 2478
4849 1034 3787 3786
4850 3786 3787 2478
4851 907 1986 3789
4852 573 3788 1986
4853 1036 3789 3788
4854 3788 3789 1986
4855 624 3790 3316
4856 882 3595 3790
4857 1163 3316 3595
4858 3595 3316 3790
4859 131 2036 3667
4860 860 3791 2036
4861 954 3667 3791
4862 3791 3667 2036
4863 897 2289 3793
4864 458 3792 2289
4865 1065 3793 3792
4866 3792 3793 2289
4867 782 2397 3795
4868 1258 3794 2397
4869 1349 3795 3794
4870 3794 3795 2397
4871 839 2850 2402
4872 1289 3796 2850
4873 1258 2402 3796
4874 3796 2402 2850
4875 1056 3798 2848
4876 1349 3797 3798
4877 1289 2848 3797
4878 3797 2848 3798
4879 1289 3797 3796
4880 1349 3794 3797
4881 1258 3796 3794
4882 3794 3796 3797
4883 900 2566 3800
4884 438 3799 2566
4885 1034 3800 3799
4886 3799 3800 2566
4887 438 3801 3799
4888 433 3787 3801
4889 1034 3799 3787
4890 3787 3799 3801
4891 903 3803 3735
4892 731 3802 3803
4893 919 3735 3802
4894 3802 3735 3803
4895 695 2426 3804
4896 866 2776 2426
4897 940 3804 2776
4898 2776 3804 2426
4899 914 3010 3805
4900 671 3552 3010
4901 965 3805 3552
4902 3552 3805 3010
4903 792 3806 3648
4904 948 3279 3806
4905 1107 3648 3279
4906 3279 3648 3806
4907 694 3079 3808
4908 693 3807 3079
4909 781 3808 3807
4910 3807 3808 3079
4911 1004 3811 3810
4912 676 3809 3811
4913 1158 3810 3809
4914 3809 3810 3811
4915 639 3813 2620
4916 1066 3812 3813
4917 1111 2620 3812
4918 3812 2620 3813
4919 1024 3816 3815
4920 657 3814 3816
4921 1140 3815 3814
4922 3814 3815 3816
4923 716 3737 2185
4924 895 2843 3737
4925 1051 2185 2843
4926 2843 2185 3737
4927 657 2574 3814
4928 1069 3817 2574
4929 1140 3814 3817
4930 3817 3814 2574
4931 646 1927 2057
4932 942 3818 1927
4933 1100 2057 3818
4934 3818 2057 1927
4935 691 3037 3820
4936 1522 3819 3037
4937 1575 3820 3819
4938 3819 3820 3037
4939 1124 3822 3040
4940 1574 3821 3822
4941 1522 3040 3821
4942 3821 3040 3822
4943 1133 3825 3824
4944 1575 3823 3825
4945 1574 3824 3823
4946 3823 3824 3825
4947 1574 3823 3821
4948 1575 3819 3823
4949 1522 3821 3819
4950 3819 3821 3823
4951 357 3828 3827
4952 781 3826 3828
4953 1082 3827 3826
4954 3826 3827 3828
4955 892 2180 3830
4956 181 3829 2180
4957 1060 3830 3829
4958 3829 3830 2180
4959 758 3227 2673
4960 877 3831 3227
4961 899 2673 3831
4962 3831 2673 3227
4963 737 2237 3833
4964 1238 3832 2237
4965 1350 3833 3832
4966 3832 3833 2237
4967 817 3714 2235
4968 1346 3834 3714
4969 1238 2235 3834
4970 3834 2235 3714
4971 927 3836 3712
4972 1350 3835 3836
4973 1346 3712 3835
4974 3835 3712 3836
4975 1346 3835 3834
4976 1350 3832 3835
4977 1238 3834 3832
4978 3832 3834 3835
4979 888 2490 3837
4980 756 3612 2490
4981 1150 3837 3612
4982 3612 3837 2490
4983 881 2878 3839
4984 672 3838 2878
4985 1147 3839 3838
4986 3838 3839 2878
4987 707 3471 1920
4988 815 3132 3471
4989 977 1920 3132
4990 3132 1920 3471
4991 66 3840 3768
4992 61 3741 3840
4993 1049 3768 3741
4994 3741 3768 3840
4995 367 3843 3842
4996 362 3841 3843
4997 1082 3842 3841
4998 3841 3842 3843
4999 925 3300 3845
5000 674 3844 3300
5001 1173 3845 3844
5002 3844 3845 3300
5003 448 3847 3846
5004 443 3694 3847
5005 984 3846 3694
5006 3694 3846 3847
5007 699 3850 3849
5008 926 3848 3850
5009 943 3849 3848
5010 3848 3849 3850
5011 874 2497 2974
5012 628 3851 2497
5013 985 2974 3851
5014 3851 2974 2497
5015 702 1829 3235
5016 995 3852 1829
5017 1040 3235 3852
5018 3852 3235 1829
5019 625 1837 3854
5020 967 3853 1837
5021 1092 3854 3853
5022 3853 3854 1837
5023 1022 3857 3856
5024 1134 3855 3857
5025 1576 3856 3855
5026 3855 3856 3857
5027 1022 3856 2319
5028 1576 3858 3856
5029 692 2319 3858
5030 3858 2319 3856
5031 883 2655 3113
5032 770 3524 2655
5033 1028 3113 3524
5034 3524 3113 2655
5035 945 3168 3860
5036 1537 3859 3168
5037 1578 3860 3859
5038 3859 3860 3168
5039 227 3862 3166
5040 1577 3861 3862
5041 1537 3166 3861
5042 3861 3166 3862
5043 1043 3865 3864
5044 1578 3863 3865
5045 1577 3864 3863
5046 3863 3864 3865
5047 1577 3863 3861
5048 1578 3859 3863
5049 1537 3861 3859
5050 3859 3861 3863
5051 973 3867 2842
5052 670 3866 3867
5053 1051 2842 3866
5054 3866 2842 3867
5055 773 2744 3869
5056 1501 3868 2744
5057 1580 3869 3868
5058 3868 3869 2744
5059 932 3871 2742
5060 1579 3870 3871
5061 1501 2742 3870
5062 3870 2742 3871
5063 1072 3874 3873
5064 1580 3872 3874
5065 1579 3873 3872
5066 3872 3873 3874
5067 1579 3872 3870
5068 1580 3868 3872
5069 1501 3870 3868
5070 3868 3870 3872
5071 767 3877 3876
5072 1352 3875 3877
5073 1351 3876 3875
5074 3875 3876 3877
5075 844 2390 3879
5076 1256 3878 2390
5077 1352 3879 3878
5078 3878 3879 2390
5079 911 3881 2395
5080 1351 3880 3881
5081 1256 2395 3880
5082 3880 2395 3881
5083 1256 3880 3878
5084 1351 3875 3880
5085 1352 3878 3875
5086 3875 3878 3880
5087 418 3884 3883
5088 413 3882 3884
5089 1095 3883 3882
5090 3882 3883 3884
5091 906 2803 3885
5092 136 3668 2803
5093 954 3885 3668
5094 3668 3885 2803
5095 691 3887 3210
5096 1582 3886 3887
5097 1543 3210 3886
5098 3886 3210 3887
5099 884 3890 3889
5100 1581 3888 3890
5101 1582 3889 3888
5102 3888 3889 3890
5103 1105 3212 3892
5104 1543 3891 3212
5105 1581 3892 3891
5106 3891 3892 3212
5107 1581 3891 3888
5108 1543 3886 3891
5109 1582 3888 3886
5110 3886 3888 3891
5111 593 3895 3894
5112 588 3893 3895
5113 988 3894 3893
5114 3893 3894 3895
5115 716 2187 2385
5116 860 2874 2187
5117 904 2385 2874
5118 2874 2385 2187
5119 181 3897 3829
5120 176 3896 3897
5121 1060 3829 3896
5122 3896 3829 3897
5123 926 2061 3848
5124 653 3898 2061
5125 943 3848 3898
5126 3898 3848 2061
5127 282 2820 3425
5128 919 3899 2820
5129 1057 3425 3899
5130 3899 3425 2820
5131 656 3902 3901
5132 783 3900 3902
5133 804 3901 3900
5134 3900 3901 3902
5135 227 3904 3862
5136 1584 3903 3904
5137 1577 3862 3903
5138 3903 3862 3904
5139 222 3907 3906
5140 1583 3905 3907
5141 1584 3906 3905
5142 3905 3906 3907
5143 1043 3864 3909
5144 1577 3908 3864
5145 1583 3909 3908
5146 3908 3909 3864
5147 1583 3908 3905
5148 1577 3903 3908
5149 1584 3905 3903
5150 3903 3905 3908
5151 121 3152 3448
5152 1535 3910 3152
5153 1558 3448 3910
5154 3910 3448 3152
5155 872 1674 3159
5156 1413 3911 1674
5157 1535 3159 3911
5158 3911 3159 1674
5159 904 3451 1681
5160 1558 3912 3451
5161 1413 1681 3912
5162 3912 1681 3451
5163 1413 3912 3911
5164 1558 3910 3912
5165 1535 3911 3910
5166 3910 3911 3912
5167 947 3915 3914
5168 761 3913 3915
5169 975 3914 3913
5170 3913 3914 3915
5171 428 3917 3614
5172 423 3916 3917
5173 993 3614 3916
5174 3916 3614 3917
5175 1006 3919 3918
5176 677 3269 3919
5177 1193 3918 3269
5178 3269 3918 3919
5179 931 3479 3493
5180 609 2653 3479
5181 996 3493 2653
5182 2653 3493 3479
5183 503 3921 2799
5184 1353 3920 3921
5185 1285 2799 3920
5186 3920 2799 3921
5187 498 3243 3923
5188 1311 3922 3243
5189 1353 3923 3922
5190 3922 3923 3243
5191 1074 2801 3248
5192 1285 3924 2801
5193 1311 3248 3924
5194 3924 3248 2801
5195 1311 3924 3922
5196 1285 3920 3924
5197 1353 3922 3920
5198 3920 3922 3924
5199 678 3327 3925
5200 965 3551 3327
5201 994 3925 3551
5202 3551 3925 3327
5203 658 3502 3926
5204 684 1822 3502
5205 920 3926 1822
5206 1822 3926 3502
5207 754 2388 2662
5208 955 3927 2388
5209 974 2662 3927
5210 3927 2662 2388
5211 616 3930 3929
5212 606 3928 3930
5213 1151 3929 3928
5214 3928 3929 3930
5215 653 2980 3898
5216 829 3931 2980
5217 943 3898 3931
5218 3931 3898 2980
5219 945 3934 3933
5220 1586 3932 3934
5221 1585 3933 3932
5222 3932 3933 3934
5223 773 3869 3936
5224 1580 3935 3869
5225 1586 3936 3935
5226 3935 3936 3869
5227 1072 3938 3874
5228 1585 3937 3938
5229 1580 3874 3937
5230 3937 3874 3938
5231 1580 3937 3935
5232 1585 3932 3937
5233 1586 3935 3932
5234 3932 3935 3937
5235 788 3940 3417
5236 991 3939 3940
5237 1087 3417 3939
5238 3939 3417 3940
5239 458 3942 3792
5240 453 3941 3942
5241 1065 3792 3941
5242 3941 3792 3942
5243 751 1967 3943
5244 685 3333 1967
5245 1101 3943 3333
5246 3333 3943 1967
5247 908 2332 3945
5248 1472 3944 2332
5249 1588 3945 3944
5250 3944 3945 2332
5251 769 3947 2330
5252 1587 3946 3947
5253 1472 2330 3946
5254 3946 2330 3947
5255 1088 3950 3949
5256 1588 3948 3950
5257 1587 3949 3948
5258 3948 3949 3950
5259 1587 3948 3946
5260 1588 3944 3948
5261 1472 3946 3944
5262 3944 3946 3948
5263 987 2523 3952
5264 1485 3951 2523
5265 1590 3952 3951
5266 3951 3952 2523
5267 893 3954 2521
5268 1589 3953 3954
5269 1485 2521 3953
5270 3953 2521 3954
5271 1117 3957 3956
5272 1590 3955 3957
5273 1589 3956 3955
5274 3955 3956 3957
5275 1589 3955 3953
5276 1590 3951 3955
5277 1485 3953 3951
5278 3951 3953 3955
5279 842 3498 3364
5280 706 3958 3498
5281 877 3364 3958
5282 3958 3364 3498
5283 788 2134 3115
5284 862 3959 2134
5285 1039 3115 3959
5286 3959 3115 2134
5287 1089 2808 3960
5288 705 3012 2808
5289 1138 3960 3012
5290 3012 3960 2808
5291 111 2105 1733
5292 1448 3961 2105
5293 1418 1733 3961
5294 3961 1733 2105
5295 884 3963 2112
5296 1591 3962 3963
5297 1448 2112 3962
5298 3962 2112 3963
5299 1133 1735 3965
5300 1418 3964 1735
5301 1591 3965 3964
5302 3964 3965 1735
5303 1591 3964 3962
5304 1418 3961 3964
5305 1448 3962 3961
5306 3961 3962 3964
5307 1039 3959 2657
5308 862 3966 3959
5309 1194 2657 3966
5310 3966 2657 3959
5311 156 3969 3968
5312 151 3967 3969
5313 992 3968 3967
5314 3967 3968 3969
5315 106 3972 3971
5316 1594 3970 3972
5317 1593 3971 3970
5318 3970 3971 3972
5319 101 3975 3974
5320 1592 3973 3975
5321 1594 3974 3973
5322 3973 3974 3975
5323 1088 3978 3977
5324 1593 3976 3978
5325 1592 3977 3976
5326 3976 3977 3978
5327 1592 3976 3973
5328 1593 3970 3976
5329 1594 3973 3970
5330 3970 3973 3976
5331 217 3981 3980
5332 1597 3979 3981
5333 1596 3980 3979
5334 3979 3980 3981
5335 212 3984 3983
5336 1595 3982 3984
5337 1597 3983 3982
5338 3982 3983 3984
5339 1127 3987 3986
5340 1596 3985 3987
5341 1595 3986 3985
5342 3985 3986 3987
5343 1595 3985 3982
5344 1596 3979 3985
5345 1597 3982 3979
5346 3979 3982 3985
5347 1067 3777 3650
5348 833 1743 3777
5349 1096 3650 1743
5350 1743 3650 3777
5351 222 3990 3989
5352 1600 3988 3990
5353 1599 3989 3988
5354 3988 3989 3990
5355 217 3993 3992
5356 1598 3991 3993
5357 1600 3992 3991
5358 3991 3992 3993
5359 1071 3996 3995
5360 1599 3994 3996
5361 1598 3995 3994
5362 3994 3995 3996
5363 1598 3994 3991
5364 1599 3988 3994
5365 1600 3991 3988
5366 3988 3991 3994
5367 828 3173 3118
5368 886 3997 3173
5369 1010 3118 3997
5370 3997 3118 3173
5371 695 3998 2128
5372 887 3395 3998
5373 892 2128 3395
5374 3395 2128 3998
5375 26 4001 4000
5376 21 3999 4001
5377 1025 4000 3999
5378 3999 4000 4001
5379 453 2969 3941
5380 929 4002 2969
5381 1065 3941 4002
5382 4002 3941 2969
5383 728 4005 4004
5384 1075 4003 4005
5385 1192 4004 4003
5386 4003 4004 4005
5387 637 2818 3652
5388 891 4006 2818
5389 1067 3652 4006
5390 4006 3652 2818
5391 960 2793 3265
5392 668 1951 2793
5393 1155 3265 1951
5394 1951 3265 2793
5395 242 3361 3627
5396 947 3914 3361
5397 975 3627 3914
5398 3914 3627 3361
5399 765 2155 4008
5400 1451 4007 2155
5401 1602 4008 4007
5402 4007 4008 2155
5403 981 4010 2162
5404 1601 4009 4010
5405 1451 2162 4009
5406 4009 2162 4010
5407 1007 4013 4012
5408 1602 4011 4013
5409 1601 4012 4011
5410 4011 4012 4013
5411 1601 4011 4009
5412 1602 4007 4011
5413 1451 4009 4007
5414 4007 4009 4011
5415 651 2823 4014
5416 1005 2809 2823
5417 1089 4014 2809
5418 2809 4014 2823
5419 1014 2443 3536
5420 1261 4015 2443
5421 1325 3536 4015
5422 4015 3536 2443
5423 809 4017 2441
5424 1354 4016 4017
5425 1261 2441 4016
5426 4016 2441 4017
5427 1030 3538 4019
5428 1325 4018 3538
5429 1354 4019 4018
5430 4018 4019 3538
5431 1354 4018 4016
5432 1325 4015 4018
5433 1261 4016 4015
5434 4015 4016 4018
5435 146 4022 4021
5436 141 4020 4022
5437 1091 4021 4020
5438 4020 4021 4022
5439 789 3318 4023
5440 971 3603 3318
5441 1041 4023 3603
5442 3603 4023 3318
5443 841 2806 4025
5444 783 4024 2806
5445 1080 4025 4024
5446 4024 4025 2806
5447 900 3613 3693
5448 756 3507 3613
5449 984 3693 3507
5450 3507 3693 3613
5451 806 2829 4026
5452 625 3854 2829
5453 1092 4026 3854
5454 3854 4026 2829
5455 773 3936 2307
5456 1586 4027 3936
5457 1467 2307 4027
5458 4027 2307 3936
5459 945 3860 3934
5460 1578 4028 3860
5461 1586 3934 4028
5462 4028 3934 3860
5463 1043 2309 3865
5464 1467 4029 2309
5465 1578 3865 4029
5466 4029 3865 2309
5467 1578 4029 4028
5468 1467 4027 4029
5469 1586 4028 4027
5470 4027 4028 4029
5471 705 2810 4031
5472 1005 4030 2810
5473 1099 4031 4030
5474 4030 4031 2810
5475 785 3264 4032
5476 744 3707 3264
5477 1038 4032 3707
5478 3707 4032 3264
5479 962 1973 4033
5480 644 2685 1973
5481 1085 4033 2685
5482 2685 4033 1973
5483 946 2826 4034
5484 638 1653 2826
5485 1001 4034 1653
5486 1653 4034 2826
5487 680 4036 3600
5488 775 4035 4036
5489 776 3600 4035
5490 4035 3600 4036
5491 635 2536 2038
5492 976 4037 2536
5493 977 2038 4037
5494 4037 2038 2536
5495 676 3811 4038
5496 1004 3177 3811
5497 1026 4038 3177
5498 3177 4038 3811
5499 854 4040 4039
5500 762 3291 4040
5501 930 4039 3291
5502 3291 4039 4040
5503 971 2858 3601
5504 654 4041 2858
5505 1156 3601 4041
5506 4041 3601 2858
5507 1024 2366 4043
5508 715 4042 2366
5509 1035 4043 4042
5510 4042 4043 2366
5511 1168 4046 4045
5512 687 4044 4046
5513 1179 4045 4044
5514 4044 4045 4046
5515 805 3170 4048
5516 774 4047 3170
5517 1153 4048 4047
5518 4047 4048 3170
5519 903 2570 4050
5520 272 4049 2570
5521 1178 4050 4049
5522 4049 4050 2570
5523 670 4051 3866
5524 739 2811 4051
5525 1051 3866 2811
5526 2811 3866 4051
5527 41 4053 4052
5528 36 3523 4053
5529 1061 4052 3523
5530 3523 4052 4053
5531 929 2968 3506
5532 448 3846 2968
5533 984 3506 3846
5534 3846 3506 2968
5535 1090 4055 4054
5536 747 2756 4055
5537 1115 4054 2756
5538 2756 4054 4055
5539 865 2617 3222
5540 721 4056 2617
5541 1026 3222 4056
5542 4056 3222 2617
5543 930 2071 4057
5544 598 3526 2071
5545 1164 4057 3526
5546 3526 4057 2071
5547 709 2468 4059
5548 849 4058 2468
5549 1006 4059 4058
5550 4058 4059 2468
5551 1048 2616 3063
5552 865 4060 2616
5553 1139 3063 4060
5554 4060 3063 2616
5555 941 2563 4062
5556 543 4061 2563
5557 1019 4062 4061
5558 4061 4062 2563
5559 896 2531 4064
5560 1265 4063 2531
5561 1355 4064 4063
5562 4063 4064 2531
5563 518 3685 2529
5564 1343 4065 3685
5565 1265 2529 4065
5566 4065 2529 3685
5567 938 4067 3692
5568 1355 4066 4067
5569 1343 3692 4066
5570 4066 3692 4067
5571 1343 4066 4065
5572 1355 4063 4066
5573 1265 4065 4063
5574 4063 4065 4066
5575 885 3197 3089
5576 840 3638 3197
5577 1128 3089 3638
5578 3638 3089 3197
5579 1027 4070 4069
5580 663 4068 4070
5581 1356 4069 4068
5582 4068 4069 4070
5583 1027 4069 3733
5584 1356 4071 4069
5585 1068 3733 4071
5586 4071 3733 4069
5587 690 1963 4072
5588 1038 3706 1963
5589 1144 4072 3706
5590 3706 4072 1963
5591 961 3516 3240
5592 46 3682 3516
5593 1011 3240 3682
5594 3682 3240 3516
5595 911 2276 4074
5596 1242 4073 2276
5597 1358 4074 4073
5598 4073 4074 2276
5599 632 4076 2274
5600 1357 4075 4076
5601 1242 2274 4075
5602 4075 2274 4076
5603 1021 4079 4078
5604 1358 4077 4079
5605 1357 4078 4077
5606 4077 4078 4079
5607 1357 4077 4075
5608 1358 4073 4077
5609 1242 4075 4073
5610 4073 4075 4077
5611 988 4082 4081
5612 989 4080 4082
5613 1126 4081 4080
5614 4080 4081 4082
5615 643 2700 2606
5616 818 4083 2700
5617 951 2606 4083
5618 4083 2606 2700
5619 736 4085 2782
5620 850 4084 4085
5621 1170 2782 4084
5622 4084 2782 4085
5623 715 2855 4042
5624 946 4086 2855
5625 1035 4042 4086
5626 4086 4042 2855
5627 623 4089 4088
5628 622 4087 4089
5629 1116 4088 4087
5630 4087 4088 4089
5631 202 4091 1934
5632 1604 4090 4091
5633 1434 1934 4090
5634 4090 1934 4091
5635 397 4094 4093
5636 1603 4092 4094
5637 1604 4093 4092
5638 4092 4093 4094
5639 1120 1936 4096
5640 1434 4095 1936
5641 1603 4096 4095
5642 4095 4096 1936
5643 1603 4095 4092
5644 1434 4090 4095
5645 1604 4092 4090
5646 4090 4092 4095
5647 553 4099 4098
5648 548 4097 4099
5649 1020 4098 4097
5650 4097 4098 4099
5651 528 4102 4101
5652 1361 4100 4102
5653 1360 4101 4100
5654 4100 4101 4102
5655 523 4105 4104
5656 1359 4103 4105
5657 1361 4104 4103
5658 4103 4104 4105
5659 998 4108 4107
5660 1360 4106 4108
5661 1359 4107 4106
5662 4106 4107 4108
5663 1359 4106 4103
5664 1360 4100 4106
5665 1361 4103 4100
5666 4100 4103 4106
5667 916 1964 3626
5668 690 4109 1964
5669 1186 3626 4109
5670 4109 3626 1964
5671 1008 3729 4110
5672 26 4000 3729
5673 1025 4110 4000
5674 4000 4110 3729
5675 829 3003 3931
5676 696 4111 3003
5677 943 3931 4111
5678 4111 3931 3003
5679 212 2931 3984
5680 1516 4112 2931
5681 1595 3984 4112
5682 4112 3984 2931
5683 957 4114 2938
5684 1605 4113 4114
5685 1516 2938 4113
5686 4113 2938 4114
5687 1127 3986 4116
5688 1595 4115 3986
5689 1605 4116 4115
5690 4115 4116 3986
5691 1605 4115 4113
5692 1595 4112 4115
5693 1516 4113 4112
5694 4112 4113 4115
5695 986 3146 4118
5696 1533 4117 3146
5697 1606 4118 4117
5698 4117 4118 3146
5699 689 3616 3144
5700 1566 4119 3616
5701 1533 3144 4119
5702 4119 3144 3616
5703 1122 4121 3621
5704 1606 4120 4121
5705 1566 3621 4120
5706 4120 3621 4121
5707 1566 4120 4119
5708 1606 4117 4120
5709 1533 4119 4117
5710 4117 4119 4120
5711 741 2252 4123
5712 634 4122 2252
5713 1160 4123 4122
5714 4122 4123 2252
5715 752 4124 2124
5716 656 3901 4124
5717 804 2124 3901
5718 3901 2124 4124
5719 735 4126 4125
5720 923 2738 4126
5721 924 4125 2738
5722 2738 4125 4126
5723 789 4128 4127
5724 878 3769 4128
5725 1049 4127 3769
5726 3769 4127 4128
5727 735 3770 2660
5728 724 4129 3770
5729 1062 2660 4129
5730 4129 2660 3770
5731 697 1795 4131
5732 1426 4130 1795
5733 1608 4131 4130
5734 4130 4131 1795
5735 1023 4133 1802
5736 1607 4132 4133
5737 1426 1802 4132
5738 4132 1802 4133
5739 1070 4136 4135
5740 1608 4134 4136
5741 1607 4135 4134
5742 4134 4135 4136
5743 1607 4134 4132
5744 1608 4130 4134
5745 1426 4132 4130
5746 4130 4132 4134
5747 606 4137 3928
5748 615 3732 4137
5749 1151 3928 3732
5750 3732 3928 4137
5751 697 4140 4139
5752 1611 4138 4140
5753 1610 4139 4138
5754 4138 4139 4140
5755 851 4143 4142
5756 1609 4141 4143
5757 1611 4142 4141
5758 4141 4142 4143
5759 1072 4146 4145
5760 1610 4144 4146
5761 1609 4145 4144
5762 4144 4145 4146
5763 1609 4144 4141
5764 1610 4138 4144
5765 1611 4141 4138
5766 4138 4141 4144
5767 663 4070 4148
5768 1027 4147 4070
5769 1109 4148 4147
5770 4147 4148 4070
5771 1054 4151 4150
5772 690 4149 4151
5773 1059 4150 4149
5774 4149 4150 4151
5775 761 3915 4153
5776 947 4152 3915
5777 1612 4153 4152
5778 4152 4153 3915
5779 761 4153 4155
5780 1612 4154 4153
5781 1112 4155 4154
5782 4154 4155 4153
5783 910 2424 2601
5784 1475 4156 2424
5785 1489 2601 4156
5786 4156 2601 2424
5787 768 3204 2422
5788 1542 4157 3204
5789 1475 2422 4157
5790 4157 2422 3204
5791 956 2603 3202
5792 1489 4158 2603
5793 1542 3202 4158
5794 4158 3202 2603
5795 1542 4158 4157
5796 1489 4156 4158
5797 1475 4157 4156
5798 4156 4157 4158
5799 934 3076 4159
5800 146 4021 3076
5801 1091 4159 4021
5802 4021 4159 3076
5803 267 3443 4161
5804 959 4160 3443
5805 1178 4161 4160
5806 4160 4161 3443
5807 878 4162 3236
5808 720 3472 4162
5809 928 3236 3472
5810 3472 3236 4162
5811 186 2905 4164
5812 1142 4163 2905
5813 1362 4164 4163
5814 4163 4164 2905
5815 186 4164 4166
5816 1362 4165 4164
5817 191 4166 4165
5818 4165 4166 4164
5819 176 3109 3896
5820 950 4167 3109
5821 1060 3896 4167
5822 4167 3896 3109
5823 633 1824 4169
5824 830 4168 1824
5825 1130 4169 4168
5826 4168 4169 1824
5827 1009 4171 2480
5828 727 4170 4171
5829 1183 2480 4170
5830 4170 2480 4171
5831 1109 3215 4172
5832 837 2962 3215
5833 1299 4172 2962
5834 2962 4172 3215
5835 1109 4172 4148
5836 1299 2960 4172
5837 663 4148 2960
5838 2960 4148 4172
5839 958 3270 4173
5840 418 3883 3270
5841 1095 4173 3883
5842 3883 4173 3270
5843 693 4175 3807
5844 779 4174 4175
5845 781 3807 4174
5846 4174 3807 4175
5847 796 1849 2541
5848 1008 4110 1849
5849 1025 2541 4110
5850 4110 2541 1849
5851 815 3470 4176
5852 891 3362 3470
5853 974 4176 3362
5854 3362 4176 3470
5855 790 3148 4177
5856 826 2467 3148
5857 1113 4177 2467
5858 2467 4177 3148
5859 693 4179 4175
5860 765 4178 4179
5861 779 4175 4178
5862 4178 4175 4179
5863 563 4182 4181
5864 558 4180 4182
5865 1031 4181 4180
5866 4180 4181 4182
5867 728 2183 4005
5868 831 3576 2183
5869 1075 4005 3576
5870 3576 4005 2183
5871 588 4185 4184
5872 583 4183 4185
5873 989 4184 4183
5874 4183 4184 4185
5875 666 2995 4187
5876 1521 4186 2995
5877 1614 4187 4186
5878 4186 4187 2995
5879 909 4189 2993
5880 1613 4188 4189
5881 1521 2993 4188
5882 4188 2993 4189
5883 1135 4192 4191
5884 1614 4190 4192
5885 1613 4191 4190
5886 4190 4191 4192
5887 1613 4190 4188
5888 1614 4186 4190
5889 1521 4188 4186
5890 4186 4188 4190
5891 822 1884 3590
5892 1208 4193 1884
5893 1335 3590 4193
5894 4193 3590 1884
5895 1 3356 1882
5896 1318 4194 3356
5897 1208 1882 4194
5898 4194 1882 3356
5899 968 3592 3354
5900 1335 4195 3592
5901 1318 3354 4195
5902 4195 3354 3592
5903 1318 4195 4194
5904 1335 4193 4195
5905 1208 4194 4193
5906 4193 4194 4195
5907 716 2386 3736
5908 751 3943 2386
5909 1101 3736 3943
5910 3943 3736 2386
5911 825 2764 4196
5912 727 4171 2764
5913 1009 4196 4171
5914 4171 4196 2764
5915 620 4198 3500
5916 607 4197 4198
5917 1182 3500 4197
5918 4197 3500 4198
5919 972 2686 4200
5920 1495 4199 2686
5921 1615 4200 4199
5922 4199 4200 2686
5923 644 3696 2683
5924 1568 4201 3696
5925 1495 2683 4201
5926 4201 2683 3696
5927 1052 4203 3701
5928 1615 4202 4203
5929 1568 3701 4202
5930 4202 3701 4203
5931 1568 4202 4201
5932 1615 4199 4202
5933 1495 4201 4199
5934 4199 4201 4202
5935 1071 3995 3606
5936 1598 4204 3995
5937 1564 3606 4204
5938 4204 3606 3995
5939 217 3980 3993
5940 1596 4205 3980
5941 1598 3993 4205
5942 4205 3993 3980
5943 1127 3608 3987
5944 1564 4206 3608
5945 1596 3987 4206
5946 4206 3987 3608
5947 1596 4206 4205
5948 1564 4204 4206
5949 1598 4205 4204
5950 4204 4205 4206
5951 1095 3882 4207
5952 413 3301 3882
5953 1152 4207 3301
5954 3301 4207 3882
5955 941 4210 4209
5956 775 4208 4210
5957 1020 4209 4208
5958 4208 4209 4210
5959 257 3403 4212
5960 964 4211 3403
5961 1121 4212 4211
5962 4211 4212 3403
5963 1069 3214 3817
5964 796 2540 3214
5965 1140 3817 2540
5966 2540 3817 3214
5967 573 4214 3788
5968 568 4213 4214
5969 1036 3788 4213
5970 4213 3788 4214
5971 768 2421 3618
5972 1476 4215 2421
5973 1565 3618 4215
5974 4215 3618 2421
5975 908 4217 2419
5976 1616 4216 4217
5977 1476 2419 4216
5978 4216 2419 4217
5979 1122 3620 4219
5980 1565 4218 3620
5981 1616 4219 4218
5982 4218 4219 3620
5983 1616 4218 4216
5984 1565 4215 4218
5985 1476 4216 4215
5986 4215 4216 4218
5987 755 2731 4221
5988 1498 4220 2731
5989 1617 4221 4220
5990 4220 4221 2731
5991 972 4200 2734
5992 1615 4222 4200
5993 1498 2734 4222
5994 4222 2734 4200
5995 1052 4224 4203
5996 1617 4223 4224
5997 1615 4203 4223
5998 4223 4203 4224
5999 1615 4223 4222
6000 1617 4220 4223
6001 1498 4222 4220
6002 4220 4222 4223
6003 848 3126 2790
6004 810 4225 3126
6005 1175 2790 4225
6006 4225 2790 3126
6007 1043 3909 2310
6008 1583 4226 3909
6009 1466 2310 4226
6010 4226 2310 3909
6011 222 3989 3907
6012 1599 4227 3989
6013 1583 3907 4227
6014 4227 3907 3989
6015 1071 2312 3996
6016 1466 4228 2312
6017 1599 3996 4228
6018 4228 3996 2312
6019 1599 4228 4227
6020 1466 4226 4228
6021 1583 4227 4226
6022 4226 4227 4228
6023 901 3764 4229
6024 1004 3810 3764
6025 1158 4229 3810
6026 3810 4229 3764
6027 607 4231 4197
6028 619 4230 4231
6029 1182 4197 4230
6030 4230 4197 4231
6031 141 2804 4020
6032 906 4232 2804
6033 1091 4020 4232
6034 4232 4020 2804
6035 630 1751 4234
6036 819 4233 1751
6037 933 4234 4233
6038 4233 4234 1751
6039 392 4237 4236
6040 1620 4235 4237
6041 1619 4236 4235
6042 4235 4236 4237
6043 387 4240 4239
6044 1618 4238 4240
6045 1620 4239 4238
6046 4238 4239 4240
6047 1165 4243 4242
6048 1619 4241 4243
6049 1618 4242 4241
6050 4241 4242 4243
6051 1618 4241 4238
6052 1619 4235 4241
6053 1620 4238 4235
6054 4235 4238 4241
6055 868 1838 4244
6056 625 3671 1838
6057 1086 4244 3671
6058 3671 4244 1838
6059 906 4247 4246
6060 739 4245 4247
6061 1138 4246 4245
6062 4245 4246 4247
6063 687 3239 4044
6064 985 4248 3239
6065 1179 4044 4248
6066 4248 4044 3239
6067 262 4250 4249
6068 257 4212 4250
6069 1121 4249 4212
6070 4212 4249 4250
6071 795 2824 3489
6072 651 4251 2824
6073 1058 3489 4251
6074 4251 3489 2824
6075 629 1853 4253
6076 749 4252 1853
6077 1153 4253 4252
6078 4252 4253 1853
6079 743 4256 4255
6080 1365 4254 4256
6081 1364 4255 4254
6082 4254 4255 4256
6083 853 4259 4258
6084 1363 4257 4259
6085 1365 4258 4257
6086 4257 4258 4259
6087 1141 4262 4261
6088 1364 4260 4262
6089 1363 4261 4260
6090 4260 4261 4262
6091 1363 4260 4257
6092 1364 4254 4260
6093 1365 4257 4254
6094 4254 4257 4260
6095 21 2721 3999
6096 952 1859 2721
6097 1025 3999 1859
6098 1859 3999 2721
6099 1005 4264 4030
6100 706 4263 4264
6101 1099 4030 4263
6102 4263 4030 4264
6103 667 3234 4266
6104 838 4265 3234
6105 1167 4266 4265
6106 4265 4266 3234
6107 798 4268 4267
6108 800 3338 4268
6109 951 4267 3338
6110 3338 4267 4268
6111 925 2891 3548
6112 814 2705 2891
6113 1119 3548 2705
6114 2705 3548 2891
6115 583 4270 4269
6116 578 3373 4270
6117 997 4269 3373
6118 3373 4269 4270
6119 750 4271 3241
6120 863 3175 4271
6121 961 3241 3175
6122 3175 3241 4271
6123 1011 3681 4272
6124 41 4052 3681
6125 1061 4272 4052
6126 4052 4272 3681
6127 743 2279 4274
6128 1244 4273 2279
6129 1367 4274 4273
6130 4273 4274 2279
6131 782 4276 2284
6132 1366 4275 4276
6133 1244 2284 4275
6134 4275 2284 4276
6135 935 4279 4278
6136 1367 4277 4279
6137 1366 4278 4277
6138 4277 4278 4279
6139 1366 4277 4275
6140 1367 4273 4277
6141 1244 4275 4273
6142 4273 4275 4277
6143 397 3386 4094
6144 1554 4280 3386
6145 1603 4094 4280
6146 4280 4094 3386
6147 978 4282 3393
6148 1621 4281 4282
6149 1554 3393 4281
6150 4281 3393 4282
6151 1120 4096 4284
6152 1603 4283 4096
6153 1621 4284 4283
6154 4283 4284 4096
6155 1621 4283 4281
6156 1603 4280 4283
6157 1554 4281 4280
6158 4280 4281 4283
6159 814 3329 2342
6160 1012 4285 3329
6161 1018 2342 4285
6162 4285 2342 3329
6163 272 4286 4049
6164 267 4161 4286
6165 1178 4049 4161
6166 4161 4049 4286
6167 851 4142 4288
6168 1611 4287 4142
6169 1623 4288 4287
6170 4287 4288 4142
6171 697 4290 4140
6172 1622 4289 4290
6173 1611 4140 4289
6174 4289 4140 4290
6175 1112 4293 4292
6176 1623 4291 4293
6177 1622 4292 4291
6178 4291 4292 4293
6179 1622 4291 4289
6180 1623 4287 4291
6181 1611 4289 4287
6182 4287 4289 4291
6183 1042 4295 4294
6184 784 2316 4295
6185 1183 4294 2316
6186 2316 4294 4295
6187 807 3655 3622
6188 1015 4296 3655
6189 1016 3622 4296
6190 4296 3622 3655
6191 686 2101 4297
6192 652 3432 2101
6193 694 4297 3432
6194 3432 4297 2101
6195 533 4300 4299
6196 1370 4298 4300
6197 1369 4299 4298
6198 4298 4299 4300
6199 528 4303 4302
6200 1368 4301 4303
6201 1370 4302 4301
6202 4301 4302 4303
6203 999 4306 4305
6204 1369 4304 4306
6205 1368 4305 4304
6206 4304 4305 4306
6207 1368 4304 4301
6208 1369 4298 4304
6209 1370 4301 4298
6210 4298 4301 4304
6211 382 4309 4308
6212 1626 4307 4309
6213 1625 4308 4307
6214 4307 4308 4309
6215 377 4312 4311
6216 1624 4310 4312
6217 1626 4311 4310
6218 4310 4311 4312
6219 1007 4315 4314
6220 1625 4313 4315
6221 1624 4314 4313
6222 4313 4314 4315
6223 1624 4313 4310
6224 1625 4307 4313
6225 1626 4310 4307
6226 4307 4310 4313
6227 161 4318 4317
6228 156 4316 4318
6229 1123 4317 4316
6230 4316 4317 4318
6231 894 2018 4319
6232 677 3919 2018
6233 1006 4319 3919
6234 3919 4319 2018
6235 1055 4320 3662
6236 819 1961 4320
6237 1104 3662 1961
6238 1961 3662 4320
6239 850 3447 4084
6240 719 2986 3447
6241 1170 4084 2986
6242 2986 4084 3447
6243 1000 4322 4321
6244 718 3273 4322
6245 1175 4321 3273
6246 3273 4321 4322
6247 1157 4325 4324
6248 778 4323 4325
6249 1194 4324 4323
6250 4323 4324 4325
6251 775 4327 4208
6252 949 4326 4327
6253 1020 4208 4326
6254 4326 4208 4327
6255 423 3271 3916
6256 958 2515 3271
6257 993 3916 2515
6258 2515 3916 3271
6259 698 1647 4329
6260 780 4328 1647
6261 786 4329 4328
6262 4328 4329 1647
6263 973 3171 4331
6264 627 4330 3171
6265 1086 4331 4330
6266 4330 4331 3171
6267 788 3116 4333
6268 913 4332 3116
6269 1177 4333 4332
6270 4332 4333 3116
6271 1047 3598 4334
6272 636 3657 3598
6273 1169 4334 3657
6274 3657 4334 3598
6275 543 4337 4336
6276 538 4335 4337
6277 1371 4336 4335
6278 4335 4336 4337
6279 543 4336 4061
6280 1371 4338 4336
6281 1019 4061 4338
6282 4338 4061 4336
6283 151 3077 3967
6284 934 4339 3077
6285 992 3967 4339
6286 4339 3967 3077
6287 806 4342 4341
6288 742 4340 4342
6289 1058 4341 4340
6290 4340 4341 4342
6291 950 3108 4344
6292 171 4343 3108
6293 1143 4344 4343
6294 4343 4344 3108
6295 695 3804 4345
6296 940 3559 3804
6297 1328 4345 3559
6298 3559 4345 3804
6299 695 4345 3998
6300 1328 3557 4345
6301 887 3998 3557
6302 3557 3998 4345
6303 1153 4348 4347
6304 664 4346 4348
6305 1172 4347 4346
6306 4346 4347 4348
6307 1028 2953 4350
6308 633 4349 2953
6309 1145 4350 4349
6310 4349 4350 2953
6311 513 1753 3689
6312 1200 4351 1753
6313 1342 3689 4351
6314 4351 3689 1753
6315 823 4353 1760
6316 1372 4352 4353
6317 1200 1760 4352
6318 4352 1760 4353
6319 938 3691 4355
6320 1342 4354 3691
6321 1372 4355 4354
6322 4354 4355 3691
6323 1372 4354 4352
6324 1342 4351 4354
6325 1200 4352 4351
6326 4351 4352 4354
6327 878 4128 4356
6328 789 4023 4128
6329 1041 4356 4023
6330 4023 4356 4128
6331 936 1854 3740
6332 789 4127 1854
6333 1049 3740 4127
6334 4127 3740 1854
6335 739 4051 4245
6336 670 4357 4051
6337 1138 4245 4357
6338 4357 4245 4051
6339 784 4359 4358
6340 1070 4135 4359
6341 1607 4358 4135
6342 4135 4358 4359
6343 784 4358 1739
6344 1607 4133 4358
6345 1023 1739 4133
6346 4133 1739 4358
6347 1044 2253 3268
6348 826 2761 2253
6349 1193 3268 2761
6350 2761 3268 2253
6351 949 2707 4326
6352 553 4098 2707
6353 1020 4326 4098
6354 4098 4326 2707
6355 953 3284 4360
6356 161 4317 3284
6357 1123 4360 4317
6358 4317 4360 3284
6359 757 2137 1667
6360 980 4361 2137
6361 1064 1667 4361
6362 4361 1667 2137
6363 798 4363 4268
6364 678 4362 4363
6365 800 4268 4362
6366 4362 4268 4363
6367 853 4258 2676
6368 1365 4364 4258
6369 1276 2676 4364
6370 4364 2676 4258
6371 743 4274 4256
6372 1367 4365 4274
6373 1365 4256 4365
6374 4365 4256 4274
6375 935 2678 4279
6376 1276 4366 2678
6377 1367 4279 4366
6378 4366 4279 2678
6379 1367 4366 4365
6380 1276 4364 4366
6381 1365 4365 4364
6382 4364 4365 4366
6383 971 3317 2659
6384 700 3034 3317
6385 1039 2659 3034
6386 3034 2659 3317
6387 882 3790 4368
6388 624 4367 3790
6389 1136 4368 4367
6390 4367 4368 3790
6391 775 4370 4369
6392 698 4329 4370
6393 786 4369 4329
6394 4329 4369 4370
6395 676 3062 3809
6396 979 3676 3062
6397 1158 3809 3676
6398 3676 3809 3062
6399 877 4371 3831
6400 642 2299 4371
6401 899 3831 2299
6402 2299 3831 4371
6403 1026 4056 4372
6404 721 3090 4056
6405 1128 4372 3090
6406 3090 4372 4056
6407 731 2149 3802
6408 811 4373 2149
6409 919 3802 4373
6410 4373 3802 2149
6411 684 3501 4374
6412 661 3406 3501
6413 867 4374 3406
6414 3406 4374 3501
6415 786 4328 4376
6416 780 4375 4328
6417 970 4376 4375
6418 4375 4376 4328
6419 783 3902 4024
6420 656 1892 3902
6421 1080 4024 1892
6422 1892 4024 3902
6423 942 3429 3818
6424 665 4377 3429
6425 1100 3818 4377
6426 4377 3818 3429
6427 976 2535 4378
6428 730 3654 2535
6429 1013 4378 3654
6430 3654 4378 2535
6431 735 2661 4126
6432 922 4379 2661
6433 923 4126 4379
6434 4379 4126 2661
6435 935 4278 2942
6436 1366 4380 4278
6437 1294 2942 4380
6438 4380 2942 4278
6439 782 3795 4276
6440 1349 4381 3795
6441 1366 4276 4381
6442 4381 4276 3795
6443 1056 2944 3798
6444 1294 4382 2944
6445 1349 3798 4382
6446 4382 3798 2944
6447 1349 4382 4381
6448 1294 4380 4382
6449 1366 4381 4380
6450 4380 4381 4382
6451 754 4383 2387
6452 838 3402 4383
6453 1033 2387 3402
6454 3402 2387 4383
6455 593 3894 3525
6456 988 4384 3894
6457 1164 3525 4384
6458 4384 3525 3894
6459 1045 4386 4385
6460 627 2365 4386
6461 1191 4385 2365
6462 2365 4385 4386
6463 171 4388 4343
6464 166 4387 4388
6465 1143 4343 4387
6466 4387 4343 4388
6467 1002 4391 4390
6468 1374 4389 4391
6469 1373 4390 4389
6470 4389 4390 4391
6471 681 3532 4393
6472 1326 4392 3532
6473 1374 4393 4392
6474 4392 4393 3532
6475 1030 4395 3539
6476 1373 4394 4395
6477 1326 3539 4394
6478 4394 3539 4395
6479 1326 4394 4392
6480 1373 4389 4394
6481 1374 4392 4389
6482 4389 4392 4394
6483 787 3120 4397
6484 1530 4396 3120
6485 1628 4397 4396
6486 4396 4397 3120
6487 978 4399 3125
6488 1627 4398 4399
6489 1530 3125 4398
6490 4398 3125 4399
6491 1165 4402 4401
6492 1628 4400 4402
6493 1627 4401 4400
6494 4400 4401 4402
6495 1627 4400 4398
6496 1628 4396 4400
6497 1530 4398 4396
6498 4396 4398 4400
6499 719 3446 3287
6500 1053 4403 3446
6501 1157 3287 4403
6502 4403 3287 3446
6503 775 4369 4327
6504 786 4404 4369
6505 949 4327 4404
6506 4404 4327 4369
6507 841 2542 3375
6508 833 3776 2542
6509 1132 3375 3776
6510 3776 3375 2542
6511 779 4178 4406
6512 765 4405 4178
6513 1629 4406 4405
6514 4405 4406 4178
6515 779 4406 4408
6516 1629 4407 4406
6517 982 4408 4407
6518 4407 4408 4406
6519 991 3940 4409
6520 788 4333 3940
6521 1177 4409 4333
6522 4333 4409 3940
6523 908 3568 4217
6524 1562 4410 3568
6525 1616 4217 4410
6526 4410 4217 3568
6527 986 4118 3573
6528 1606 4411 4118
6529 1562 3573 4411
6530 4411 3573 4118
6531 1122 4219 4121
6532 1616 4412 4219
6533 1606 4121 4412
6534 4412 4121 4219
6535 1606 4412 4411
6536 1616 4410 4412
6537 1562 4411 4410
6538 4410 4411 4412
6539 959 3442 4413
6540 262 4249 3442
6541 1121 4413 4249
6542 4249 4413 3442
6543 166 3285 4387
6544 953 4414 3285
6545 1143 4387 4414
6546 4414 4387 3285
6547 761 1819 3913
6548 875 3416 1819
6549 975 3913 3416
6550 3416 3913 1819
6551 805 4415 2664
6552 749 3419 4415
6553 944 2664 3419
6554 3419 2664 4415
6555 818 2337 4416
6556 637 3651 2337
6557 1096 4416 3651
6558 3651 4416 2337
6559 723 4417 3372
6560 827 3727 4417
6561 889 3372 3727
6562 3727 3372 4417
6563 720 4162 4418
6564 878 4356 4162
6565 1041 4418 4356
6566 4356 4418 4162
6567 939 3047 4420
6568 1303 4419 3047
6569 1375 4420 4419
6570 4419 4420 3047
6571 191 4165 3045
6572 1362 4421 4165
6573 1303 3045 4421
6574 4421 3045 4165
6575 1142 4423 4163
6576 1375 4422 4423
6577 1362 4163 4422
6578 4422 4163 4423
6579 1362 4422 4421
6580 1375 4419 4422
6581 1303 4421 4419
6582 4419 4421 4422
6583 785 1867 3263
6584 847 2621 1867
6585 1111 3263 2621
6586 2621 3263 1867
6587 720 4424 3679
6588 876 3050 4424
6589 1181 3679 3050
6590 3050 3679 4424
6591 976 4425 4037
6592 783 1921 4425
6593 977 4037 1921
6594 1921 4037 4425
6595 710 3024 2193
6596 785 4032 3024
6597 1038 2193 4032
6598 4032 2193 3024
6599 848 3710 3609
6600 1168 4045 3710
6601 1179 3609 4045
6602 4045 3609 3710
6603 708 4427 3702
6604 1093 4426 4427
6605 1172 3702 4426
6606 4426 3702 4427
6607 1181 3049 4428
6608 704 3342 3049
6609 1550 4428 3342
6610 3342 4428 3049
6611 1181 4428 3680
6612 1550 3340 4428
6613 834 3680 3340
6614 3340 3680 4428
6615 776 4035 4429
6616 775 4210 4035
6617 941 4429 4210
6618 4210 4429 4035
6619 821 4430 3011
6620 906 4246 4430
6621 1138 3011 4246
6622 4246 3011 4430
6623 845 2856 3031
6624 715 3649 2856
6625 1107 3031 3649
6626 3649 3031 2856
6627 101 3571 3975
6628 1563 4431 3571
6629 1592 3975 4431
6630 4431 3975 3571
6631 908 3945 3569
6632 1588 4432 3945
6633 1563 3569 4432
6634 4432 3569 3945
6635 1088 3977 3950
6636 1592 4433 3977
6637 1588 3950 4433
6638 4433 3950 3977
6639 1588 4433 4432
6640 1592 4431 4433
6641 1563 4432 4431
6642 4431 4432 4433
6643 1150 3623 4434
6644 760 3546 3623
6645 1174 4434 3546
6646 3546 4434 3623
6647 676 4038 3060
6648 1026 4372 4038
6649 1128 3060 4372
6650 4372 3060 4038
6651 618 2609 3228
6652 901 4229 2609
6653 1158 3228 4229
6654 4229 3228 2609
6655 627 4386 4330
6656 1045 4435 4386
6657 1086 4330 4435
6658 4435 4330 4386
6659 548 2564 4097
6660 941 4209 2564
6661 1020 4097 4209
6662 4209 4097 2564
6663 891 3469 4006
6664 707 4436 3469
6665 1067 4006 4436
6666 4436 4006 3469
6667 896 4439 4438
6668 1378 4437 4439
6669 1377 4438 4437
6670 4437 4438 4439
6671 777 4442 4441
6672 1376 4440 4442
6673 1378 4441 4440
6674 4440 4441 4442
6675 1097 4445 4444
6676 1377 4443 4445
6677 1376 4444 4443
6678 4443 4444 4445
6679 1376 4443 4440
6680 1377 4437 4443
6681 1378 4440 4437
6682 4437 4440 4443
6683 672 2491 3838
6684 888 2928 2491
6685 1147 3838 2928
6686 2928 3838 2491
6687 673 4447 4446
6688 888 3837 4447
6689 1150 4446 3837
6690 3837 4446 4447
6691 1379 4449 4448
6692 990 3370 4449
6693 1319 4448 3370
6694 3370 4448 4449
6695 776 4451 3368
6696 1019 4450 4451
6697 1319 3368 4450
6698 4450 3368 4451
6699 1019 4452 4450
6700 1379 4448 4452
6701 1319 4450 4448
6702 4448 4450 4452
6703 951 4455 4454
6704 741 4453 4455
6705 1003 4454 4453
6706 4453 4454 4455
6707 665 2549 4377
6708 962 4456 2549
6709 1100 4377 4456
6710 4456 4377 2549
6711 1066 2618 3812
6712 772 2612 2618
6713 1111 3812 2612
6714 2612 3812 2618
6715 746 3761 3176
6716 912 3223 3761
6717 1026 3176 3223
6718 3223 3176 3761
6719 851 2457 4143
6720 1481 4457 2457
6721 1609 4143 4457
6722 4457 4143 2457
6723 945 3933 2462
6724 1585 4458 3933
6725 1481 2462 4458
6726 4458 2462 3933
6727 1072 4145 3938
6728 1609 4459 4145
6729 1585 3938 4459
6730 4459 3938 4145
6731 1585 4459 4458
6732 1609 4457 4459
6733 1481 4458 4457
6734 4457 4458 4459
6735 377 3100 4312
6736 1528 4460 3100
6737 1624 4312 4460
6738 4460 4312 3100
6739 982 4462 3107
6740 1630 4461 4462
6741 1528 3107 4461
6742 4461 3107 4462
6743 1007 4314 4464
6744 1624 4463 4314
6745 1630 4464 4463
6746 4463 4464 4314
6747 1630 4463 4461
6748 1624 4460 4463
6749 1528 4461 4460
6750 4460 4461 4463
6751 367 4467 4466
6752 1098 4465 4467
6753 1631 4466 4465
6754 4465 4466 4467
6755 367 4466 4469
6756 1631 4468 4466
6757 372 4469 4468
6758 4468 4469 4466
6759 1022 2455 3857
6760 685 2979 2455
6761 1134 3857 2979
6762 2979 3857 2455
6763 821 3013 3742
6764 705 4470 3013
6765 1185 3742 4470
6766 4470 3742 3013
6767 558 2708 4180
6768 949 4471 2708
6769 1031 4180 4471
6770 4471 4180 2708
6771 692 4473 3783
6772 1632 4472 4473
6773 1572 3783 4472
6774 4472 3783 4473
6775 812 2916 4475
6776 1514 4474 2916
6777 1632 4475 4474
6778 4474 4475 2916
6779 1189 3785 2921
6780 1572 4476 3785
6781 1514 2921 4476
6782 4476 2921 3785
6783 1514 4476 4474
6784 1572 4472 4476
6785 1632 4474 4472
6786 4472 4474 4476
6787 1014 3535 4478
6788 1327 4477 3535
6789 1380 4478 4477
6790 4477 4478 3535
6791 681 2355 3533
6792 1251 4479 2355
6793 1327 3533 4479
6794 4479 3533 2355
6795 1083 4481 2360
6796 1380 4480 4481
6797 1251 2360 4480
6798 4480 2360 4481
6799 1251 4480 4479
6800 1380 4477 4480
6801 1327 4479 4477
6802 4477 4479 4480
6803 871 4483 3183
6804 1381 4482 4483
6805 1310 3183 4482
6806 4482 3183 4483
6807 737 3833 4485
6808 1350 4484 3833
6809 1381 4485 4484
6810 4484 4485 3833
6811 927 3185 3836
6812 1310 4486 3185
6813 1350 3836 4486
6814 4486 3836 3185
6815 1350 4486 4484
6816 1310 4482 4486
6817 1381 4484 4482
6818 4482 4484 4486
6819 932 1798 3871
6820 1427 4487 1798
6821 1579 3871 4487
6822 4487 3871 1798
6823 697 4139 1796
6824 1610 4488 4139
6825 1427 1796 4488
6826 4488 1796 4139
6827 1072 3873 4146
6828 1579 4489 3873
6829 1610 4146 4489
6830 4489 4146 3873
6831 1610 4489 4488
6832 1579 4487 4489
6833 1427 4488 4487
6834 4487 4488 4489
6835 764 4491 2787
6836 1633 4490 4491
6837 1502 2787 4490
6838 4490 2787 4491
6839 893 3254 4493
6840 1547 4492 3254
6841 1633 4493 4492
6842 4492 4493 3254
6843 1050 2789 3259
6844 1502 4494 2789
6845 1547 3259 4494
6846 4494 3259 2789
6847 1547 4494 4492
6848 1502 4490 4494
6849 1633 4492 4490
6850 4490 4492 4494
6851 752 4496 4495
6852 753 3186 4496
6853 846 4495 3186
6854 3186 4495 4496
6855 810 2191 4225
6856 1000 4321 2191
6857 1175 4225 4321
6858 4321 4225 2191
6859 674 3299 3000
6860 1090 4054 3299
6861 1115 3000 4054
6862 4054 3000 3299
6863 667 4266 4498
6864 1167 4497 4266
6865 1177 4498 4497
6866 4497 4498 4266
6867 932 3068 3455
6868 1524 4499 3068
6869 1559 3455 4499
6870 4499 3455 3068
6871 666 4187 3066
6872 1614 4500 4187
6873 1524 3066 4500
6874 4500 3066 4187
6875 1135 3457 4192
6876 1559 4501 3457
6877 1614 4192 4501
6878 4501 4192 3457
6879 1614 4501 4500
6880 1559 4499 4501
6881 1524 4500 4499
6882 4499 4500 4501
6883 1002 4390 4503
6884 1373 4502 4390
6885 1383 4503 4502
6886 4502 4503 4390
6887 1030 4505 4395
6888 1382 4504 4505
6889 1373 4395 4504
6890 4504 4395 4505
6891 1195 4508 4507
6892 1383 4506 4508
6893 1382 4507 4506
6894 4506 4507 4508
6895 1382 4506 4504
6896 1383 4502 4506
6897 1373 4504 4502
6898 4502 4504 4506
6899 774 3760 4047
6900 664 4348 3760
6901 1153 4047 4348
6902 4348 4047 3760
6903 1124 3310 3822
6904 1548 4509 3310
6905 1574 3822 4509
6906 4509 3822 3310
6907 808 2834 3308
6908 1503 4510 2834
6909 1548 3308 4510
6910 4510 3308 2834
6911 1133 3824 2839
6912 1574 4511 3824
6913 1503 2839 4511
6914 4511 2839 3824
6915 1503 4511 4510
6916 1574 4509 4511
6917 1548 4510 4509
6918 4509 4510 4511
6919 838 4383 4265
6920 754 2632 4383
6921 1167 4265 2632
6922 2632 4265 4383
6923 651 2268 4251
6924 806 4341 2268
6925 1058 4251 4341
6926 4341 4251 2268
6927 888 4447 2929
6928 673 3549 4447
6929 1119 2929 3549
6930 3549 2929 4447
6931 670 3867 4513
6932 973 4512 3867
6933 1063 4513 4512
6934 4512 4513 3867
6935 1042 2681 4515
6936 761 4514 2681
6937 1070 4515 4514
6938 4514 4515 2681
6939 957 2902 4114
6940 1509 4516 2902
6941 1605 4114 4516
6942 4516 4114 2902
6943 870 3083 2900
6944 1526 4517 3083
6945 1509 2900 4517
6946 4517 2900 3083
6947 1127 4116 3088
6948 1605 4518 4116
6949 1526 3088 4518
6950 4518 3088 4116
6951 1526 4518 4517
6952 1605 4516 4518
6953 1509 4517 4516
6954 4516 4517 4518
6955 664 4520 4346
6956 1136 4519 4520
6957 1172 4346 4519
6958 4519 4346 4520
6959 741 4521 1742
6960 818 4416 4521
6961 1096 1742 4416
6962 4416 1742 4521
6963 706 4264 4523
6964 1005 4522 4264
6965 1125 4523 4522
6966 4522 4523 4264
6967 970 3071 4524
6968 563 4181 3071
6969 1031 4524 4181
6970 4181 4524 3071
6971 865 3224 4060
6972 912 3328 3224
6973 1139 4060 3328
6974 3328 4060 3224
6975 1003 4453 4525
6976 741 4123 4453
6977 1160 4525 4123
6978 4123 4525 4453
6979 825 4196 4527
6980 1009 4526 4196
6981 1149 4527 4526
6982 4526 4527 4196
6983 658 3926 2382
6984 920 3048 3926
6985 1029 2382 3048
6986 3048 2382 3926
6987 884 3889 3963
6988 1582 4528 3889
6989 1591 3963 4528
6990 4528 3963 3889
6991 691 3820 3887
6992 1575 4529 3820
6993 1582 3887 4529
6994 4529 3887 3820
6995 1133 3965 3825
6996 1591 4530 3965
6997 1575 3825 4530
6998 4530 3825 3965
6999 1575 4530 4529
7000 1591 4528 4530
7001 1582 4529 4528
7002 4528 4529 4530
7003 1090 3678 4532
7004 673 4531 3678
7005 1174 4532 4531
7006 4531 4532 3678
7007 825 4534 4533
7008 959 4413 4534
7009 1121 4533 4413
7010 4413 4533 4534
7011 873 3023 3334
7012 710 1898 3023
7013 1094 3334 1898
7014 1898 3334 3023
7015 816 2404 3422
7016 1474 4535 2404
7017 1556 3422 4535
7018 4535 3422 2404
7019 987 4537 2409
7020 1634 4536 4537
7021 1474 2409 4536
7022 4536 2409 4537
7023 1110 3424 4539
7024 1556 4538 3424
7025 1634 4539 4538
7026 4538 4539 3424
7027 1634 4538 4536
7028 1556 4535 4538
7029 1474 4536 4535
7030 4535 4536 4538
7031 669 4541 4540
7032 1045 4385 4541
7033 1191 4540 4385
7034 4385 4540 4541
7035 1093 4543 4426
7036 629 4542 4543
7037 1172 4426 4542
7038 4542 4426 4543
7039 769 3519 4545
7040 1561 4544 3519
7041 1636 4545 4544
7042 4544 4545 3519
7043 966 4547 3522
7044 1635 4546 4547
7045 1561 3522 4546
7046 4546 3522 4547
7047 1105 4550 4549
7048 1636 4548 4550
7049 1635 4549 4548
7050 4548 4549 4550
7051 1635 4548 4546
7052 1636 4544 4548
7053 1561 4546 4544
7054 4544 4546 4548
7055 387 3746 4240
7056 1570 4551 3746
7057 1618 4240 4551
7058 4551 4240 3746
7059 981 4553 3753
7060 1637 4552 4553
7061 1570 3753 4552
7062 4552 3753 4553
7063 1165 4242 4555
7064 1618 4554 4242
7065 1637 4555 4554
7066 4554 4555 4242
7067 1637 4554 4552
7068 1618 4551 4554
7069 1570 4552 4551
7070 4551 4552 4554
7071 645 3409 4557
7072 1053 4556 3409
7073 1102 4557 4556
7074 4556 4557 3409
7075 642 4371 2753
7076 877 4558 4371
7077 1125 2753 4558
7078 4558 2753 4371
7079 804 3900 4559
7080 783 4425 3900
7081 976 4559 4425
7082 4425 4559 3900
7083 568 3072 4213
7084 970 4560 3072
7085 1036 4213 4560
7086 4560 4213 3072
7087 886 3172 4561
7088 645 4557 3172
7089 1102 4561 4557
7090 4557 4561 3172
7091 862 3288 3966
7092 1157 4324 3288
7093 1194 3966 4324
7094 4324 3966 3288
7095 1030 4563 4505
7096 1384 4562 4563
7097 1382 4505 4562
7098 4562 4505 4563
7099 662 2577 4565
7100 1271 4564 2577
7101 1384 4565 4564
7102 4564 4565 2577
7103 1195 4507 2584
7104 1382 4566 4507
7105 1271 2584 4566
7106 4566 2584 4507
7107 1271 4566 4564
7108 1382 4562 4566
7109 1384 4564 4562
7110 4562 4564 4566
7111 717 2120 2735
7112 1024 3815 2120
7113 1140 2735 3815
7114 3815 2735 2120
7115 824 4568 3698
7116 1639 4567 4568
7117 1567 3698 4567
7118 4567 3698 4568
7119 909 4571 4570
7120 1638 4569 4571
7121 1639 4570 4569
7122 4569 4570 4571
7123 1052 3700 4573
7124 1567 4572 3700
7125 1638 4573 4572
7126 4572 4573 3700
7127 1638 4572 4569
7128 1567 4567 4572
7129 1639 4569 4567
7130 4567 4569 4572
7131 657 3816 3723
7132 1024 4043 3816
7133 1035 3723 4043
7134 4043 3723 3816
7135 711 3123 2918
7136 1531 4574 3123
7137 1513 2918 4574
7138 4574 2918 3123
7139 787 2258 3121
7140 1464 4575 2258
7141 1531 3121 4575
7142 4575 3121 2258
7143 1189 2920 2263
7144 1513 4576 2920
7145 1464 2263 4576
7146 4576 2263 2920
7147 1464 4576 4575
7148 1513 4574 4576
7149 1531 4575 4574
7150 4574 4575 4576
7151 1006 4058 4578
7152 849 4577 4058
7153 1118 4578 4577
7154 4577 4578 4058
7155 670 4579 4357
7156 1089 3960 4579
7157 1138 4357 3960
7158 3960 4357 4579
7159 959 4534 4580
7160 825 4527 4534
7161 1149 4580 4527
7162 4527 4580 4534
7163 1084 2375 4581
7164 740 3130 2375
7165 1154 4581 3130
7166 3130 4581 2375
7167 800 4362 3411
7168 678 3925 4362
7169 994 3411 3925
7170 3925 3411 4362
7171 736 4583 4085
7172 836 4582 4583
7173 850 4085 4582
7174 4582 4085 4583
7175 709 3504 3728
7176 1059 4584 3504
7177 1144 3728 4584
7178 4584 3728 3504
7179 737 4586 2238
7180 1386 4585 4586
7181 1236 2238 4585
7182 4585 2238 4586
7183 1068 4589 4588
7184 1385 4587 4589
7185 1386 4588 4587
7186 4587 4588 4589
7187 1083 2240 4591
7188 1236 4590 2240
7189 1385 4591 4590
7190 4590 4591 2240
7191 1385 4590 4587
7192 1236 4585 4590
7193 1386 4587 4585
7194 4585 4587 4590
7195 523 2525 4105
7196 1266 4592 2525
7197 1359 4105 4592
7198 4592 4105 2525
7199 896 4594 2532
7200 1387 4593 4594
7201 1266 2532 4593
7202 4593 2532 4594
7203 998 4107 4596
7204 1359 4595 4107
7205 1387 4596 4595
7206 4595 4596 4107
7207 1387 4595 4593
7208 1359 4592 4595
7209 1266 4593 4592
7210 4592 4593 4595
7211 877 3958 4558
7212 706 4523 3958
7213 1125 4558 4523
7214 4523 4558 3958
7215 664 3759 4520
7216 882 4368 3759
7217 1136 4520 4368
7218 4368 4520 3759
7219 693 3081 2318
7220 669 4597 3081
7221 1022 2318 4597
7222 4597 2318 3081
7223 850 4582 4599
7224 836 4598 4582
7225 1102 4599 4598
7226 4598 4599 4582
7227 1093 4427 4600
7228 708 3739 4427
7229 1118 4600 3739
7230 3739 4600 4427
7231 970 4375 4560
7232 780 4601 4375
7233 1036 4560 4601
7234 4601 4560 4375
7235 860 2812 3791
7236 739 4602 2812
7237 954 3791 4602
7238 4602 3791 2812
7239 1075 3575 3656
7240 918 4603 3575
7241 1169 3656 4603
7242 4603 3656 3575
7243 1075 3658 4003
7244 636 3597 3658
7245 1192 4003 3597
7246 3597 4003 3658
7247 876 4424 4605
7248 720 4604 4424
7249 1156 4605 4604
7250 4604 4605 4424
7251 947 2592 4152
7252 1487 4606 2592
7253 1612 4152 4606
7254 4606 4152 2592
7255 851 4288 2590
7256 1623 4607 4288
7257 1487 2590 4607
7258 4607 2590 4288
7259 1112 4154 4293
7260 1612 4608 4154
7261 1623 4293 4608
7262 4608 4293 4154
7263 1623 4608 4607
7264 1612 4606 4608
7265 1487 4607 4606
7266 4606 4607 4608
7267 894 4319 3738
7268 1006 4578 4319
7269 1118 3738 4578
7270 4578 3738 4319
7271 1046 3233 4609
7272 667 3544 3233
7273 1190 4609 3544
7274 3544 4609 3233
7275 1076 4611 4610
7276 714 3275 4611
7277 1137 4610 3275
7278 3275 4610 4611
7279 832 4614 4613
7280 992 4612 4614
7281 1185 4613 4612
7282 4612 4613 4614
7283 718 4322 4616
7284 1000 4615 4322
7285 1116 4616 4615
7286 4615 4616 4322
7287 747 4055 3485
7288 1090 4532 4055
7289 1174 3485 4532
7290 4532 3485 4055
7291 980 2557 4361
7292 914 4617 2557
7293 1064 4361 4617
7294 4617 4361 2557
7295 798 4619 4618
7296 728 4004 4619
7297 1192 4618 4004
7298 4004 4618 4619
7299 663 2959 4621
7300 1298 4620 2959
7301 1388 4621 4620
7302 4620 4621 2959
7303 1014 4478 2964
7304 1380 4622 4478
7305 1298 2964 4622
7306 4622 2964 4478
7307 1083 4624 4481
7308 1388 4623 4624
7309 1380 4481 4623
7310 4623 4481 4624
7311 1380 4623 4622
7312 1388 4620 4623
7313 1298 4622 4620
7314 4620 4622 4623
7315 991 1815 3939
7316 647 1834 1815
7317 1087 3939 1834
7318 1834 3939 1815
7319 948 3806 4626
7320 792 4625 3806
7321 1188 4626 4625
7322 4625 4626 3806
7323 156 3968 4316
7324 992 4627 3968
7325 1123 4316 4627
7326 4627 4316 3968
7327 1053 3408 4403
7328 778 4325 3408
7329 1157 4403 4325
7330 4325 4403 3408
7331 853 4629 4259
7332 1389 4628 4629
7333 1363 4259 4628
7334 4628 4259 4629
7335 817 3093 4631
7336 1309 4630 3093
7337 1389 4631 4630
7338 4630 4631 3093
7339 1141 4261 3098
7340 1363 4632 4261
7341 1309 3098 4632
7342 4632 3098 4261
7343 1309 4632 4630
7344 1363 4628 4632
7345 1389 4630 4628
7346 4628 4630 4632
7347 771 4634 2463
7348 967 4633 4634
7349 1079 2463 4633
7350 4633 2463 4634
7351 632 3250 4635
7352 948 4626 3250
7353 1188 4635 4626
7354 4626 4635 3250
7355 978 3392 4399
7356 1553 4636 3392
7357 1627 4399 4636
7358 4636 4399 3392
7359 392 4236 3390
7360 1619 4637 4236
7361 1553 3390 4637
7362 4637 3390 4236
7363 1165 4401 4243
7364 1627 4638 4401
7365 1619 4243 4638
7366 4638 4243 4401
7367 1619 4638 4637
7368 1627 4636 4638
7369 1553 4637 4636
7370 4636 4637 4638
7371 1002 3324 4640
7372 1315 4639 3324
7373 1390 4640 4639
7374 4639 4640 3324
7375 743 4255 3322
7376 1364 4641 4255
7377 1315 3322 4641
7378 4641 3322 4255
7379 1141 4643 4262
7380 1390 4642 4643
7381 1364 4262 4642
7382 4642 4262 4643
7383 1364 4642 4641
7384 1390 4639 4642
7385 1315 4641 4639
7386 4639 4641 4642
7387 863 4271 1830
7388 750 3640 4271
7389 1171 1830 3640
7390 3640 1830 4271
7391 790 2780 3147
7392 1054 4150 2780
7393 1059 3147 4150
7394 4150 3147 2780
7395 946 4644 4086
7396 738 3778 4644
7397 1035 4086 3778
7398 3778 4086 4644
7399 784 4295 4359
7400 1042 4515 4295
7401 1070 4359 4515
7402 4515 4359 4295
7403 844 3879 3466
7404 1352 4645 3879
7405 1322 3466 4645
7406 4645 3466 3879
7407 767 2027 3877
7408 1223 4646 2027
7409 1352 3877 4646
7410 4646 3877 2027
7411 1184 3468 2034
7412 1322 4647 3468
7413 1223 2034 4647
7414 4647 2034 3468
7415 1223 4647 4646
7416 1322 4645 4647
7417 1352 4646 4645
7418 4645 4646 4647
7419 1059 4149 4584
7420 690 4072 4149
7421 1144 4584 4072
7422 4072 4584 4149
7423 1016 4296 4649
7424 1015 4648 4296
7425 1168 4649 4648
7426 4648 4649 4296
7427 989 3763 4080
7428 763 2270 3763
7429 1126 4080 2270
7430 2270 4080 3763
7431 898 3547 3786
7432 760 4650 3547
7433 1034 3786 4650
7434 4650 3786 3547
7435 699 3849 3664
7436 943 4651 3849
7437 1055 3664 4651
7438 4651 3664 3849
7439 990 3636 4653
7440 1336 4652 3636
7441 1391 4653 4652
7442 4652 4653 3636
7443 533 4299 3634
7444 1369 4654 4299
7445 1336 3634 4654
7446 4654 3634 4299
7447 999 4656 4306
7448 1391 4655 4656
7449 1369 4306 4655
7450 4655 4306 4656
7451 1369 4655 4654
7452 1391 4652 4655
7453 1336 4654 4652
7454 4652 4654 4655
7455 696 3708 4658
7456 1017 4657 3708
7457 1055 4658 4657
7458 4657 4658 3708
7459 760 3624 4650
7460 900 3800 3624
7461 1034 4650 3800
7462 3800 4650 3624
7463 762 4040 3187
7464 854 4659 4040
7465 1126 3187 4659
7466 4659 3187 4040
7467 731 3803 4661
7468 903 4660 3803
7469 1166 4661 4660
7470 4660 4661 3803
7471 827 4662 3396
7472 633 4169 4662
7473 1130 3396 4169
7474 4169 3396 4662
7475 864 4664 4663
7476 1095 4207 4664
7477 1152 4663 4207
7478 4207 4663 4664
7479 1347 3720 4665
7480 937 3347 3720
7481 1317 4665 3347
7482 3347 4665 3720
7483 631 2016 3345
7484 1106 4666 2016
7485 1317 3345 4666
7486 4666 3345 2016
7487 1106 3722 4666
7488 1347 4665 3722
7489 1317 4666 4665
7490 4665 4666 3722
7491 709 4059 3503
7492 1006 3918 4059
7493 1193 3503 3918
7494 3918 3503 4059
7495 893 4493 3954
7496 1633 4667 4493
7497 1589 3954 4667
7498 4667 3954 4493
7499 764 3135 4491
7500 1532 4668 3135
7501 1633 4491 4668
7502 4668 4491 3135
7503 1117 3956 3138
7504 1589 4669 3956
7505 1532 3138 4669
7506 4669 3138 3956
7507 1532 4669 4668
7508 1589 4667 4669
7509 1633 4668 4667
7510 4667 4668 4669
7511 964 2763 4211
7512 825 4533 2763
7513 1121 4211 4533
7514 4533 4211 2763
7515 909 2452 4571
7516 1477 4670 2452
7517 1638 4571 4670
7518 4670 4571 2452
7519 755 4221 2450
7520 1617 4671 4221
7521 1477 2450 4671
7522 4671 2450 4221
7523 1052 4573 4224
7524 1638 4672 4573
7525 1617 4224 4672
7526 4672 4224 4573
7527 1617 4672 4671
7528 1638 4670 4672
7529 1477 4671 4670
7530 4670 4671 4672
7531 1073 3625 4673
7532 629 4543 3625
7533 1093 4673 4543
7534 4543 4673 3625
7535 823 4676 4675
7536 1393 4674 4676
7537 1392 4675 4674
7538 4674 4675 4676
7539 734 3578 4678
7540 1332 4677 3578
7541 1393 4678 4677
7542 4677 4678 3578
7543 1146 4680 3581
7544 1392 4679 4680
7545 1332 3581 4679
7546 4679 3581 4680
7547 1332 4679 4677
7548 1392 4674 4679
7549 1393 4677 4674
7550 4674 4677 4679
7551 909 4570 4189
7552 1639 4681 4570
7553 1613 4189 4681
7554 4681 4189 4570
7555 824 3453 4568
7556 1560 4682 3453
7557 1639 4568 4682
7558 4682 4568 3453
7559 1135 4191 3458
7560 1613 4683 4191
7561 1560 3458 4683
7562 4683 3458 4191
7563 1560 4683 4682
7564 1613 4681 4683
7565 1639 4682 4681
7566 4681 4682 4683
7567 988 3893 4082
7568 588 4184 3893
7569 989 4082 4184
7570 4184 4082 3893
7571 733 1827 4685
7572 671 4684 1827
7573 1162 4685 4684
7574 4684 4685 1827
7575 639 2195 3813
7576 890 3331 2195
7577 1066 3813 3331
7578 3331 3813 2195
7579 807 3413 4687
7580 861 4686 3413
7581 1169 4687 4686
7582 4686 4687 3413
7583 992 4614 4627
7584 832 4688 4614
7585 1123 4627 4688
7586 4688 4627 4614
7587 1137 3274 2749
7588 864 4663 3274
7589 1152 2749 4663
7590 4663 2749 3274
7591 1099 4690 4689
7592 832 4613 4690
7593 1185 4689 4613
7594 4613 4689 4690
7595 1068 4071 4589
7596 1356 4691 4071
7597 1385 4589 4691
7598 4691 4589 4071
7599 663 4621 4068
7600 1388 4692 4621
7601 1356 4068 4692
7602 4692 4068 4621
7603 1083 4591 4624
7604 1385 4693 4591
7605 1388 4624 4693
7606 4693 4624 4591
7607 1388 4693 4692
7608 1385 4691 4693
7609 1356 4692 4691
7610 4691 4692 4693
7611 771 3484 4634
7612 915 4694 3484
7613 967 4634 4694
7614 4694 4634 3484
7615 812 4475 2976
7616 1632 4695 4475
7617 1518 2976 4695
7618 4695 2976 4475
7619 692 3858 4473
7620 1576 4696 3858
7621 1632 4473 4696
7622 4696 4473 3858
7623 1134 2978 3855
7624 1518 4697 2978
7625 1576 3855 4697
7626 4697 3855 2978
7627 1576 4697 4696
7628 1518 4695 4697
7629 1632 4696 4695
7630 4695 4696 4697
7631 1097 4444 4699
7632 1376 4698 4444
7633 1395 4699 4698
7634 4698 4699 4444
7635 777 4701 4442
7636 1394 4700 4701
7637 1376 4442 4700
7638 4700 4442 4701
7639 1129 4704 4703
7640 1395 4702 4704
7641 1394 4703 4702
7642 4702 4703 4704
7643 1394 4702 4700
7644 1395 4698 4702
7645 1376 4700 4698
7646 4698 4700 4702
7647 1068 4588 4706
7648 1386 4705 4588
7649 1397 4706 4705
7650 4705 4706 4588
7651 737 4708 4586
7652 1396 4707 4708
7653 1386 4586 4707
7654 4707 4586 4708
7655 1180 4711 4710
7656 1397 4709 4711
7657 1396 4710 4709
7658 4709 4710 4711
7659 1396 4709 4707
7660 1397 4705 4709
7661 1386 4707 4705
7662 4705 4707 4709
7663 933 4233 3481
7664 819 4712 4233
7665 1017 3481 4712
7666 4712 3481 4233
7667 982 3106 4714
7668 1527 4713 3106
7669 1640 4714 4713
7670 4713 4714 3106
7671 372 4468 3104
7672 1631 4715 4468
7673 1527 3104 4715
7674 4715 3104 4468
7675 1098 4717 4465
7676 1640 4716 4717
7677 1631 4465 4716
7678 4716 4465 4717
7679 1631 4716 4715
7680 1640 4713 4716
7681 1527 4715 4713
7682 4713 4715 4716
7683 959 4719 4160
7684 856 4718 4719
7685 1178 4160 4718
7686 4718 4160 4719
7687 799 2417 4720
7688 701 1668 2417
7689 1064 4720 1668
7690 1668 4720 2417
7691 686 4297 3405
7692 694 4721 4297
7693 867 3405 4721
7694 4721 3405 4297
7695 798 4267 4722
7696 951 4454 4267
7697 1003 4722 4454
7698 4454 4722 4267
7699 1188 4724 4723
7700 1021 4078 4724
7701 1357 4723 4078
7702 4078 4723 4724
7703 1188 4723 4635
7704 1357 4076 4723
7705 632 4635 4076
7706 4076 4635 4723
7707 738 4644 1900
7708 946 4034 4644
7709 1001 1900 4034
7710 4034 1900 4644
7711 801 1861 4725
7712 897 3793 1861
7713 1065 4725 3793
7714 3793 4725 1861
7715 835 2990 2783
7716 1011 4272 2990
7717 1061 2783 4272
7718 4272 2783 2990
7719 648 1903 3030
7720 881 3839 1903
7721 1147 3030 3839
7722 3839 3030 1903
7723 929 1711 4002
7724 801 4725 1711
7725 1065 4002 4725
7726 4725 4002 1711
7727 728 4619 4726
7728 798 4722 4619
7729 1003 4726 4722
7730 4722 4726 4619
7731 792 3260 4625
7732 855 4727 3260
7733 1188 4625 4727
7734 4727 4625 3260
7735 767 3876 2021
7736 1351 4728 3876
7737 1221 2021 4728
7738 4728 2021 3876
7739 911 4074 3881
7740 1358 4729 4074
7741 1351 3881 4729
7742 4729 3881 4074
7743 1021 2024 4079
7744 1221 4730 2024
7745 1358 4079 4730
7746 4730 4079 2024
7747 1358 4730 4729
7748 1221 4728 4730
7749 1351 4729 4728
7750 4728 4729 4730
7751 634 3397 4122
7752 1130 4731 3397
7753 1160 4122 4731
7754 4731 4122 3397
7755 981 3752 4010
7756 1569 4732 3752
7757 1601 4010 4732
7758 4732 4010 3752
7759 382 4308 3750
7760 1625 4733 4308
7761 1569 3750 4733
7762 4733 3750 4308
7763 1007 4012 4315
7764 1601 4734 4012
7765 1625 4315 4734
7766 4734 4315 4012
7767 1625 4734 4733
7768 1601 4732 4734
7769 1569 4733 4732
7770 4732 4733 4734
7771 690 4151 4109
7772 1054 4735 4151
7773 1186 4109 4735
7774 4735 4109 4151
7775 655 2892 2005
7776 925 3845 2892
7777 1173 2005 3845
7778 3845 2005 2892
7779 1000 1761 4615
7780 623 4088 1761
7781 1116 4615 4088
7782 4088 4615 1761
7783 737 4485 4708
7784 1381 4736 4485
7785 1396 4708 4736
7786 4736 4708 4485
7787 871 3052 4483
7788 1306 4737 3052
7789 1381 4483 4737
7790 4737 4483 3052
7791 1180 4710 3059
7792 1396 4738 4710
7793 1306 3059 4738
7794 4738 3059 4710
7795 1306 4738 4737
7796 1396 4736 4738
7797 1381 4737 4736
7798 4736 4737 4738
7799 823 4740 4353
7800 1399 4739 4740
7801 1372 4353 4739
7802 4739 4353 4740
7803 777 4743 4742
7804 1398 4741 4743
7805 1399 4742 4741
7806 4741 4742 4743
7807 938 4355 4745
7808 1372 4744 4355
7809 1398 4745 4744
7810 4744 4745 4355
7811 1398 4744 4741
7812 1372 4739 4744
7813 1399 4741 4739
7814 4739 4741 4744
7815 674 3289 3844
7816 1062 4746 3289
7817 1173 3844 4746
7818 4746 3844 3289
7819 761 4155 4748
7820 1112 4747 4155
7821 1641 4748 4747
7822 4747 4748 4155
7823 761 4748 4514
7824 1641 4749 4748
7825 1070 4514 4749
7826 4749 4514 4748
7827 1009 3358 4526
7828 726 4750 3358
7829 1149 4526 4750
7830 4750 4526 3358
7831 962 4751 4456
7832 766 2058 4751
7833 1100 4456 2058
7834 2058 4456 4751
7835 830 2184 4752
7836 728 4726 2184
7837 1003 4752 4726
7838 4726 4752 2184
7839 706 3478 4263
7840 832 4690 3478
7841 1099 4263 4690
7842 4690 4263 3478
7843 678 4363 2492
7844 798 4618 4363
7845 1192 2492 4618
7846 4618 2492 4363
7847 720 4418 4604
7848 1041 3602 4418
7849 1156 4604 3602
7850 3602 4604 4418
7851 1062 4129 4746
7852 724 2006 4129
7853 1173 4746 2006
7854 2006 4746 4129
7855 662 4565 2716
7856 1384 4753 4565
7857 1280 2716 4753
7858 4753 2716 4565
7859 1030 4755 4563
7860 1400 4754 4755
7861 1384 4563 4754
7862 4754 4563 4755
7863 1148 2718 4757
7864 1280 4756 2718
7865 1400 4757 4756
7866 4756 4757 2718
7867 1400 4756 4754
7868 1280 4753 4756
7869 1384 4754 4753
7870 4753 4754 4756
7871 777 4742 4759
7872 1399 4758 4742
7873 1401 4759 4758
7874 4758 4759 4742
7875 823 4675 4740
7876 1392 4760 4675
7877 1399 4740 4760
7878 4760 4740 4675
7879 1146 4762 4680
7880 1401 4761 4762
7881 1392 4680 4761
7882 4761 4680 4762
7883 1392 4761 4760
7884 1401 4758 4761
7885 1399 4760 4758
7886 4758 4760 4761
7887 739 4247 4602
7888 906 3885 4247
7889 954 4602 3885
7890 3885 4602 4247
7891 1037 3725 4763
7892 718 4616 3725
7893 1116 4763 4616
7894 4616 4763 3725
7895 619 3677 4230
7896 979 3140 3677
7897 1182 4230 3140
7898 3140 4230 3677
7899 835 3508 2988
7900 1046 4609 3508
7901 1190 2988 4609
7902 4609 2988 3508
7903 854 4764 4659
7904 988 4081 4764
7905 1126 4659 4081
7906 4081 4659 4764
7907 629 4253 4542
7908 1153 4347 4253
7909 1172 4542 4347
7910 4347 4542 4253
7911 967 2751 4633
7912 650 4765 2751
7913 1079 4633 4765
7914 4765 4633 2751
7915 712 3320 2769
7916 1316 4766 3320
7917 1282 2769 4766
7918 4766 2769 3320
7919 1002 4503 3325
7920 1383 4767 4503
7921 1316 3325 4767
7922 4767 3325 4503
7923 1195 2771 4508
7924 1282 4768 2771
7925 1383 4508 4768
7926 4768 4508 2771
7927 1383 4768 4767
7928 1282 4766 4768
7929 1316 4767 4766
7930 4766 4767 4768
7931 1027 2877 4147
7932 881 3199 2877
7933 1109 4147 3199
7934 3199 4147 2877
7935 1154 2736 4769
7936 876 4605 2736
7937 1156 4769 4605
7938 4605 4769 2736
7939 989 4183 3762
7940 583 4269 4183
7941 997 3762 4269
7942 4269 3762 4183
7943 906 4430 4232
7944 821 4770 4430
7945 1091 4232 4770
7946 4770 4232 4430
7947 1088 3949 4772
7948 1587 4771 3949
7949 1643 4772 4771
7950 4771 4772 3949
7951 769 4774 3947
7952 1642 4773 4774
7953 1587 3947 4773
7954 4773 3947 4774
7955 1108 4777 4776
7956 1643 4775 4777
7957 1642 4776 4775
7958 4775 4776 4777
7959 1642 4775 4773
7960 1643 4771 4775
7961 1587 4773 4771
7962 4771 4773 4775
7963 987 4779 4537
7964 1644 4778 4779
7965 1634 4537 4778
7966 4778 4537 4779
7967 666 3065 4781
7968 1523 4780 3065
7969 1644 4781 4780
7970 4780 4781 3065
7971 1110 4539 3070
7972 1634 4782 4539
7973 1523 3070 4782
7974 4782 3070 4539
7975 1523 4782 4780
7976 1634 4778 4782
7977 1644 4780 4778
7978 4778 4780 4782
7979 780 3117 4601
7980 907 3789 3117
7981 1036 4601 3789
7982 3789 4601 3117
7983 727 2682 4170
7984 1042 4294 2682
7985 1183 4170 4294
7986 4294 4170 2682
7987 742 4342 2378
7988 806 4026 4342
7989 1092 2378 4026
7990 4026 2378 4342
7991 955 3133 3927
7992 815 4176 3133
7993 974 3927 4176
7994 4176 3927 3133
7995 670 4513 4579
7996 1063 4783 4513
7997 1089 4579 4783
7998 4783 4579 4513
7999 914 4784 4617
8000 799 4720 4784
8001 1064 4617 4720
8002 4720 4617 4784
8003 1058 4340 3487
8004 742 4785 4340
8005 1131 3487 4785
8006 4785 3487 4340
8007 777 4787 4701
8008 1402 4786 4787
8009 1394 4701 4786
8010 4786 4701 4787
8011 679 2551 4789
8012 1269 4788 2551
8013 1402 4789 4788
8014 4788 4789 2551
8015 1129 4703 2556
8016 1394 4790 4703
8017 1269 2556 4790
8018 4790 2556 4703
8019 1269 4790 4788
8020 1394 4786 4790
8021 1402 4788 4786
8022 4786 4788 4790
8023 666 4781 2996
8024 1644 4791 4781
8025 1519 2996 4791
8026 4791 2996 4781
8027 987 3952 4779
8028 1590 4792 3952
8029 1644 4779 4792
8030 4792 4779 3952
8031 1117 2998 3957
8032 1519 4793 2998
8033 1590 3957 4793
8034 4793 3957 2998
8035 1590 4793 4792
8036 1519 4791 4793
8037 1644 4792 4791
8038 4791 4792 4793
8039 1017 4712 4657
8040 819 4320 4712
8041 1055 4657 4320
8042 4320 4657 4712
8043 758 2129 4794
8044 892 3830 2129
8045 1060 4794 3830
8046 3830 4794 2129
8047 950 4795 4167
8048 758 4794 4795
8049 1060 4167 4794
8050 4794 4167 4795
8051 856 4798 4797
8052 726 4796 4798
8053 1166 4797 4796
8054 4796 4797 4798
8055 982 4407 4462
8056 1629 4799 4407
8057 1630 4462 4799
8058 4799 4462 4407
8059 765 4008 4405
8060 1602 4800 4008
8061 1629 4405 4800
8062 4800 4405 4008
8063 1007 4464 4013
8064 1630 4801 4464
8065 1602 4013 4801
8066 4801 4013 4464
8067 1602 4801 4800
8068 1630 4799 4801
8069 1629 4800 4799
8070 4799 4800 4801
8071 679 4789 3019
8072 1402 4802 4789
8073 1300 3019 4802
8074 4802 3019 4789
8075 777 4759 4787
8076 1401 4803 4759
8077 1402 4787 4803
8078 4803 4787 4759
8079 1146 3021 4762
8080 1300 4804 3021
8081 1401 4762 4804
8082 4804 4762 3021
8083 1401 4804 4803
8084 1300 4802 4804
8085 1402 4803 4802
8086 4802 4803 4804
8087 818 4521 4083
8088 741 4455 4521
8089 951 4083 4455
8090 4455 4083 4521
8091 1167 2631 4497
8092 991 4409 2631
8093 1177 4497 4409
8094 4409 4497 2631
8095 856 4805 4718
8096 903 4050 4805
8097 1178 4718 4050
8098 4050 4718 4805
8099 913 3545 4332
8100 667 4498 3545
8101 1177 4332 4498
8102 4498 4332 3545
8103 830 4752 4806
8104 1003 4525 4752
8105 1160 4806 4525
8106 4525 4806 4752
8107 995 1938 3852
8108 660 2594 1938
8109 1040 3852 2594
8110 2594 3852 1938
8111 650 1915 4765
8112 1078 4807 1915
8113 1079 4765 4807
8114 4807 4765 1915
8115 538 3630 4335
8116 1337 4808 3630
8117 1371 4335 4808
8118 4808 4335 3630
8119 990 4449 3637
8120 1379 4809 4449
8121 1337 3637 4809
8122 4809 3637 4449
8123 1019 4338 4452
8124 1371 4810 4338
8125 1379 4452 4810
8126 4810 4452 4338
8127 1379 4810 4809
8128 1371 4808 4810
8129 1337 4809 4808
8130 4808 4809 4810
8131 943 4111 4651
8132 696 4658 4111
8133 1055 4651 4658
8134 4658 4651 4111
8135 726 4798 4750
8136 856 4811 4798
8137 1149 4750 4811
8138 4811 4750 4798
8139 886 1664 3997
8140 649 2973 1664
8141 1010 3997 2973
8142 2973 3997 1664
8143 769 4545 4774
8144 1636 4812 4545
8145 1642 4774 4812
8146 4812 4774 4545
8147 1105 4814 4550
8148 1645 4813 4814
8149 1636 4550 4813
8150 4813 4550 4814
8151 1108 4776 4816
8152 1642 4815 4776
8153 1645 4816 4815
8154 4815 4816 4776
8155 1645 4815 4813
8156 1642 4812 4815
8157 1636 4813 4812
8158 4812 4813 4815
8159 661 2412 3407
8160 659 2102 2412
8161 686 3407 2102
8162 2102 3407 2412
8163 827 4417 4818
8164 723 4817 4417
8165 1145 4818 4817
8166 4817 4818 4417
8167 852 3499 3505
8168 733 4819 3499
8169 1161 3505 4819
8170 4819 3505 3499
8171 1329 3554 4820
8172 939 4420 3554
8173 1375 4820 4420
8174 4420 4820 3554
8175 1142 3394 4821
8176 887 3556 3394
8177 1329 4821 3556
8178 3556 4821 3394
8179 1142 4821 4423
8180 1329 4820 4821
8181 1375 4423 4820
8182 4820 4423 4821
8183 861 2758 4686
8184 1047 4334 2758
8185 1169 4686 4334
8186 4334 4686 2758
8187 817 4631 3715
8188 1389 4822 4631
8189 1345 3715 4822
8190 4822 3715 4631
8191 853 3755 4629
8192 1348 4823 3755
8193 1389 4629 4823
8194 4823 4629 3755
8195 1032 3717 3758
8196 1345 4824 3717
8197 1348 3758 4824
8198 4824 3758 3717
8199 1348 4824 4823
8200 1345 4822 4824
8201 1389 4823 4822
8202 4822 4823 4824
8203 856 4719 4811
8204 959 4580 4719
8205 1149 4811 4580
8206 4580 4811 4719
8207 836 1665 4598
8208 886 4561 1665
8209 1102 4598 4561
8210 4561 4598 1665
8211 633 4662 4349
8212 827 4818 4662
8213 1145 4349 4818
8214 4818 4349 4662
8215 669 3433 4541
8216 652 3773 3433
8217 1045 4541 3773
8218 3773 4541 3433
8219 673 4446 4531
8220 1150 4434 4446
8221 1174 4531 4434
8222 4434 4531 4446
8223 1113 3665 4825
8224 616 3929 3665
8225 1151 4825 3929
8226 3929 4825 3665
8227 1155 4827 4826
8228 731 4661 4827
8229 1166 4826 4661
8230 4661 4826 4827
8231 699 4828 3850
8232 846 3179 4828
8233 926 3850 3179
8234 3179 3850 4828
8235 528 4101 4303
8236 1360 4829 4101
8237 1368 4303 4829
8238 4829 4303 4101
8239 998 4831 4108
8240 1403 4830 4831
8241 1360 4108 4830
8242 4830 4108 4831
8243 999 4305 4833
8244 1368 4832 4305
8245 1403 4833 4832
8246 4832 4833 4305
8247 1403 4832 4830
8248 1368 4829 4832
8249 1360 4830 4829
8250 4829 4830 4832
8251 723 3114 4817
8252 1028 4350 3114
8253 1145 4817 4350
8254 4350 4817 3114
8255 654 4835 4834
8256 1084 4581 4835
8257 1154 4834 4581
8258 4581 4834 4835
8259 781 4174 3826
8260 779 4836 4174
8261 1082 3826 4836
8262 4836 3826 4174
8263 697 4131 4290
8264 1608 4837 4131
8265 1622 4290 4837
8266 4837 4290 4131
8267 1070 4749 4136
8268 1641 4838 4749
8269 1608 4136 4838
8270 4838 4136 4749
8271 1112 4292 4747
8272 1622 4839 4292
8273 1641 4747 4839
8274 4839 4747 4292
8275 1641 4839 4838
8276 1622 4837 4839
8277 1608 4838 4837
8278 4837 4838 4839
8279 766 4751 2560
8280 962 4033 4751
8281 1085 2560 4033
8282 4033 2560 4751
8283 791 2699 4840
8284 958 4173 2699
8285 1095 4840 4173
8286 4173 4840 2699
8287 726 3266 4796
8288 1155 4826 3266
8289 1166 4796 4826
8290 4826 4796 3266
8291 778 2706 4323
8292 1084 4841 2706
8293 1194 4323 4841
8294 4841 4323 2706
8295 998 4843 4831
8296 1405 4842 4843
8297 1403 4831 4842
8298 4842 4831 4843
8299 857 4846 4845
8300 1404 4844 4846
8301 1405 4845 4844
8302 4844 4845 4846
8303 999 4833 4848
8304 1403 4847 4833
8305 1404 4848 4847
8306 4847 4848 4833
8307 1404 4847 4844
8308 1403 4842 4847
8309 1405 4844 4842
8310 4842 4844 4847
8311 799 4784 4849
8312 914 3805 4784
8313 965 4849 3805
8314 3805 4849 4784
8315 1084 4835 4841
8316 654 2857 4835
8317 1194 4841 2857
8318 2857 4841 4835
8319 1067 4436 3775
8320 707 3376 4436
8321 1132 3775 3376
8322 3376 3775 4436
8323 790 4177 3731
8324 1113 4825 4177
8325 1151 3731 4825
8326 4825 3731 4177
8327 749 4415 4252
8328 805 4048 4415
8329 1153 4252 4048
8330 4048 4252 4415
8331 821 3744 4770
8332 934 4159 3744
8333 1091 4770 4159
8334 4159 4770 3744
8335 799 4849 2757
8336 965 3326 4849
8337 1047 2757 3326
8338 3326 2757 4849
8339 864 3398 4664
8340 791 4840 3398
8341 1095 4664 4840
8342 4840 4664 3398
8343 734 4678 3644
8344 1393 4850 4678
8345 1339 3644 4850
8346 4850 3644 4678
8347 823 3026 4676
8348 1302 4851 3026
8349 1393 4676 4851
8350 4851 4676 3026
8351 983 3646 3029
8352 1339 4852 3646
8353 1302 3029 4852
8354 4852 3029 3646
8355 1302 4852 4851
8356 1339 4850 4852
8357 1393 4851 4850
8358 4850 4851 4852
8359 992 4339 4612
8360 934 3743 4339
8361 1185 4612 3743
8362 3743 4612 4339
8363 919 4373 3899
8364 811 4853 4373
8365 1057 3899 4853
8366 4853 3899 4373
8367 367 3842 4467
8368 1082 4854 3842
8369 1098 4467 4854
8370 4854 4467 3842
8371 849 4855 4577
8372 1093 4600 4855
8373 1118 4577 4600
8374 4600 4577 4855
8375 923 4379 2125
8376 922 4856 4379
8377 1076 2125 4856
8378 4856 2125 4379
8379 903 4805 4660
8380 856 4797 4805
8381 1166 4660 4797
8382 4797 4660 4805
8383 988 4764 4384
8384 854 4857 4764
8385 1164 4384 4857
8386 4857 4384 4764
8387 725 3734 4858
8388 1068 4706 3734
8389 1397 4858 4706
8390 4706 4858 3734
8391 725 4858 3075
8392 1397 4711 4858
8393 1180 3075 4711
8394 4711 3075 4858
8395 1012 1723 4285
8396 638 2825 1723
8397 1018 4285 2825
8398 2825 4285 1723
8399 842 4860 4859
8400 950 4344 4860
8401 1143 4859 4344
8402 4344 4859 4860
8403 776 4429 4451
8404 941 4062 4429
8405 1019 4451 4062
8406 4062 4451 4429
8407 998 4596 4862
8408 1387 4861 4596
8409 1406 4862 4861
8410 4861 4862 4596
8411 896 4438 4594
8412 1377 4863 4438
8413 1387 4594 4863
8414 4863 4594 4438
8415 1097 4865 4445
8416 1406 4864 4865
8417 1377 4445 4864
8418 4864 4445 4865
8419 1377 4864 4863
8420 1406 4861 4864
8421 1387 4863 4861
8422 4861 4863 4864
8423 973 4866 4512
8424 797 1907 4866
8425 1063 4512 1907
8426 1907 4512 4866
8427 1030 4019 4755
8428 1354 4867 4019
8429 1400 4755 4867
8430 4867 4755 4019
8431 809 2923 4017
8432 1293 4868 2923
8433 1354 4017 4868
8434 4868 4017 2923
8435 1148 4757 2926
8436 1400 4869 4757
8437 1293 2926 4869
8438 4869 2926 4757
8439 1293 4869 4868
8440 1400 4867 4869
8441 1354 4868 4867
8442 4867 4868 4869
8443 1136 4870 4519
8444 921 3703 4870
8445 1172 4519 3703
8446 3703 4519 4870
8447 832 3477 4688
8448 953 4360 3477
8449 1123 4688 4360
8450 4360 4688 3477
8451 953 3497 4414
8452 842 4859 3497
8453 1143 4414 4859
8454 4859 4414 3497
8455 918 2230 4603
8456 807 4687 2230
8457 1169 4603 4687
8458 4687 4603 2230
8459 1015 3261 4648
8460 687 4046 3261
8461 1168 4648 4046
8462 4046 4648 3261
8463 1054 3474 4735
8464 614 3529 3474
8465 1186 4735 3529
8466 3529 4735 3474
8467 1063 2267 4783
8468 651 4014 2267
8469 1089 4783 4014
8470 4014 4783 2267
8471 758 4795 3225
8472 950 4871 4795
8473 1176 3225 4871
8474 4871 3225 4795
8475 797 4866 3670
8476 973 4331 4866
8477 1086 3670 4331
8478 4331 3670 4866
8479 985 3851 4248
8480 628 3610 3851
8481 1179 4248 3610
8482 3610 4248 3851
8483 705 4031 4470
8484 1099 4689 4031
8485 1185 4470 4689
8486 4689 4470 4031
8487 722 2132 1705
8488 841 4025 2132
8489 1080 1705 4025
8490 4025 1705 2132
8491 1161 4819 4872
8492 733 4685 4819
8493 1162 4872 4685
8494 4685 4872 4819
8495 630 4234 4873
8496 933 3574 4234
8497 1131 4873 3574
8498 3574 4873 4234
8499 857 4845 4875
8500 1405 4874 4845
8501 1407 4875 4874
8502 4874 4875 4845
8503 998 4862 4843
8504 1406 4876 4862
8505 1405 4843 4876
8506 4876 4843 4862
8507 1097 4878 4865
8508 1407 4877 4878
8509 1406 4865 4877
8510 4877 4865 4878
8511 1406 4877 4876
8512 1407 4874 4877
8513 1405 4876 4874
8514 4874 4876 4877
8515 966 3195 4547
8516 1539 4879 3195
8517 1635 4547 4879
8518 4879 4547 3195
8519 813 3208 3193
8520 1544 4880 3208
8521 1539 3193 4880
8522 4880 3193 3208
8523 1105 4549 3213
8524 1635 4881 4549
8525 1544 3213 4881
8526 4881 3213 4549
8527 1544 4881 4880
8528 1635 4879 4881
8529 1539 4880 4879
8530 4879 4880 4881
8531 777 4441 4743
8532 1378 4882 4441
8533 1398 4743 4882
8534 4882 4743 4441
8535 896 4064 4439
8536 1355 4883 4064
8537 1378 4439 4883
8538 4883 4439 4064
8539 938 4745 4067
8540 1398 4884 4745
8541 1355 4067 4884
8542 4884 4067 4745
8543 1355 4884 4883
8544 1398 4882 4884
8545 1378 4883 4882
8546 4882 4883 4884
8547 106 3971 2501
8548 1593 4885 3971
8549 1483 2501 4885
8550 4885 2501 3971
8551 1088 4772 3978
8552 1643 4886 4772
8553 1593 3978 4886
8554 4886 3978 4772
8555 1108 2503 4777
8556 1483 4887 2503
8557 1643 4777 4887
8558 4887 4777 2503
8559 1643 4887 4886
8560 1483 4885 4887
8561 1593 4886 4885
8562 4885 4886 4887
8563 794 2815 3709
8564 1016 4649 2815
8565 1168 3709 4649
8566 4649 3709 2815
8567 978 2204 4282
8568 1457 4888 2204
8569 1621 4282 4888
8570 4888 4282 2204
8571 869 2322 2202
8572 1468 4889 2322
8573 1457 2202 4889
8574 4889 2202 2322
8575 1120 4284 2327
8576 1621 4890 4284
8577 1468 2327 4890
8578 4890 2327 4284
8579 1468 4890 4889
8580 1621 4888 4890
8581 1457 4889 4888
8582 4888 4889 4890
8583 950 4860 4871
8584 842 3363 4860
8585 1176 4871 3363
8586 3363 4871 4860
8587 681 4393 3095
8588 1374 4891 4393
8589 1308 3095 4891
8590 4891 3095 4393
8591 1002 4640 4391
8592 1390 4892 4640
8593 1374 4391 4892
8594 4892 4391 4640
8595 1141 3097 4643
8596 1308 4893 3097
8597 1390 4643 4893
8598 4893 4643 3097
8599 1390 4893 4892
8600 1308 4891 4893
8601 1374 4892 4891
8602 4891 4892 4893
8603 622 3399 4087
8604 1037 4763 3399
8605 1116 4087 4763
8606 4763 4087 3399
8607 981 2161 4553
8608 1450 4894 2161
8609 1637 4553 4894
8610 4894 4553 2161
8611 787 4397 2159
8612 1628 4895 4397
8613 1450 2159 4895
8614 4895 2159 4397
8615 1165 4555 4402
8616 1637 4896 4555
8617 1628 4402 4896
8618 4896 4402 4555
8619 1628 4896 4895
8620 1637 4894 4896
8621 1450 4895 4894
8622 4894 4895 4896
8623 1162 4684 3594
8624 671 3009 4684
8625 1163 3594 3009
8626 3009 3594 4684
8627 654 4834 4041
8628 1154 4769 4834
8629 1156 4041 4769
8630 4769 4041 4834
8631 1005 2822 4522
8632 795 2754 2822
8633 1125 4522 2754
8634 2754 4522 2822
8635 849 1874 4855
8636 1073 4673 1874
8637 1093 4855 4673
8638 4673 4855 1874
8639 855 2025 4727
8640 1021 4724 2025
8641 1188 4727 4724
8642 4724 4727 2025
8643 1105 3892 4814
8644 1581 4897 3892
8645 1645 4814 4897
8646 4897 4814 3892
8647 884 2499 3890
8648 1484 4898 2499
8649 1581 3890 4898
8650 4898 3890 2499
8651 1108 4816 2504
8652 1645 4899 4816
8653 1484 2504 4899
8654 4899 2504 4816
8655 1484 4899 4898
8656 1645 4897 4899
8657 1581 4898 4897
8658 4897 4898 4899
8659 967 4694 3853
8660 915 2379 4694
8661 1092 3853 2379
8662 2379 3853 4694
8663 1022 4597 2454
8664 669 4540 4597
8665 1191 2454 4540
8666 4540 2454 4597
8667 804 4559 2122
8668 976 4378 4559
8669 1013 2122 4378
8670 4378 2122 4559
8671 854 4039 4857
8672 930 4057 4039
8673 1164 4857 4057
8674 4057 4857 4039
8675 1078 3337 4807
8676 800 3410 3337
8677 1079 4807 3410
8678 3410 4807 3337
8679 786 4376 4900
8680 970 4524 4376
8681 1031 4900 4524
8682 4524 4900 4376
8683 949 4404 4471
8684 786 4900 4404
8685 1031 4471 4900
8686 4900 4471 4404
8687 1045 3772 4435
8688 868 4244 3772
8689 1086 4435 4244
8690 4244 4435 3772
8691 882 2711 3596
8692 1161 4872 2711
8693 1162 3596 4872
8694 4872 3596 2711
8695 1053 3445 4556
8696 850 4599 3445
8697 1102 4556 4599
8698 4599 4556 3445
8699 682 1804 4902
8700 1206 4901 1804
8701 1408 4902 4901
8702 4901 4902 1804
8703 857 4875 1811
8704 1407 4903 4875
8705 1206 1811 4903
8706 4903 1811 4875
8707 1097 4905 4878
8708 1408 4904 4905
8709 1407 4878 4904
8710 4904 4878 4905
8711 1407 4904 4903
8712 1408 4901 4904
8713 1206 4903 4901
8714 4901 4903 4904
8715 1130 4168 4731
8716 830 4806 4168
8717 1160 4731 4806
8718 4806 4731 4168
8719 857 3366 4846
8720 1320 4906 3366
8721 1404 4846 4906
8722 4906 4846 3366
8723 990 4653 3371
8724 1391 4907 4653
8725 1320 3371 4907
8726 4907 3371 4653
8727 999 4848 4656
8728 1404 4908 4848
8729 1391 4656 4908
8730 4908 4656 4848
8731 1391 4908 4907
8732 1404 4906 4908
8733 1320 4907 4906
8734 4906 4907 4908
8735 682 4902 3513
8736 1408 4909 4902
8737 1323 3513 4909
8738 4909 3513 4902
8739 1097 4699 4905
8740 1395 4910 4699
8741 1408 4905 4910
8742 4910 4905 4699
8743 1129 3515 4704
8744 1323 4911 3515
8745 1395 4704 4911
8746 4911 4704 3515
8747 1395 4911 4910
8748 1323 4909 4911
8749 1408 4910 4909
8750 4909 4910 4911
8751 779 4408 4912
8752 982 4714 4408
8753 1640 4912 4714
8754 4714 4912 4408
8755 779 4912 4913
8756 1640 4717 4912
8757 1098 4913 4717
8758 4717 4913 4912
8759 1082 4836 4854
8760 779 4913 4836
8761 1098 4854 4913
8762 4913 4854 4836
8763 292 4915 4914
8764 287 3426 4915
8765 1057 4914 3426
8766 3426 4914 4915
8767 297 4918 4917
8768 292 4916 4918
8769 1187 4917 4916
8770 4916 4917 4918
8771 811 4919 4853
8772 292 4914 4919
8773 1057 4853 4914
8774 4914 4853 4919
8775 292 4919 4916
8776 811 3127 4919
8777 1187 4916 3127
8778 3127 4916 4919
8779 302 4921 4920
8780 297 4917 4921
8781 1187 4920 4917
8782 4917 4920 4921
8783 307 4923 4922
8784 302 4920 4923
8785 1187 4922 4920
8786 4920 4922 4923
8787 312 4926 4925
8788 307 4924 4926
8789 684 4925 4924
8790 4924 4925 4926
8791 684 4924 1670
8792 307 4922 4924
8793 1187 1670 4922
8794 4922 1670 4924
8795 317 4929 4928
8796 312 4927 4929
8797 867 4928 4927
8798 4927 4928 4929
8799 312 4925 4927
8800 684 4374 4925
8801 867 4927 4374
8802 4374 4927 4925
8803 322 4931 4930
8804 317 4928 4931
8805 867 4930 4928
8806 4928 4930 4931
8807 327 4933 4932
8808 322 4930 4933
8809 867 4932 4930
8810 4930 4932 4933
8811 332 4935 4934
8812 327 4932 4935
8813 867 4934 4932
8814 4932 4934 4935
8815 337 4937 4936
8816 332 4934 4937
8817 867 4936 4934
8818 4934 4936 4937
8819 342 4940 4939
8820 337 4938 4940
8821 694 4939 4938
8822 4938 4939 4940
8823 694 4938 4721
8824 337 4936 4938
8825 867 4721 4936
8826 4936 4721 4938
8827 347 4942 4941
8828 342 4939 4942
8829 694 4941 4939
8830 4939 4941 4942
8831 352 4945 4944
8832 347 4943 4945
8833 781 4944 4943
8834 4943 4944 4945
8835 347 4941 4943
8836 694 3808 4941
8837 781 4943 3808
8838 3808 4943 4941
8839 357 4946 3828
8840 352 4944 4946
8841 781 3828 4944
8842 4944 3828 4946
8843 362 4947 3841
8844 357 3827 4947
8845 1082 3841 3827
8846 3827 3841 4947
8847 923 2127 3290
8848 403 2072 2127
8849 930 3290 2072
8850 2072 3290 2127
8851 403 2126 1812
8852 1076 4610 2126
8853 1137 1812 4610
8854 4610 1812 2126
8855 921 4949 4948
8856 624 2558 4949
8857 980 4948 2558
8858 2558 4948 4949
8859 624 4949 4367
8860 921 4870 4949
8861 1136 4367 4870
8862 4870 4367 4949
8863 742 1767 4785
8864 630 4873 1767
8865 1131 4785 4873
8866 4873 4785 1767
8867 752 4951 4950
8868 640 2179 4951
8869 803 4950 2179
8870 2179 4950 4951
8871 640 4951 4952
8872 752 4495 4951
8873 846 4952 4495
8874 4495 4952 4951
8875 805 2177 3169
8876 640 2896 2177
8877 820 3169 2896
8878 2896 3169 2177
8879 640 4952 2895
8880 846 4953 4952
8881 1104 2895 4953
8882 4953 2895 4952
8883 649 4955 2414
8884 643 4954 4955
8885 659 2414 4954
8886 4954 2414 4955
8887 643 4955 4956
8888 649 1666 4955
8889 836 4956 1666
8890 1666 4956 4955
8891 643 1916 4954
8892 650 3231 1916
8893 659 4954 3231
8894 3231 4954 1916
8895 736 2701 4583
8896 643 4956 2701
8897 836 4583 4956
8898 4956 4583 2701
8899 652 3232 3774
8900 650 2752 3232
8901 868 3774 2752
8902 2752 3774 3232
8903 656 4124 2313
8904 752 4950 4124
8905 803 2313 4950
8906 4950 2313 4124
8907 920 1912 1926
8908 668 2795 1912
8909 942 1926 2795
8910 2795 1926 1912
8911 675 3771 3282
8912 735 4125 3771
8913 924 3282 4125
8914 4125 3282 3771
8915 675 3283 3653
8916 753 4957 3283
8917 1013 3653 4957
8918 4957 3653 3283
8919 680 1780 4036
8920 698 4370 1780
8921 775 4036 4370
8922 4370 4036 1780
8923 683 2150 1950
8924 731 4827 2150
8925 1155 1950 4827
8926 4827 1950 2150
8927 693 2320 4958
8928 692 3782 2320
8929 1573 4958 3782
8930 3782 4958 2320
8931 693 4958 4179
8932 1573 3780 4958
8933 765 4179 3780
8934 3780 4179 4958
8935 846 4828 4953
8936 699 3663 4828
8937 1104 4953 3663
8938 3663 4953 4828
8939 762 3188 3292
8940 703 2739 3188
8941 923 3292 2739
8942 2739 3292 3188
8943 708 3704 2136
8944 921 4948 3704
8945 980 2136 4948
8946 4948 2136 3704
8947 922 2630 4856
8948 714 4611 2630
8949 1076 4856 4611
8950 4611 4856 2630
8951 753 4496 4957
8952 752 2123 4496
8953 1013 4957 2123
8954 2123 4957 4496
$EndElements
